post_id,row_idx,utility_id,year,language,source_url,task_a_id,task_a_gold,task_b_id,task_b_gold,task_b1_gold
482407545146552,0,U04,2013,Norwegian,https://www.facebook.com/photo/?fbid=482407545146552&set=a.485581470263619,A7,Routine / institutional / customer service / other,B6,Institutional promotion / community news,Institutional / community communication
1338919832798326,1,U03,2016,Portuguese,https://www.facebook.com/photo/?fbid=1338919832798326&set=a.636558505181850,A7,Routine / institutional / customer service / other,B6,Institutional promotion / community news,Institutional / community communication
1293598662785386,2,U02,2025,German,https://www.facebook.com/reel/1399660531518746/,A7,Routine / institutional / customer service / other,B6,Institutional promotion / community news,Institutional / community communication
1282777398465618,3,U01,2017,Finnish,https://www.facebook.com/helsinginseudunymparistopalvelut/posts/1282777398465618,A2,Service disruption / repair / infrastructure,B1,Alert / warning,Risk / incident communication
5304355719588031,4,U03,2022,Portuguese,https://www.facebook.com/EPALaguaslivres/posts/pfbid02SgrqSjt6smvoyPjJ3TPsk6JfBY52qS7qPTKexqLBtNfU5c7EEtVQMjcduaoDFgnml,A5,Environmental sustainability / waste / recycling / biodiversity,B6,Institutional promotion / community news,Institutional / community communication
4592128484144095,5,U03,2021,Portuguese,https://www.facebook.com/EPALaguaslivres/posts/pfbid0nCPQ9obB9Ssvw5QApx2MUgJBAgDX4CqSt99ZpFSmnWm1NcWNMVjzmsuVLQdqQRPQl,A5,Environmental sustainability / waste / recycling / biodiversity,B5,Education / awareness,Education / awareness
10154918075966714,6,U10,2017,Swedish,https://www.facebook.com/stockholmvattenochavfall/posts/pfbid0Fuk1jtgJKdsBKhmXKtrxiV8M4UbgR8i27h1fmBTSvxMtsneWLQhPCb9632YvSfeWl,A5,Environmental sustainability / waste / recycling / biodiversity,B2,Instruction / advice to public,Risk / incident communication
678659650964865,7,U01,2023,Finnish,https://www.facebook.com/helsinginseudunymparistopalvelut/posts/pfbid0Z5JTPQqoLVDY7VxVn2TLWeocnrEHaib3DTVcKxn1JXwY16mEDh3FZMLk3pAGQfDRl,A6,Public education / heritage / community engagement,B5,Education / awareness,Education / awareness
1278805085592660,8,U05,2018,German,https://www.facebook.com/wasserbetriebe/posts/pfbid0WXKf82pHEg36KdZcUaRrou2RSbYhKmoBdx1XfxHJ3URUPPpN9C38dhnPLtqmsEWgl,A6,Public education / heritage / community engagement,B6,Institutional promotion / community news,Institutional / community communication
3944459945577622,9,U03,2021,Portuguese,https://www.facebook.com/EPALaguaslivres/posts/pfbid0KhFjBFhJLriCAA6vinvMDRbByXsN678caGH9sydfRtDTcW8nQJhBUcRdy6U8u7tZl,A7,Routine / institutional / customer service / other,B6,Institutional promotion / community news,Institutional / community communication
210811714384314,10,U12,2021,Finnish,https://www.facebook.com/turunvesihuolto/posts/pfbid031rADTAAAEKxsyVCyyyY6yCc2MJQsPRCB5kHcvp7eJMsFmXYW9xXMhXmVg21vU4e8l,A7,Routine / institutional / customer service / other,B5,Education / awareness,Education / awareness
861414077215573,11,U03,2014,Portuguese,https://www.facebook.com/EPALaguaslivres/posts/pfbid0a6pb1sAyJHefQUjW2fcJP6bpda2GErvKXMAZBZqQiPrHLJ1MAoXgYLSCK11tyoawl,A7,Routine / institutional / customer service / other,B6,Institutional promotion / community news,Institutional / community communication
1597138153696206,12,U01,2018,Finnish,https://www.facebook.com/helsinginseudunymparistopalvelut/posts/pfbid02SurdS6LPC3QmGkdFs8BmEkFvJD45KyiEdSbYfXvcca97aCgC7dnhikURu6UQamaXl,A4,Flood / stormwater / wastewater / sewer,B2,Instruction / advice to public,Risk / incident communication
797809066939730,13,U04,2015,Norwegian,https://www.facebook.com/Oslovann/posts/797809066939730,A7,Routine / institutional / customer service / other,B5,Education / awareness,Education / awareness
4372101296146816,14,U03,2021,Portuguese,https://www.facebook.com/EPALaguaslivres/posts/pfbid02py2vnhuVLsQodjSp3NecuKXsYwcKXyvTGykmkXgiWCfsCeZxdrk94phBXnW2qHerl,A5,Environmental sustainability / waste / recycling / biodiversity,B2,Instruction / advice to public,Risk / incident communication
703555673054463,15,U01,2014,Finnish,https://www.facebook.com/helsinginseudunymparistopalvelut/posts/703555673054463,A7,Routine / institutional / customer service / other,B6,Institutional promotion / community news,Institutional / community communication
2477616312292322,16,U04,2019,Norwegian,https://www.facebook.com/Oslovann/posts/pfbid02MLA5N9fHfYCqn4jV2uAHBiUjhaHZJVYGZMb5j6xBwoqUxCXgoyNbTL9k4HKKS9wGl,A7,Routine / institutional / customer service / other,B6,Institutional promotion / community news,Institutional / community communication
865006189142314,17,U11,2024,Finnish,https://www.facebook.com/tampereenvesi/posts/pfbid0XhrhMQaCeoGG9P5jQyaJCoHq8uVGZMDS15Py7tBSv5WjNCZnTR3ne9Y6bZzVs8tl,A4,Flood / stormwater / wastewater / sewer,B2,Instruction / advice to public,Risk / incident communication
792192959613077,18,U05,2024,German,https://www.facebook.com/wasserbetriebe/posts/pfbid0pbdVECsppKtPRRr4ZJxQao7SiGWdCjB7ER3qFchzorEmmDWjrZJRnK5eoS6uhkbul,A4,Flood / stormwater / wastewater / sewer,B5,Education / awareness,Education / awareness
2487479011275730,19,U03,2019,Portuguese,https://www.facebook.com/EPALaguaslivres/posts/pfbid02okvQTq1HAuf8HVJFmPLHcbrK8SRRsBeiJg5UYCYQTcBEQuZeCiU2gNKWhHLeH7Xul,A4,Flood / stormwater / wastewater / sewer,B6,Institutional promotion / community news,Institutional / community communication
4674139019276374,20,U03,2021,Portuguese,https://www.facebook.com/EPALaguaslivres/posts/pfbid017ZyfKyHCAvo5v7qPFKLXUYvecCFi9p69yBaY1JV1aTkrNvG3szpZLecXrqswxpDl,A5,Environmental sustainability / waste / recycling / biodiversity,B5,Education / awareness,Education / awareness
826414180715563,21,U03,2014,Portuguese,https://www.facebook.com/photo/?fbid=826414180715563&set=a.636558505181850,A6,Public education / heritage / community engagement,B6,Institutional promotion / community news,Institutional / community communication
264149229050562,22,U12,2021,Finnish,https://www.facebook.com/turunvesihuolto/posts/pfbid0388p3CdaYDecPq7F7ccEs79cJwXxzYERe5e2faHsLcb6dDN8zNBqX8TrieKvdUcAwl,A6,Public education / heritage / community engagement,B5,Education / awareness,Education / awareness
298015120225602,23,U03,2011,Portuguese,https://www.facebook.com/EPALaguaslivres/posts/298015120225602,A6,Public education / heritage / community engagement,B6,Institutional promotion / community news,Institutional / community communication
779591432064505,24,U03,2014,Portuguese,https://www.facebook.com/photo/?fbid=779591432064505&set=a.636558505181850,A6,Public education / heritage / community engagement,B6,Institutional promotion / community news,Institutional / community communication
10159741726999268,25,U08,2021,French,https://www.facebook.com/photo/?fbid=10159741726999268&set=a.643560364467965,A2,Service disruption / repair / infrastructure,B1,Alert / warning,Risk / incident communication
810239082449265,26,U05,2016,German,https://www.facebook.com/wasserbetriebe/posts/810239082449265,A7,Routine / institutional / customer service / other,B7,Other / unclear,Other / unclear
629426403800724,27,U01,2014,Finnish,https://www.facebook.com/photo/?fbid=629426403800724&set=a.476477601183072,A7,Routine / institutional / customer service / other,B7,Other / unclear,Other / unclear
6149049771785284,28,U03,2023,Portuguese,https://www.facebook.com/EPALaguaslivres/posts/pfbid02ka2bwUbjbv3NN3SGtBtiw4BZxwMHLzmwEJLovmutYNqsRCBjmoj9Bph9w51LfP5El,A5,Environmental sustainability / waste / recycling / biodiversity,B6,Institutional promotion / community news,Institutional / community communication
957888080931827,29,U04,2016,Norwegian,https://www.facebook.com/Oslovann/posts/957888080931827,A7,Routine / institutional / customer service / other,B6,Institutional promotion / community news,Institutional / community communication
4502477263162266,30,U01,2021,Finnish,https://www.facebook.com/helsinginseudunymparistopalvelut/posts/pfbid0Zzhu1kYh9fj4qh1Dkx7a8Bh9rmHzfrkCK965FyrDkMMnjX5GXH8HK53JNG3UvL1jl,A5,Environmental sustainability / waste / recycling / biodiversity,B2,Instruction / advice to public,Risk / incident communication
4266386163438045,31,U01,2021,Finnish,https://www.facebook.com/helsinginseudunymparistopalvelut/posts/pfbid02txLm1C5FUNDFgfp1tVm4mDVyc98UMgxgckRDBx8ZhMiZXEKoMurDafcHJ3RQ1M8Hl,A5,Environmental sustainability / waste / recycling / biodiversity,B6,Institutional promotion / community news,Institutional / community communication
1274422829364219,32,U05,2018,German,https://www.facebook.com/wasserbetriebe/posts/pfbid0gX7pzm4g7UJHKQnsnLhnKQqmAHgKr2M9Qj9n6DGcqvUpDzTu5tFR8aT1mrNTxGn2l,A5,Environmental sustainability / waste / recycling / biodiversity,B6,Institutional promotion / community news,Institutional / community communication
1141129325963760,33,U01,2016,Finnish,https://www.facebook.com/helsinginseudunymparistopalvelut/posts/1141129325963760,A5,Environmental sustainability / waste / recycling / biodiversity,B6,Institutional promotion / community news,Institutional / community communication
487014821322169,34,U03,2012,Portuguese,https://www.facebook.com/photo/?fbid=487014821322169&set=a.636558505181850,A1,Water quality / safety / public health,B5,Education / awareness,Education / awareness
1382148820371833,35,U09,2026,Italian,https://www.facebook.com/abcacquabenecomunenapoli/posts/pfbid0yjqxkA7e3xbNEKxZsCEEtU9tXXJajuZw6bhZ2AREHULZvPVbCj8EA11ZZL8DCnA9l,A2,Service disruption / repair / infrastructure,B1,Alert / warning,Risk / incident communication
1205797504226618,36,U07,2024,Dutch,https://www.facebook.com/FARYSmultiservice/posts/pfbid02CdVprrfqWRt3JinKMes9JmH7jJFXHkJ98P9SxKwYLp4WiwjGZZoW1B4tTPuqpU4Gl,A6,Public education / heritage / community engagement,B5,Education / awareness,Education / awareness
3579065058782534,37,U07,2020,Dutch,https://www.facebook.com/FARYSmultiservice/videos/1022800208240390/,A4,Flood / stormwater / wastewater / sewer,B6,Institutional promotion / community news,Institutional / community communication
1913376152019355,38,U03,2018,Portuguese,https://www.facebook.com/EPALaguaslivres/posts/pfbid02Xk69i8z5PR4yKtEXihBAdSDzWZ1a9Gkwc7Kf7vH3Mwhq4tfnCdGuHYuNKW94fCehl,A5,Environmental sustainability / waste / recycling / biodiversity,B6,Institutional promotion / community news,Institutional / community communication
635411570279841,39,U09,2019,Italian,https://www.facebook.com/abcacquabenecomunenapoli/posts/pfbid0xkWWmksxezxbErGLtRQLReQ2deVtj1HxAav1yZNG7K89RK8HrmeXgNXNyvKmxCuNl,A2,Service disruption / repair / infrastructure,B1,Alert / warning,Risk / incident communication
5798918610131737,40,U03,2022,Portuguese,https://www.facebook.com/EPALaguaslivres/posts/pfbid02xtvDDNjYYioA46KDVV2wJVvmbQFBSTxFdjeoN6rCUtThK58QWG91LsZxRGr1JrgBl,A7,Routine / institutional / customer service / other,B6,Institutional promotion / community news,Institutional / community communication
2083682935104867,41,U05,2021,German,https://www.facebook.com/wasserbetriebe/posts/pfbid0TyLozBWZTNgxzs9WBmD6xPtPgqVcPSAeeREBPC7qtkq2div67VA2zVmUkQi9bkzal,A2,Service disruption / repair / infrastructure,B3,Operational update / resolution,Risk / incident communication
1512802122076762,42,U03,2017,Portuguese,https://www.facebook.com/photo/?fbid=1512802122076762&set=a.636558505181850,A6,Public education / heritage / community engagement,B6,Institutional promotion / community news,Institutional / community communication
1249863363153365,43,U07,2025,Dutch,https://www.facebook.com/FARYSmultiservice/posts/pfbid0Xzcf6KGGHs38gUx8j2N6JBK2oe9UrN6EjkMDx33WZ4MaCRC46qbERHf8nN67My84l,A3,Water conservation / drought / demand management,B2,Instruction / advice to public,Risk / incident communication
3468475069895829,44,U01,2020,Finnish,https://www.facebook.com/helsinginseudunymparistopalvelut/posts/pfbid02UMWcfLTkKmP3F7gZFEQXvc4pVgLmZjeVuSZnWXJkh46BQYJ7aWg9zcSVbSyik5MGl,A5,Environmental sustainability / waste / recycling / biodiversity,B6,Institutional promotion / community news,Institutional / community communication
1582498608493494,45,U01,2018,Finnish,https://www.facebook.com/helsinginseudunymparistopalvelut/posts/pfbid0BhYoDxjLKmjuahxxD1LzFTqbvv2JHbmpwhZH5VyMQXNjPWKhhwgd4NLX2yoFdihVl,A2,Service disruption / repair / infrastructure,B2,Instruction / advice to public,Risk / incident communication
1316227670541390,46,U01,2026,Finnish,https://www.facebook.com/helsinginseudunymparistopalvelut/posts/pfbid02RvCBK5qP1gKgVdjdTnEpVvDkAKRVnSf8YvxQLnVPb45aj5HobbkKPJZ2cRdCF3U5l,A2,Service disruption / repair / infrastructure,B2,Instruction / advice to public,Risk / incident communication
5341374305886172,47,U03,2022,Portuguese,https://www.facebook.com/EPALaguaslivres/posts/pfbid02zn8Naoq55VXj1n5zxYSfLANTnee8d3ofzqdAsk67d8Carr4bQZTnS7yzDKU512Lxl,A2,Service disruption / repair / infrastructure,B2,Instruction / advice to public,Risk / incident communication
3479233142100307,48,U03,2020,Portuguese,https://www.facebook.com/EPALaguaslivres/posts/pfbid036rYntpMnvkVzF2NnAjGMmRz1TtG4rmdWpurC14NyXLvk6pvEVqbNBWifyo75S7q6l,A6,Public education / heritage / community engagement,B5,Education / awareness,Education / awareness
1875901239153228,49,U01,2018,Finnish,https://www.facebook.com/helsinginseudunymparistopalvelut/posts/pfbid029a97BiyqqSWNQ64ShLKiWFEjNWpTjzdkELdp5ounfgtyg3SK89PzgpMGs8Zw1ucRl,A5,Environmental sustainability / waste / recycling / biodiversity,B5,Education / awareness,Education / awareness
1421320661341101,50,U05,2019,German,https://www.facebook.com/photo/?fbid=1421320661341101&set=a.632073468958361,A5,Environmental sustainability / waste / recycling / biodiversity,B5,Education / awareness,Education / awareness
1561863167634672,51,U09,2023,Italian,https://www.facebook.com/abcacquabenecomunenapoli/posts/pfbid02q9JNCzVQT5KhXndENTRRGi83g3FbFEEWofVUYstcWPXe3WhRgLzu7fXdQAX6drdel,A2,Service disruption / repair / infrastructure,B1,Alert / warning,Risk / incident communication
843329302473576,52,U05,2016,German,https://www.facebook.com/photo/?fbid=843329302473576&set=a.632073468958361,A7,Routine / institutional / customer service / other,B6,Institutional promotion / community news,Institutional / community communication
1611290233677341,53,U07,2026,Dutch,https://www.facebook.com/FARYSmultiservice/posts/pfbid0369pAYTUxV7EedocpEgiTtJYsGehZ8mnZcLt4KCq1oC1a1C1uev2guZtxK2cHZ4qxl,A6,Public education / heritage / community engagement,B6,Institutional promotion / community news,Institutional / community communication
640934569293848,54,U04,2014,Norwegian,https://www.facebook.com/photo/?fbid=640934569293848&set=a.485581470263619,A3,Water conservation / drought / demand management,B2,Instruction / advice to public,Risk / incident communication
1043513222468424,55,U02,2018,German,https://www.facebook.com/HamburgWasser/videos/1043513222468424/,A4,Flood / stormwater / wastewater / sewer,B5,Education / awareness,Education / awareness
1347835776689456,56,U07,2025,Dutch,https://www.facebook.com/FARYSmultiservice/posts/pfbid0UG3xzRdBLQJbHNPU3aiWXVhc22A2uBtJk9FJu51zemNQTQTEBD1tXmyX1yFEPY9Gl,A5,Environmental sustainability / waste / recycling / biodiversity,B5,Education / awareness,Education / awareness
1280791529075172,57,U09,2022,Italian,https://www.facebook.com/abcacquabenecomunenapoli/posts/pfbid0Fpie8ZxfcaWLEnXkesrhdQuKDdmDfFhz3BzeLGfCRatdGsTciUd1DcemVyb7uhXBl,A2,Service disruption / repair / infrastructure,B1,Alert / warning,Risk / incident communication
1404067453414245,58,U09,2022,Italian,https://www.facebook.com/abcacquabenecomunenapoli/posts/pfbid07puNo5EvfiR7KZokmadoobVPdpwqstYHnEa4qM36QYkU9fZcn57QDfJuQGzhzSYCl,A2,Service disruption / repair / infrastructure,B1,Alert / warning,Risk / incident communication
953619644661682,59,U03,2015,Portuguese,https://www.facebook.com/photo/?fbid=953619644661682&set=a.636558505181850,A6,Public education / heritage / community engagement,B5,Education / awareness,Education / awareness
1048237685230199,60,U04,2016,Norwegian,https://www.facebook.com/Oslovann/posts/pfbid07huxrsJFQvFy4zrTHwdZbRjXLgBicBgMhJqphDSkdgo7MeudDyA48Mj3id1xHC1Rl,A3,Water conservation / drought / demand management,B2,Instruction / advice to public,Risk / incident communication
1115455283942898,61,U04,2025,Norwegian,https://www.facebook.com/Oslovann/videos/1055928339215686/,A5,Environmental sustainability / waste / recycling / biodiversity,B5,Education / awareness,Education / awareness
1493395239247190,62,U09,2026,Italian,https://www.facebook.com/abcacquabenecomunenapoli/posts/pfbid02g6yuvkNKWZMnZQXehCuEc3fZo89UmBUJVrEKLQkMDPCWgSqdnXqKo2mktjDmgMtEl,A2,Service disruption / repair / infrastructure,B1,Alert / warning,Risk / incident communication
4182492671774347,63,U03,2021,Portuguese,https://www.facebook.com/EPALaguaslivres/posts/pfbid02LXR3XQdkKftynpZQCrgFSGUYSSMpUcrVbVjiVC3hPXow4r1ACmwawjnJT1n8uMDol,A6,Public education / heritage / community engagement,B6,Institutional promotion / community news,Institutional / community communication
1020975244592788,64,U03,2015,Portuguese,https://www.facebook.com/photo/?fbid=1020975244592788&set=a.636558505181850,A3,Water conservation / drought / demand management,B5,Education / awareness,Education / awareness
1178391645981828,65,U09,2021,Italian,https://www.facebook.com/abcacquabenecomunenapoli/posts/pfbid02ySG6eJhm9oauw1uBfgNT6W6syiziydVMXWe6GnonpCigKSQZpkDKGe921SLsHpXul,A2,Service disruption / repair / infrastructure,B1,Alert / warning,Risk / incident communication
1440809259740064,66,U09,2022,Italian,https://www.facebook.com/abcacquabenecomunenapoli/posts/pfbid02tA34hG4oqkAPx3DTu7cEPuXEmmqeQ1A2ZgGqxT727YniCx7wCaPSQ1MkLx7V7qyzl,A2,Service disruption / repair / infrastructure,B1,Alert / warning,Risk / incident communication
1152596324880204,67,U05,2018,German,https://www.facebook.com/wasserbetriebe/posts/pfbid0Qqj5pP2TR6B8ZqSZZhAoMfUf4RTV5fvehUXvNxk2iz2xzLQPp1k12ze7HaVMoGoGl,A6,Public education / heritage / community engagement,B6,Institutional promotion / community news,Institutional / community communication
820646871292294,68,U03,2014,Portuguese,https://www.facebook.com/photo/?fbid=820646871292294&set=a.636558505181850,A7,Routine / institutional / customer service / other,B6,Institutional promotion / community news,Institutional / community communication
974945639659764,69,U09,2020,Italian,https://www.facebook.com/abcacquabenecomunenapoli/posts/pfbid0T1KNcDLBCjaMDs55Yf6cFsfjLX6dkSHb8DhcadoboHFxE5dcdoJWiELtjhw5WUmpl,A2,Service disruption / repair / infrastructure,B1,Alert / warning,Risk / incident communication
935668725019847,70,U09,2024,Italian,https://www.facebook.com/abcacquabenecomunenapoli/posts/pfbid0bzuSt9wo6bMACbcFsqLdMUZJ1iw8XmreJF1aHCMX1UmiMJ1Gc2fADpwmDsBfyxfEl,A2,Service disruption / repair / infrastructure,B1,Alert / warning,Risk / incident communication
10159280951291714,71,U10,2023,Swedish,https://www.facebook.com/stockholmvattenochavfall/videos/563368692669225/,A5,Environmental sustainability / waste / recycling / biodiversity,B2,Instruction / advice to public,Risk / incident communication
2742101039146858,72,U03,2019,Portuguese,https://www.facebook.com/EPALaguaslivres/posts/pfbid02gMqMzK1fmQQoDLm2ksxxfnffjea9Y4nmuEH1J49QdgcqVDEL8YBAQ4y9WC7HsPWJl,A3,Water conservation / drought / demand management,B6,Institutional promotion / community news,Institutional / community communication
676303959523935,73,U09,2019,Italian,https://www.facebook.com/abcacquabenecomunenapoli/posts/pfbid02Mq6dorfZgWL4szGgLz4jxm89NsgrLb3SmZmNLvs4WTGycRSWGmTbDxZjekgwUQUSl,A2,Service disruption / repair / infrastructure,B1,Alert / warning,Risk / incident communication
738949374916987,74,U02,2023,German,https://www.facebook.com/HamburgWasser/videos/1317726675804150/,A4,Flood / stormwater / wastewater / sewer,B5,Education / awareness,Education / awareness
4185777951498867,75,U01,2021,Finnish,https://www.facebook.com/helsinginseudunymparistopalvelut/posts/pfbid0JZjEvtVdAJQX2XniWRzkNzknj9PE6TwpAWmhyCp6cCdJt5K5E1ZnVgjezaFP3rB7l,A7,Routine / institutional / customer service / other,B2,Instruction / advice to public,Risk / incident communication
1748593415280489,76,U05,2020,German,https://www.facebook.com/wasserbetriebe/posts/pfbid02sySeZbrfnt8Wq6KF2mt49Nxudy7vzZZpTg5q41FV1JvhWZtUGjzUX593AnAks2NHl,A4,Flood / stormwater / wastewater / sewer,B5,Education / awareness,Education / awareness
749334333653288,77,U09,2023,Italian,https://www.facebook.com/abcacquabenecomunenapoli/posts/pfbid02oH5Br9YkSKFnbZH9PTofNbmC1sgHwS32pnwfe3t3MhbEUojy4LvukhoobagDyK5Kl,A2,Service disruption / repair / infrastructure,B1,Alert / warning,Risk / incident communication
757072220983093,78,U03,2014,Portuguese,https://www.facebook.com/photo/?fbid=757072220983093&set=a.757072137649768,A6,Public education / heritage / community engagement,B5,Education / awareness,Education / awareness
3311437555599582,79,U01,2020,Finnish,https://www.facebook.com/helsinginseudunymparistopalvelut/posts/pfbid02UPFxnaY9BF7iEwYafuetxv8F3Ek41ojSq997AmAP6ipz1zULAcmHxaKLdvXg2SWxl,A5,Environmental sustainability / waste / recycling / biodiversity,B2,Instruction / advice to public,Risk / incident communication
4032602246763391,80,U03,2021,Portuguese,https://www.facebook.com/EPALaguaslivres/posts/pfbid02LMUdgxxFqhVf6qsWDyr2SiEb4pQgjwqTYBjvNsJZEjWo9nPBXixebQQc5wd1um7Tl,A6,Public education / heritage / community engagement,B5,Education / awareness,Education / awareness
1126254047514432,81,U05,2018,German,https://www.facebook.com/wasserbetriebe/posts/pfbid0CXVUqhRJ3Q8usVco5DUuHQFD6CYPyWXsAnTYYmRADy1nw4eRt7tYyhU4Scb7x2fzl,A7,Routine / institutional / customer service / other,B5,Education / awareness,Education / awareness
1755136794563007,82,U01,2018,Finnish,https://www.facebook.com/helsinginseudunymparistopalvelut/posts/pfbid02ViFYEDz9qTjA1AVJS73WnqiuEaCvQDTVVMRoT5FdA1DiJEL3SV5CDZk9Dk4nBrmCl,A5,Environmental sustainability / waste / recycling / biodiversity,B6,Institutional promotion / community news,Institutional / community communication
10156909393624268,83,U08,2018,French,https://www.facebook.com/eaudeparis/posts/pfbid08AZWGKTFwBwgvPTFQHrJpA1H7REcyFUDTZbXYZ6eYYL5yH4fUNprX3tiQkDPs23yl,A3,Water conservation / drought / demand management,B2,Instruction / advice to public,Risk / incident communication
2587741577969187,84,U01,2019,Finnish,https://www.facebook.com/helsinginseudunymparistopalvelut/posts/pfbid02ZSpEL7dEo5NNZ6hWcowWSFLTfZ71J54fcYivZyxgMp8YqwSeYZDjcAaDv5cTj2Kal,A5,Environmental sustainability / waste / recycling / biodiversity,B5,Education / awareness,Education / awareness
2848568515197098,85,U04,2020,Norwegian,https://www.facebook.com/Oslovann/posts/pfbid026dE5fKBT6anVj2seDLcj9KVJGjAuQaUUkzUbkZaSUS4mYWq6pxjfnZuhZ2Qo2J28l,A1,Water quality / safety / public health,B2,Instruction / advice to public,Risk / incident communication
1980433235443080,86,U02,2021,German,https://www.facebook.com/HamburgWasser/posts/pfbid0ZddNhQF68hfgrz66dTmvx6A5AmvnUZS6eYwHfBT34iABwN5DicGEWAstdhDLrcLEl,A4,Flood / stormwater / wastewater / sewer,B5,Education / awareness,Education / awareness
1907050202651950,87,U03,2018,Portuguese,https://www.facebook.com/EPALaguaslivres/posts/pfbid04zDRXT6ngmefpqUUfi9RnmQUgb8VH5xzP3mwpGcyGSs93zMF8iCTv2UAMvUEy6qEl,A3,Water conservation / drought / demand management,B6,Institutional promotion / community news,Institutional / community communication
1036081569748822,88,U03,2015,Portuguese,https://www.facebook.com/photo/?fbid=1036081569748822&set=a.636558505181850,A3,Water conservation / drought / demand management,B6,Institutional promotion / community news,Institutional / community communication
10160222871474268,89,U08,2022,French,https://www.facebook.com/eaudeparis/videos/1060109704936652/,A1,Water quality / safety / public health,B2,Instruction / advice to public,Risk / incident communication
10156349570084268,90,U08,2018,French,https://www.facebook.com/eaudeparis/videos/10156349570084268/,A6,Public education / heritage / community engagement,B6,Institutional promotion / community news,Institutional / community communication
575794142444236,91,U03,2013,Portuguese,https://www.facebook.com/photo/?fbid=575794142444236&set=a.636558505181850,A7,Routine / institutional / customer service / other,B6,Institutional promotion / community news,Institutional / community communication
4926470870709853,92,U03,2021,Portuguese,https://www.facebook.com/EPALaguaslivres/posts/pfbid02absSonfxepr1CDcWXox5uHBw2HW7hayPEFRKRjgmJNvh9VqtabRehH4xy5yE7vZUl,A5,Environmental sustainability / waste / recycling / biodiversity,B5,Education / awareness,Education / awareness
1177484077057961,93,U07,2024,Dutch,https://www.facebook.com/FARYSmultiservice/posts/pfbid02JSC6cSsuq8jw5rAG9FUnMyAhWN7hiTLEaoTRFdb9FqnYcCmDY463PyWETzVSztNdl,A7,Routine / institutional / customer service / other,B6,Institutional promotion / community news,Institutional / community communication
10157635825076714,94,U10,2020,Swedish,https://www.facebook.com/stockholmvattenochavfall/posts/pfbid02KdRyJwP2RDeDfenmaR2V84WbxwzcNRGNZ82pJ4vsKNHvEnvJXRmf6qhiD3Hxtywbl,A5,Environmental sustainability / waste / recycling / biodiversity,B5,Education / awareness,Education / awareness
1208146219673037,95,U09,2021,Italian,https://www.facebook.com/abcacquabenecomunenapoli/posts/pfbid02tLdTPgdr42gvCXhvjVp1BS5Pq1jo8sLngP2S3bbAK5GXSH62Xwbh9r5E6nKj2K6tl,A2,Service disruption / repair / infrastructure,B1,Alert / warning,Risk / incident communication
1464329577388032,96,U09,2022,Italian,https://www.facebook.com/abcacquabenecomunenapoli/posts/pfbid082v8uNG8noxNz1DyfPfLyR6BGpH5rLX7KuLSFByoMYVGGyx9t4iDF7H9LRGtcDZul,A2,Service disruption / repair / infrastructure,B1,Alert / warning,Risk / incident communication
1596130947077212,97,U03,2017,Portuguese,https://www.facebook.com/photo/?fbid=1596130947077212&set=a.636558505181850,A1,Water quality / safety / public health,B2,Instruction / advice to public,Risk / incident communication
1189079299231772,98,U07,2024,Dutch,https://www.facebook.com/FARYSmultiservice/posts/pfbid0v1HGeGUZ6Ngqtq8uMJoGLjTMDetbcCQYRi17AAegiGUupTx8P7CwyTtLfT32LPvpl,A7,Routine / institutional / customer service / other,B6,Institutional promotion / community news,Institutional / community communication
1019696953508893,99,U02,2024,German,https://www.facebook.com/HamburgWasser/posts/pfbid0gDY3oNC4UrkNE573U7k1q3rMSp2iU6F9mayFbupNo1EQz3N62nZNa2EXyRchFXgjl,A4,Flood / stormwater / wastewater / sewer,B5,Education / awareness,Education / awareness
2946285978781410,100,U01,2020,Finnish,https://www.facebook.com/helsinginseudunymparistopalvelut/posts/pfbid0SPw6aYoCQnLuJTNicc48DWeaa1dLRBo55voh1CJJNpJHPTwQ2DYqzQPqabkCSdrel,A5,Environmental sustainability / waste / recycling / biodiversity,B5,Education / awareness,Education / awareness
721241387929832,101,U04,2014,Norwegian,https://www.facebook.com/photo/?fbid=721241387929832&set=a.485581470263619,A6,Public education / heritage / community engagement,B5,Education / awareness,Education / awareness
3589039694506032,102,U01,2020,Finnish,https://www.facebook.com/helsinginseudunymparistopalvelut/posts/pfbid0WzBqreqjmxELENmUjgHGk3hzot8e3y5UeC9jM5B9FhLdrhZ4nbbxf7FYP23iNmmtl,A5,Environmental sustainability / waste / recycling / biodiversity,B2,Instruction / advice to public,Risk / incident communication
829961297027518,103,U03,2014,Portuguese,https://www.facebook.com/photo/?fbid=829961297027518&set=a.636558505181850,A6,Public education / heritage / community engagement,B6,Institutional promotion / community news,Institutional / community communication
2836336613109681,104,U01,2020,Finnish,https://www.facebook.com/helsinginseudunymparistopalvelut/posts/pfbid02yL33pkgcEd4XfKUFrGRj5XdcxdQcJ7cb1LNdqpFvdPkapzwCUCH2ppYXuSu3bZtGl,A7,Routine / institutional / customer service / other,B6,Institutional promotion / community news,Institutional / community communication
10158522531004268,105,U08,2020,French,https://www.facebook.com/photo/?fbid=10158522531004268&set=a.643560364467965,A1,Water quality / safety / public health,B5,Education / awareness,Education / awareness
5763445703679028,106,U03,2022,Portuguese,https://www.facebook.com/EPALaguaslivres/posts/pfbid0PKV35PZTTKG2Arn2s4ZjgBG7Vq2dEKLTdqv4GCR5z9zpGAZriU6aT1Vuvcg2VkRkl,A5,Environmental sustainability / waste / recycling / biodiversity,B6,Institutional promotion / community news,Institutional / community communication
3406947042715299,107,U01,2020,Finnish,https://www.facebook.com/helsinginseudunymparistopalvelut/posts/pfbid0359AgYPYt7Tmyut4kTd6SAs8LuAvYigxo4tCv138rotLewdXtPtFATGmq7DngCWkJl,A7,Routine / institutional / customer service / other,B6,Institutional promotion / community news,Institutional / community communication
817740627058310,108,U05,2024,German,https://www.facebook.com/wasserbetriebe/posts/pfbid02wz4SW3oXP1QzmuSeUZQ1NWa5WKAjAEFgq54DcvEtgAVRUeJiduCK5K9yPncx3Yuwl,A4,Flood / stormwater / wastewater / sewer,B5,Education / awareness,Education / awareness
5301670199856583,109,U03,2022,Portuguese,https://www.facebook.com/EPALaguaslivres/posts/pfbid02uiu5keNCQbFboZEmnpaMu6HENzgCPvchtLQdAMhz3BbmWRd5dpigazbW2SvLM9bfl,A3,Water conservation / drought / demand management,B6,Institutional promotion / community news,Institutional / community communication
989318259899001,110,U01,2024,Finnish,https://www.facebook.com/helsinginseudunymparistopalvelut/posts/pfbid0bpRPZw8Xp21Umbq7pTFz8FK74VhfAViR4byP5Z2kiCdwYK5mUDdyFscA7RZnCNLWl,A5,Environmental sustainability / waste / recycling / biodiversity,B2,Instruction / advice to public,Risk / incident communication
2503385089738170,111,U01,2019,Finnish,https://www.facebook.com/helsinginseudunymparistopalvelut/posts/pfbid02NWCGrQrt3JBPpxM9r4smQ7J54RprbSs8mEc7r6kgsYcCQKQkUuqSacijDU4d3K3Fl,A5,Environmental sustainability / waste / recycling / biodiversity,B6,Institutional promotion / community news,Institutional / community communication
2819202988133651,112,U04,2020,Norwegian,https://www.facebook.com/Oslovann/posts/pfbid02hwgQvkk8XVf7oxPtv1EHk7jnPLSCRXzopWKLkSTcaRUWv2e9Q7WRtE654yzoS7WMl,A7,Routine / institutional / customer service / other,B6,Institutional promotion / community news,Institutional / community communication
1009289106225417,113,U09,2021,Italian,https://www.facebook.com/abcacquabenecomunenapoli/posts/pfbid02uuVXKYDSJFDz5963jtGchycBom4Q64Ca9f2BJdaRvtpwRzqFmfgKwZHdJGCZ9weTl,A2,Service disruption / repair / infrastructure,B1,Alert / warning,Risk / incident communication
572764959444143,114,U04,2013,Norwegian,https://www.facebook.com/Oslovann/posts/572764959444143,A5,Environmental sustainability / waste / recycling / biodiversity,B6,Institutional promotion / community news,Institutional / community communication
871418261444894,115,U09,2024,Italian,https://www.facebook.com/abcacquabenecomunenapoli/posts/pfbid03VcQxjbWVTeew39LBRV8PUWbzqGUojLM9eP1MsKb7B19AcbJyMvRhRByTiAjbxLnl,A2,Service disruption / repair / infrastructure,B3,Operational update / resolution,Risk / incident communication
10157231824791714,116,U10,2020,Swedish,https://www.facebook.com/stockholmvattenochavfall/posts/pfbid024ujfMvFsCB79yVHxxUEj3ek8r1SHBjVVvVCXxJ9zLnebnbi9LTUNTn8n7m51DJ4el,A3,Water conservation / drought / demand management,B2,Instruction / advice to public,Risk / incident communication
5116027258420879,117,U03,2022,Portuguese,https://www.facebook.com/EPALaguaslivres/posts/pfbid02bkGdZ1Yw6wfACe1rbhWHEZuKsPyhA44RJGFYKP32CMRL2qXmy1HZzBLxmB9ENP1pl,A5,Environmental sustainability / waste / recycling / biodiversity,B6,Institutional promotion / community news,Institutional / community communication
756320408188956,118,U09,2020,Italian,https://www.facebook.com/abcacquabenecomunenapoli/posts/pfbid02BVCyVqYdzBjchsLAcZA2nsvfX7964mpdGHsxn4V5Uqmm2XMfFxVrzSj62sHdkc9ml,A2,Service disruption / repair / infrastructure,B1,Alert / warning,Risk / incident communication
3240547489355256,119,U01,2020,Finnish,https://www.facebook.com/helsinginseudunymparistopalvelut/posts/pfbid02ZnuimQVmcXzsveXj76CQu5HcDVQTadJFBRAzn5Zms4e3PQSV1RgURWzWMUqkWu4yl,A4,Flood / stormwater / wastewater / sewer,B2,Instruction / advice to public,Risk / incident communication
10157335044851714,120,U10,2020,Swedish,https://www.facebook.com/stockholmvattenochavfall/posts/pfbid02H5LpE7xdYiuW9vbPQJVwg9sf6P2uLXbq8QACe7XHvoCRx5JFaAjj9TuwHdMazEXSl,A5,Environmental sustainability / waste / recycling / biodiversity,B2,Instruction / advice to public,Risk / incident communication
3311992542157702,121,U03,2020,Portuguese,https://www.facebook.com/EPALaguaslivres/posts/pfbid02JvNLoyEsBwGPZHLiatzHWAwopZHT2gcUGbTDFzNWCT5AJ8n6GDAhNMwi6Khgt4Ftl,A7,Routine / institutional / customer service / other,B6,Institutional promotion / community news,Institutional / community communication
1995035007239850,122,U01,2018,Finnish,https://www.facebook.com/helsinginseudunymparistopalvelut/posts/pfbid0o1tmfxu8z6SK6yfqjjgVboD5uKsJYNM8xjc6jUqev9yENjzVuYGzijhsGkLVghpCl,A7,Routine / institutional / customer service / other,B6,Institutional promotion / community news,Institutional / community communication
1233813377106321,123,U09,2022,Italian,https://www.facebook.com/abcacquabenecomunenapoli/posts/pfbid0uLczZkwSHshkJvjzXJNnpCgP5AVR5eZRFcid7JN6VjafLfqVgR2nSjZ2mAEmQWmml,A2,Service disruption / repair / infrastructure,B1,Alert / warning,Risk / incident communication
1355876113234146,124,U04,2026,Norwegian,https://www.facebook.com/Oslovann/posts/pfbid0jDQ3nn6Ac6X1a1yYi8ncjPEMRYEW3gCc1Yaj2oKmHY9hSNiynmAt1swXsBWiLNyjl,A1,Water quality / safety / public health,B3,Operational update / resolution,Risk / incident communication
10160121040174268,125,U08,2022,French,https://www.facebook.com/eaudeparis/videos/704117864350304/,A6,Public education / heritage / community engagement,B6,Institutional promotion / community news,Institutional / community communication
385173581575199,126,U03,2013,Portuguese,https://www.facebook.com/EPALaguaslivres/posts/385173581575199,A6,Public education / heritage / community engagement,B6,Institutional promotion / community news,Institutional / community communication
10160309974819268,127,U08,2022,French,https://www.facebook.com/photo/?fbid=10160309974819268&set=a.643560364467965,A7,Routine / institutional / customer service / other,B6,Institutional promotion / community news,Institutional / community communication
6335975799759346,128,U03,2023,Portuguese,https://www.facebook.com/EPALaguaslivres/posts/pfbid02Gk1fUFNXE5ka44NjUNBgXS6ujmh2EuUYeGVEWmCAzDpEpwLGWLUhgWgocMzhZm3al,A6,Public education / heritage / community engagement,B5,Education / awareness,Education / awareness
1979123055497712,129,U01,2018,Finnish,https://www.facebook.com/helsinginseudunymparistopalvelut/posts/pfbid0k839jhWdvJdZf8BNxLmRLhsgBUnkaMjFrMG2A8ZJSCURtCG4V9WtAaXw42UtyLuwl,A2,Service disruption / repair / infrastructure,B1,Alert / warning,Risk / incident communication
1653278924695747,130,U03,2017,Portuguese,https://www.facebook.com/EPALaguaslivres/posts/pfbid0SroJkQTknoBWwfEEckxD9x2wLjs7bML7twVx7zamscaConNyHBmQWzTfVKheHNiXl,A6,Public education / heritage / community engagement,B6,Institutional promotion / community news,Institutional / community communication
1111998275954499,131,U09,2021,Italian,https://www.facebook.com/abcacquabenecomunenapoli/posts/pfbid07ZWEPGBbvvLCjyg3youANkb6sEJUz2ibCgxp1jjsSdNzv3Dqf5xyZcxwXw5U5fQFl,A2,Service disruption / repair / infrastructure,B1,Alert / warning,Risk / incident communication
4484705161606143,132,U01,2021,Finnish,https://www.facebook.com/helsinginseudunymparistopalvelut/videos/362016712387169/,A5,Environmental sustainability / waste / recycling / biodiversity,B6,Institutional promotion / community news,Institutional / community communication
2058872594426119,133,U12,2018,Finnish,https://www.facebook.com/turunvesihuolto/posts/pfbid0WNFtuyXtLh5jEjifQ6GWkeJbN9E9KiXCiuj5HAqKm4LCtqmsJvSGSJPqwQy6FMTql,A7,Routine / institutional / customer service / other,B6,Institutional promotion / community news,Institutional / community communication
10154799250746714,134,U10,2017,Swedish,https://www.facebook.com/stockholmvattenochavfall/posts/pfbid08fPjKphm2Nmbisj1dB4hRoEUiPqGEpDG1Eg3pJpwNYRywvx3ZMvn3WFt6uiq7pHUl,A7,Routine / institutional / customer service / other,B6,Institutional promotion / community news,Institutional / community communication
2072549726155044,135,U01,2019,Finnish,https://www.facebook.com/helsinginseudunymparistopalvelut/posts/pfbid02izHtPEd3mk7LAPDbfqMrAyXxRz6jCSDvfpH6NAeh8KDbVkgk98BR1wTEZvktdemdl,A7,Routine / institutional / customer service / other,B5,Education / awareness,Education / awareness
3674716709218615,136,U03,2020,Portuguese,https://www.facebook.com/EPALaguaslivres/posts/pfbid02MFF4aGLXj7wDrjkHtbF5pJbYw6mHiqxwssHHR6qwehfuW8HGTdWnuCsinsayXrhzl,A5,Environmental sustainability / waste / recycling / biodiversity,B5,Education / awareness,Education / awareness
1182733863855299,137,U10,2025,Swedish,https://www.facebook.com/stockholmvattenochavfall/posts/pfbid02RNjudUqBoXjpuUuCHggYzquoir4nagb7gFYvF4RZmbT9fEoubV4aXzzhLCoX1iznl,A4,Flood / stormwater / wastewater / sewer,B6,Institutional promotion / community news,Institutional / community communication
940907209319307,138,U01,2015,Finnish,https://www.facebook.com/photo/?fbid=940907209319307&set=a.476477601183072,A5,Environmental sustainability / waste / recycling / biodiversity,B2,Instruction / advice to public,Risk / incident communication
876508132775929,139,U11,2020,Finnish,https://www.facebook.com/tampereenvesi/posts/pfbid02o3XiwnKbUh7VfkFyGfprzHsuuGkLaAy4cjgzT2ZZfYeRGqVzb7i2LaxZrfGkumNBl,A7,Routine / institutional / customer service / other,B6,Institutional promotion / community news,Institutional / community communication
847139055309742,140,U03,2014,Portuguese,https://www.facebook.com/EPALaguaslivres/posts/pfbid02QmuJWq55erojr3jeCs1onHRJpRQ2BtZRiMNct9mB9629mUQZec14uHC37hi2k94Ll,A6,Public education / heritage / community engagement,B6,Institutional promotion / community news,Institutional / community communication
992491932223844,141,U07,2024,Dutch,https://www.facebook.com/FARYSmultiservice/posts/pfbid0D3xk5UdWtv9x4S8Y2Y7FumVvFUHnqNQmnG8Ym5eymUwjdPf9PLHgeaeohL6NzgeUl,A1,Water quality / safety / public health,B2,Instruction / advice to public,Risk / incident communication
10157284952749268,142,U08,2019,French,https://www.facebook.com/eaudeparis/posts/pfbid0vwtN3bqsH4Z1XDwPZFTbJSG7ekaH7bUsg4u1fGYcUMMP98McTPB9mr8QeiP4ZpKjl,A7,Routine / institutional / customer service / other,B6,Institutional promotion / community news,Institutional / community communication
805423906147924,143,U03,2014,Portuguese,https://www.facebook.com/EPALaguaslivres/posts/pfbid022UCXp2UrBpW3zmsFT1RirvbXT4wBvLr3mX76eZtXdtBXFGkMo1wHXoXevDZDfGDQl,A6,Public education / heritage / community engagement,B5,Education / awareness,Education / awareness
1275460965927072,144,U05,2018,German,https://www.facebook.com/wasserbetriebe/posts/pfbid036mR5uHtPHyGgdNHtyQeXjWMef1pzEY3ebhba1dA31A7gsa8QDAqC5Uc5pndJkhqal,A5,Environmental sustainability / waste / recycling / biodiversity,B6,Institutional promotion / community news,Institutional / community communication
420021876796629,145,U12,2022,Finnish,https://www.facebook.com/turunvesihuolto/posts/pfbid0rt6ra3NSviZNRgkW396iKEc8oxKoEdTjmeVaW2VJFnGM9LuXu6CsQRbg58TKw8tzl,A7,Routine / institutional / customer service / other,B6,Institutional promotion / community news,Institutional / community communication
565278316945344,146,U05,2015,German,https://www.facebook.com/photo/?fbid=565278316945344&set=a.632073468958361,A5,Environmental sustainability / waste / recycling / biodiversity,B5,Education / awareness,Education / awareness
4198486996841581,147,U03,2021,Portuguese,https://www.facebook.com/EPALaguaslivres/posts/pfbid02aMTJqoQcGWxDcy9XDyqveVkfcK5jt2DREwZND95yAk2AVuBmeYqaCfpKp1BSLCFEl,A5,Environmental sustainability / waste / recycling / biodiversity,B5,Education / awareness,Education / awareness
380989804210624,148,U11,2022,Finnish,https://www.facebook.com/tampereenvesi/posts/pfbid024Ahy6qFZaPAcFs7vzczJ1JLJ78f8Uoad2JTg915GUEeWxWjYPyYbHD2DcYQBYaxsl,A7,Routine / institutional / customer service / other,B6,Institutional promotion / community news,Institutional / community communication
730653503624965,149,U03,2014,Portuguese,https://www.facebook.com/photo/?fbid=730653503624965&set=a.636558505181850,A3,Water conservation / drought / demand management,B6,Institutional promotion / community news,Institutional / community communication
1856858304467241,150,U02,2021,German,https://www.facebook.com/HamburgWasser/videos/3841407009260133/,A7,Routine / institutional / customer service / other,B6,Institutional promotion / community news,Institutional / community communication
714452778694563,151,U05,2016,German,https://www.facebook.com/wasserbetriebe/posts/714452778694563,A7,Routine / institutional / customer service / other,B6,Institutional promotion / community news,Institutional / community communication
2228735323869816,152,U01,2019,Finnish,https://www.facebook.com/helsinginseudunymparistopalvelut/posts/pfbid05PNGgR71WAfRKoTZtf47aW3z929M9hn3UGLxaKE3a2GZqXHwgogDyFEZM1JxeYAkl,A5,Environmental sustainability / waste / recycling / biodiversity,B2,Instruction / advice to public,Risk / incident communication
1045710105568827,153,U05,2017,German,https://www.facebook.com/wasserbetriebe/posts/pfbid02gihC72Ad5scnrPbm7txbD6FuFbGQvwDpmVXqYBnmgPJSJiZz2wnH2B6hCyYY3NeTl,A7,Routine / institutional / customer service / other,B6,Institutional promotion / community news,Institutional / community communication
995169035736482,154,U09,2024,Italian,https://www.facebook.com/abcacquabenecomunenapoli/posts/pfbid02bME7nFJVDSWmRK9SZcb2qRFsxLXeArzstHyu2fpDVBvQUFhfhTZYMELaYxjGBdWNl,A2,Service disruption / repair / infrastructure,B1,Alert / warning,Risk / incident communication
1393454087474334,155,U02,2019,German,https://www.facebook.com/HamburgWasser/posts/pfbid02QUDBwESh6XohwmTSnm7gJTv2HinGHb116TSMuSihffthPMpNW92ofQCTgh31uPyzl,A7,Routine / institutional / customer service / other,B6,Institutional promotion / community news,Institutional / community communication
950994767210122,156,U11,2025,Finnish,https://www.facebook.com/tampereenvesi/posts/pfbid02Mq6dorfZgSpTiSCz2rht8kMSDddcivKQoEAqyBSM21UxkXjfBd827MVXPVGBWG1Kl,A6,Public education / heritage / community engagement,B5,Education / awareness,Education / awareness
122272159682089660,157,U06,2026,English,https://www.facebook.com/worldwaternetnl/posts/pfbid02JTW7CswCyG5GN4wEp58Pw3Ash1vgUKSVksNGEuna3bcPnrssJsX9DjfKPywdoHvMl,A7,Routine / institutional / customer service / other,B6,Institutional promotion / community news,Institutional / community communication
1233764902266439,158,U11,2026,Finnish,https://www.facebook.com/reel/893413740231932/,A4,Flood / stormwater / wastewater / sewer,B2,Instruction / advice to public,Risk / incident communication
918686718618990,159,U09,2020,Italian,https://www.facebook.com/abcacquabenecomunenapoli/posts/pfbid0xGDxdGQLD9bTVZ1cMrfitX7Z5mqb1McKeSTXVLC354sUMK1b8cq1G5BTWXdXLtUvl,A2,Service disruption / repair / infrastructure,B1,Alert / warning,Risk / incident communication
1205607726593553,160,U09,2021,Italian,https://www.facebook.com/abcacquabenecomunenapoli/posts/pfbid0JiTx7sEVbKNuWn3jN1yXU8pamLFRKoyawotHVssV5H4kUBcqtn7DxRCu96qM2LFpl,A2,Service disruption / repair / infrastructure,B1,Alert / warning,Risk / incident communication
1212246702596322,161,U09,2021,Italian,https://www.facebook.com/abcacquabenecomunenapoli/posts/pfbid0ieXV11Z71RzsyMF1TqDLbZ9PZsUTanznYLd8r7HAVy59mkbbgCN14mBGbTFpf92Tl,A2,Service disruption / repair / infrastructure,B3,Operational update / resolution,Risk / incident communication
656765251066839,162,U01,2014,Finnish,https://www.facebook.com/helsinginseudunymparistopalvelut/posts/656765251066839,A5,Environmental sustainability / waste / recycling / biodiversity,B2,Instruction / advice to public,Risk / incident communication
574976412526009,163,U03,2013,Portuguese,https://www.facebook.com/photo/?fbid=574976412526009&set=a.636558505181850,A7,Routine / institutional / customer service / other,B5,Education / awareness,Education / awareness
3809550619068556,164,U03,2020,Portuguese,https://www.facebook.com/EPALaguaslivres/posts/pfbid0io9ronYCWSBDqKNw63Drn8rpwpTU2YDqCE1tyFBjnq2rVwTLJg6bS9Fzed9QvfaTl,A7,Routine / institutional / customer service / other,B5,Education / awareness,Education / awareness
953094378511557,165,U09,2020,Italian,https://www.facebook.com/abcacquabenecomunenapoli/posts/pfbid02zyGTdUp5mi6pmdF8cPYvYn6P3QGwPYvCBMbhMbfQyMxDxGCRu5f7h6pTuJZuYz2Vl,A2,Service disruption / repair / infrastructure,B1,Alert / warning,Risk / incident communication
5102037449819860,166,U03,2022,Portuguese,https://www.facebook.com/EPALaguaslivres/posts/pfbid02egkGg942SsXMtwLPhCze8otSWL5aBLkAxeqFGfgF7a5UJ9T5phNYPzy3hfPbjbhql,A7,Routine / institutional / customer service / other,B6,Institutional promotion / community news,Institutional / community communication
943885605688134,167,U01,2016,Finnish,https://www.facebook.com/helsinginseudunymparistopalvelut/posts/943885605688134,A5,Environmental sustainability / waste / recycling / biodiversity,B5,Education / awareness,Education / awareness
10159006480366714,168,U10,2023,Swedish,https://www.facebook.com/stockholmvattenochavfall/videos/725498188789857/,A5,Environmental sustainability / waste / recycling / biodiversity,B2,Instruction / advice to public,Risk / incident communication
1259452545974795,169,U09,2025,Italian,https://www.facebook.com/abcacquabenecomunenapoli/posts/pfbid023xau3a7gNEwiXn1FsHtsukWBvxMcYxXgMBteDg2P6oWH1EugUqhCLpJtpZQVdduVl,A2,Service disruption / repair / infrastructure,B1,Alert / warning,Risk / incident communication
883468623962737,170,U11,2024,Finnish,https://www.facebook.com/tampereenvesi/posts/pfbid031aYQGwbHdjuAyMx6zehrPWA3mmRyyhhyGgwvaE9JZG7s4jEdpLMVz6KwsY8vgwS3l,A1,Water quality / safety / public health,B5,Education / awareness,Education / awareness
10158292682519268,171,U08,2020,French,https://www.facebook.com/photo/?fbid=10158292682519268&set=a.643560364467965,A6,Public education / heritage / community engagement,B6,Institutional promotion / community news,Institutional / community communication
738998206123828,172,U03,2014,Portuguese,https://www.facebook.com/EPALaguaslivres/posts/738998206123828,A7,Routine / institutional / customer service / other,B6,Institutional promotion / community news,Institutional / community communication
142725185850463,173,U03,2012,Portuguese,https://www.facebook.com/EPALaguaslivres/posts/142725185850463,A1,Water quality / safety / public health,B6,Institutional promotion / community news,Institutional / community communication
1548163771873930,174,U03,2017,Portuguese,https://www.facebook.com/photo/?fbid=1548163771873930&set=a.636558505181850,A7,Routine / institutional / customer service / other,B6,Institutional promotion / community news,Institutional / community communication
1315533541803622,175,U03,2016,Portuguese,https://www.facebook.com/EPALaguaslivres/videos/1315533541803622/,A6,Public education / heritage / community engagement,B6,Institutional promotion / community news,Institutional / community communication
10156784798954268,176,U08,2018,French,https://www.facebook.com/photo/?fbid=10156784798954268&set=a.643560364467965,A7,Routine / institutional / customer service / other,B6,Institutional promotion / community news,Institutional / community communication
1364851978321169,177,U07,2025,Dutch,https://www.facebook.com/FARYSmultiservice/posts/pfbid0B7uqtJdeYfKKveorzcgHYBUes8D7PwdRqUbmyfWpvSpn3rJa1An985AVyQDmd9sDl,A4,Flood / stormwater / wastewater / sewer,B6,Institutional promotion / community news,Institutional / community communication
959873242599395,178,U09,2024,Italian,https://www.facebook.com/abcacquabenecomunenapoli/posts/pfbid02C81a4uFb1aLYUqcEbYSNJacLe8ENnJgbYxiGXKY2Vc8RfVBRmnRVFYLUNhWpDKvAl,A2,Service disruption / repair / infrastructure,B1,Alert / warning,Risk / incident communication
1615972115222529,179,U02,2020,German,https://www.facebook.com/HamburgWasser/posts/pfbid021T1QLBR11dz8qootrgYk45CbTfQL6bRubGy4nG7oCQ8wrrSHs3AQ5fpS245NUHbtl,A7,Routine / institutional / customer service / other,B6,Institutional promotion / community news,Institutional / community communication
4220184014671879,180,U03,2021,Portuguese,https://www.facebook.com/EPALaguaslivres/posts/pfbid0g9PMFfWdCqgNcfW9zVAH7mdQ3bCmfecPFwrkq4DPx8v2czHdvFmtvVg35kGsKLTAl,A5,Environmental sustainability / waste / recycling / biodiversity,B6,Institutional promotion / community news,Institutional / community communication
622864387853403,181,U05,2015,German,https://www.facebook.com/photo/?fbid=622864387853403&set=a.632073468958361,A7,Routine / institutional / customer service / other,B6,Institutional promotion / community news,Institutional / community communication
805818389905824,182,U09,2020,Italian,https://www.facebook.com/abcacquabenecomunenapoli/posts/pfbid02HR7Kx3CwRSKAF5Y5PAtLHU8xqJudPgrisnM4pqGJ6aX6iWjTEqMQ9WCxxuvjZCCwl,A2,Service disruption / repair / infrastructure,B1,Alert / warning,Risk / incident communication
1407745949247800,183,U07,2017,Dutch,https://www.facebook.com/photo/?fbid=1407745949247800&set=a.604897090983332,A3,Water conservation / drought / demand management,B2,Instruction / advice to public,Risk / incident communication
1961595077487205,184,U12,2018,Finnish,https://www.facebook.com/turunvesihuolto/posts/pfbid046ZMTb7Pa1pLmxGiWqSYmBPj6LqG3oFJz42aqxy5k4Bbv6GGyXu4tRTAFy6Z38qnl,A7,Routine / institutional / customer service / other,B6,Institutional promotion / community news,Institutional / community communication
2009278745891862,185,U02,2021,German,https://www.facebook.com/HamburgWasser/posts/pfbid038MG8qjcr3xtjZYxAiUxiCj5iodgpvXokbPnnFEsRJqgGCDqNu5cX45CnP9ApR8WTl,A3,Water conservation / drought / demand management,B5,Education / awareness,Education / awareness
2409676815775665,186,U01,2019,Finnish,https://www.facebook.com/helsinginseudunymparistopalvelut/posts/pfbid0FeTE9X1rM5cERAotiDmndP9eEa7J33higjSH311GEWCP5oKt14s9t4sRjhS9et6xl,A5,Environmental sustainability / waste / recycling / biodiversity,B5,Education / awareness,Education / awareness
921154533137933,187,U09,2024,Italian,https://www.facebook.com/abcacquabenecomunenapoli/posts/pfbid0mJHzZ8agK9MQMLUGrSMwBcBv2mi2UhN2KqxgvdYJDBHKPqLFLtgAsiybi6ZUHwgDl,A2,Service disruption / repair / infrastructure,B1,Alert / warning,Risk / incident communication
279237922171183,188,U03,2012,Portuguese,https://www.facebook.com/EPALaguaslivres/posts/279237922171183,A7,Routine / institutional / customer service / other,B6,Institutional promotion / community news,Institutional / community communication
2383547681958607,189,U12,2019,Finnish,https://www.facebook.com/turunvesihuolto/posts/pfbid0roBqnA3gzPFxuAMQMm8svkT2fVRcyGYaLh71VAi7GeuvAmcoXr1ibnP4ZuYjjkdEl,A5,Environmental sustainability / waste / recycling / biodiversity,B2,Instruction / advice to public,Risk / incident communication
2391778717542749,190,U04,2019,Norwegian,https://www.facebook.com/Oslovann/posts/pfbid02GLrqkX1QFcueMkSFo1fBE2LJE45PLBi3CqLPt26CD6CV5zQCb68XQYwpWkgouRGCl,A7,Routine / institutional / customer service / other,B6,Institutional promotion / community news,Institutional / community communication
5251442641546006,191,U03,2022,Portuguese,https://www.facebook.com/EPALaguaslivres/posts/pfbid0Npep1tJxN8x7X2hENbbFEPK7eCBxhR4jSdJP2m73ZpZvFquLs8m4FiDJNfmEndqMl,A3,Water conservation / drought / demand management,B5,Education / awareness,Education / awareness
3256026184421005,192,U03,2020,Portuguese,https://www.facebook.com/EPALaguaslivres/videos/296212838174724/,A7,Routine / institutional / customer service / other,B6,Institutional promotion / community news,Institutional / community communication
883498197293113,193,U11,2024,Finnish,https://www.facebook.com/tampereenvesi/posts/pfbid03gRVroKCQ8Ra2zUZTcLEYx1jgXbJfoC7B5LGFx6UgdK6hni4xnKUvWa7qLuBCFHUl,A7,Routine / institutional / customer service / other,B6,Institutional promotion / community news,Institutional / community communication
1727981157278571,194,U01,2018,Finnish,https://www.facebook.com/helsinginseudunymparistopalvelut/posts/pfbid02MZNWgfz1zjFY9NfYm2p8KYwGMZNf6jwFLi6pLTnBFBEXYZtPSDDjXRNS2YaH6HHPl,A5,Environmental sustainability / waste / recycling / biodiversity,B2,Instruction / advice to public,Risk / incident communication
979610397537998,195,U05,2024,German,https://www.facebook.com/wasserbetriebe/posts/pfbid02z5cPZcpgembmreAAow3DSyAij58sE6X242QgrZLXDvzDR9NSFrBbNs3WxiuZ4Gz3l,A4,Flood / stormwater / wastewater / sewer,B5,Education / awareness,Education / awareness
956179189635467,196,U09,2024,Italian,https://www.facebook.com/abcacquabenecomunenapoli/posts/pfbid02gzkLp3kbPtVW27vBeyUuXKFFrfEE8fz4TMNfxn2JsSabtXZCKVJGZesmvSThwp6yl,A5,Environmental sustainability / waste / recycling / biodiversity,B6,Institutional promotion / community news,Institutional / community communication
1035510266588811,197,U05,2017,German,https://www.facebook.com/wasserbetriebe/posts/pfbid02xqeBjJ6JhTefcWGbSSJCYAsFFMWhx7QiZG535ZsK2UgVcXsov7T8EfVghGwC6G3Tl,A1,Water quality / safety / public health,B6,Institutional promotion / community news,Institutional / community communication
10158379977116714,198,U10,2022,Swedish,https://www.facebook.com/stockholmvattenochavfall/videos/648749029881681/,A3,Water conservation / drought / demand management,B2,Instruction / advice to public,Risk / incident communication
1010260205717340,199,U01,2016,Finnish,https://www.facebook.com/photo/?fbid=1010260205717340&set=a.476477601183072,A4,Flood / stormwater / wastewater / sewer,B6,Institutional promotion / community news,Institutional / community communication
1093277725478597,200,U07,2024,Dutch,https://www.facebook.com/FARYSmultiservice/posts/pfbid02MXxAi3AwvofBupFo3TxYbeFojjtGVWFxKDwHKQYPfXmwztGr3LKrjq1N6Now75kWl,A5,Environmental sustainability / waste / recycling / biodiversity,B6,Institutional promotion / community news,Institutional / community communication
2339158926107740,201,U03,2019,Portuguese,https://www.facebook.com/EPALaguaslivres/posts/pfbid02TApPSd6QYEXKfZ1wPY15a1LNTe8279x9jJJ4fQpRM7hMNmiTrhWBgCx3dYiGWr6Xl,A6,Public education / heritage / community engagement,B6,Institutional promotion / community news,Institutional / community communication
1212826515523851,202,U05,2018,German,https://www.facebook.com/wasserbetriebe/posts/pfbid0G9cUnsAn4XpJv9BJuK9wSfjVT37BHhwu7WzZtQXjoxn9juvw2ATdhnyNyeD3kaERl,A4,Flood / stormwater / wastewater / sewer,B3,Operational update / resolution,Risk / incident communication
1911559348920750,203,U01,2018,Finnish,https://www.facebook.com/helsinginseudunymparistopalvelut/posts/pfbid02tawEYEWKfnerHdoBL91VjRyesok4FL36r3Vn4UK1aFspqi1rLhdBEJ8TRsJVdfGSl,A5,Environmental sustainability / waste / recycling / biodiversity,B5,Education / awareness,Education / awareness
2866304276726533,204,U03,2019,Portuguese,https://www.facebook.com/EPALaguaslivres/posts/pfbid02TVVXuH9sHrQMYbvhM9VaXpZCxzrTFBN5usSdqhB3xviqkUyo4C5No1jTqsdUAofel,A7,Routine / institutional / customer service / other,B6,Institutional promotion / community news,Institutional / community communication
2167284253348257,205,U01,2019,Finnish,https://www.facebook.com/helsinginseudunymparistopalvelut/posts/pfbid02tpb1PZr9iazDLUVMZQG5G5JB1DtLWFVtA36xXLc57dSxxsokG98PkMhRpFTvqj3Wl,A5,Environmental sustainability / waste / recycling / biodiversity,B2,Instruction / advice to public,Risk / incident communication
2258637287782981,206,U12,2019,Finnish,https://www.facebook.com/turunvesihuolto/posts/pfbid02BAkUNMMdFhbuiupoXQHNcfgN2jzPXmuuFFEWVAWg4dVHsDQEHkdtG12fCXbHAUsXl,A1,Water quality / safety / public health,B4,Reassurance / safety information,Risk / incident communication
1177573552319337,207,U01,2016,Finnish,https://www.facebook.com/helsinginseudunymparistopalvelut/posts/1177573552319337,A4,Flood / stormwater / wastewater / sewer,B6,Institutional promotion / community news,Institutional / community communication
235573419799645,208,U03,2011,Portuguese,https://www.facebook.com/EPALaguaslivres/posts/pfbid033W3c7sBBVv6b9BvaQ87DC8DcPUaJBtHK9TK9jTVr8kJZ6Q88nCBT353CXRVTCWVxl,A2,Service disruption / repair / infrastructure,B1,Alert / warning,Risk / incident communication
829426803747634,209,U03,2014,Portuguese,https://www.facebook.com/EPALaguaslivres/posts/pfbid0kqY7mUftrxAGSyQSkHj7AiSxP8W1y5ovoJVqz4xfshGvVdcuwC3CEP62ksjCSAv1l,A7,Routine / institutional / customer service / other,B6,Institutional promotion / community news,Institutional / community communication
1164060370748289,210,U09,2021,Italian,https://www.facebook.com/abcacquabenecomunenapoli/posts/pfbid027igGWJKcKctL5di9o1uXbwvC6V3x8ANYCEzL9enSXKEBx4d2G4Y3hgKjtAwN8nmpl,A2,Service disruption / repair / infrastructure,B1,Alert / warning,Risk / incident communication
10157351106294268,211,U08,2019,French,https://www.facebook.com/eaudeparis/posts/pfbid0VCmNLj7AcHGmTmm1rzwaKHPjhkNr2dWqkcn9Mq6osQuF4oc4VikgszB2oZpQJiPCl,A7,Routine / institutional / customer service / other,B6,Institutional promotion / community news,Institutional / community communication
5306424799381123,212,U03,2022,Portuguese,https://www.facebook.com/EPALaguaslivres/posts/pfbid0tgchMEHsDYogQoqN2rQdRuSQkCcwD4p56UyDTpCWSXv6fQ4NHG4ykdNRonnCnhoJl,A6,Public education / heritage / community engagement,B5,Education / awareness,Education / awareness
2506020929537730,213,U05,2022,German,https://www.facebook.com/wasserbetriebe/posts/pfbid02zYNGMGjU76hPM1zWHaqDQTNpDADyCkRpzXgHCkk6TKPi4EHyH7F62SMT8bZBTLxrl,A5,Environmental sustainability / waste / recycling / biodiversity,B5,Education / awareness,Education / awareness
1182552343915794,214,U03,2025,Portuguese,https://www.facebook.com/EPALaguaslivres/posts/pfbid02CRbQ8mQQKNH88HwiGhh6AvuHKbFvhQ2hNv5yqjXNHuEXkMZqSGhsPddhwXWCftFFl,A5,Environmental sustainability / waste / recycling / biodiversity,B5,Education / awareness,Education / awareness
1807460089407063,215,U02,2020,German,https://www.facebook.com/HamburgWasser/videos/2872144439676114/,A5,Environmental sustainability / waste / recycling / biodiversity,B5,Education / awareness,Education / awareness
1000413988545320,216,U09,2024,Italian,https://www.facebook.com/abcacquabenecomunenapoli/posts/pfbid0rcA4gTBMPNmhFZ1wWk82J8wPsru8axehVZDByyR2Zn4CTbXVSHdR9jCpehVD4asKl,A3,Water conservation / drought / demand management,B5,Education / awareness,Education / awareness
851262990127088,217,U09,2023,Italian,https://www.facebook.com/abcacquabenecomunenapoli/posts/pfbid0ExhaokHtRVUGbyrcb8qmrZM3qvBwqTqwaQxUirNJKzL2P3sLc3T3omPnAyi2FEkGl,A2,Service disruption / repair / infrastructure,B1,Alert / warning,Risk / incident communication
747640371979326,218,U01,2014,Finnish,https://www.facebook.com/photo/?fbid=747640371979326&set=a.476477601183072,A5,Environmental sustainability / waste / recycling / biodiversity,B6,Institutional promotion / community news,Institutional / community communication
2107103436109392,219,U02,2021,German,https://www.facebook.com/HamburgWasser/posts/pfbid02gM52JtjFGb1sJNWZMkdoqsQTL6H85Z9PzJKrRweVQA8cVgZrL5RN61CyhrZWXiv3l,A7,Routine / institutional / customer service / other,B6,Institutional promotion / community news,Institutional / community communication
876202711178541,220,U12,2024,Finnish,https://www.facebook.com/turunvesihuolto/posts/pfbid0mvzJcTp45sGDcQtHgfG8DG9svqVtJTxhvLf3GHbUmPUYMP1vDGnqf5KBZSTnqorel,A7,Routine / institutional / customer service / other,B6,Institutional promotion / community news,Institutional / community communication
10158703512061714,221,U10,2022,Swedish,https://www.facebook.com/stockholmvattenochavfall/videos/1135268860535460/,A6,Public education / heritage / community engagement,B6,Institutional promotion / community news,Institutional / community communication
645758912144747,222,U04,2014,Norwegian,https://www.facebook.com/photo/?fbid=645758912144747&set=a.485581470263619,A4,Flood / stormwater / wastewater / sewer,B6,Institutional promotion / community news,Institutional / community communication
3489097914447163,223,U03,2020,Portuguese,https://www.facebook.com/EPALaguaslivres/posts/pfbid02fCnAwsc3kT6bUjE97oKz6D1kHpMJu1GWMEdnNStfugT8voFBWkT3dyCQ4QByFpcPl,A6,Public education / heritage / community engagement,B5,Education / awareness,Education / awareness
885258895295106,224,U09,2020,Italian,https://www.facebook.com/abcacquabenecomunenapoli/posts/pfbid0DC3UQUUqbMUTJYR2sEAAk1QNa4PsSozeioakjTVnqqoSbKkrkDgLSDy3u1bBtN1jl,A2,Service disruption / repair / infrastructure,B1,Alert / warning,Risk / incident communication
1617400811616892,225,U03,2017,Portuguese,https://www.facebook.com/EPALaguaslivres/posts/pfbid0obkNLnsGnGPSjGUN95e7Cb4FT6hojEV4y2exhAocw48c2PuszcSc3M3U8DoSC725l,A7,Routine / institutional / customer service / other,B6,Institutional promotion / community news,Institutional / community communication
2561260340564263,226,U03,2019,Portuguese,https://www.facebook.com/EPALaguaslivres/posts/pfbid02b3eHiP9fuZaMTpTzyFSUKyQrppdU7C2UUsY2ZYqAXEjWnwtgz3KDXycRN3VkE1YQl,A5,Environmental sustainability / waste / recycling / biodiversity,B2,Instruction / advice to public,Risk / incident communication
4087282761348387,227,U01,2021,Finnish,https://www.facebook.com/helsinginseudunymparistopalvelut/posts/pfbid02gC1HY55xDNN7jJ97HK3i98v7CMBso52CWo1cGwTcaWYvr3mNKDsYzwGn8fSdnVvrl,A7,Routine / institutional / customer service / other,B2,Instruction / advice to public,Risk / incident communication
800984503258531,228,U03,2014,Portuguese,https://www.facebook.com/EPALaguaslivres/posts/pfbid02Ki22pgifFVidocgLw2CPp7TReHNCswkRvXazTTMFEXCFHXZJ2CYud5pGWtq7JuTDl,A6,Public education / heritage / community engagement,B6,Institutional promotion / community news,Institutional / community communication
1656353952504302,229,U07,2026,Dutch,https://www.facebook.com/FARYSmultiservice/posts/pfbid0Fi4FnCvQz7QhTBqosNpEbCpNJfJBnxcRt2hbwXHC89ABAWK5zNjaP6fAVcdbttKNl,A7,Routine / institutional / customer service / other,B6,Institutional promotion / community news,Institutional / community communication
786292240347043,230,U11,2024,Finnish,https://www.facebook.com/tampereenvesi/posts/pfbid02mWrN7DUbeHAX7N6GKJYkiLtYaUr4qDXPtYMCqkvwwyxmJ7yi5UyFDJD6gUGYNDChl,A7,Routine / institutional / customer service / other,B6,Institutional promotion / community news,Institutional / community communication
1525441764610146,231,U09,2023,Italian,https://www.facebook.com/abcacquabenecomunenapoli/posts/pfbid0JsriUXnDGjnkPWc9ETPSChxJBV8kHXDnK1HWPPAKn3xZHqqKFnCf1qsETHJoyj5Zl,A2,Service disruption / repair / infrastructure,B1,Alert / warning,Risk / incident communication
739958871501609,232,U01,2023,Finnish,https://www.facebook.com/helsinginseudunymparistopalvelut/posts/pfbid02huVkhwHjoAc756vurqz8z1zMqEUMNy2nHeoV3chZh2jfd2zVZW4zDMpAP4sh91rEl,A7,Routine / institutional / customer service / other,B6,Institutional promotion / community news,Institutional / community communication
1698145536991944,233,U05,2020,German,https://www.facebook.com/wasserbetriebe/posts/pfbid02oWPw7dz9rgpaYNym3P68zCMXexyj2YwDHo2rT8i8CGgiXSzkNSovBUfxqPLmeB97l,A5,Environmental sustainability / waste / recycling / biodiversity,B5,Education / awareness,Education / awareness
10158141973679268,234,U08,2019,French,https://www.facebook.com/photo/?fbid=10158141973679268&set=a.643560364467965,A5,Environmental sustainability / waste / recycling / biodiversity,B2,Instruction / advice to public,Risk / incident communication
498292710194380,235,U03,2012,Portuguese,https://www.facebook.com/photo/?fbid=498292710194380&set=a.636558505181850,A5,Environmental sustainability / waste / recycling / biodiversity,B6,Institutional promotion / community news,Institutional / community communication
3562904247119577,236,U01,2020,Finnish,https://www.facebook.com/helsinginseudunymparistopalvelut/posts/pfbid07Ptr8fQY5DbGoKX611hwcsUeFhkX7hZswj3QLvwDSYExubTx1z5swxJmadAFXEPwl,A5,Environmental sustainability / waste / recycling / biodiversity,B2,Instruction / advice to public,Risk / incident communication
2452731235040251,237,U12,2020,Finnish,https://www.facebook.com/turunvesihuolto/posts/pfbid031b65BxNAGxkeufwokAw56m1yEBTKrWFqCqcvapMdpk2qZcQoThZMsQSmLfWtaXpal,A6,Public education / heritage / community engagement,B6,Institutional promotion / community news,Institutional / community communication
206476069376047,238,U03,2011,Portuguese,https://www.facebook.com/photo/?fbid=206476069376047&set=a.636558505181850,A6,Public education / heritage / community engagement,B6,Institutional promotion / community news,Institutional / community communication
4223292601027687,239,U03,2021,Portuguese,https://www.facebook.com/EPALaguaslivres/posts/pfbid02cDa9pSbVMRT9VWe92Q9uVSfaMjKLP3fV9huhEn93rQsd7cFxU9kYkD93mLfBcz4rl,A5,Environmental sustainability / waste / recycling / biodiversity,B6,Institutional promotion / community news,Institutional / community communication
1822929424526796,240,U02,2020,German,https://www.facebook.com/HamburgWasser/posts/pfbid0BdcmSfZSuKsSo1Ht2Q33fewWVit4axu7GB4jw6rAnqgK5KS22cBwrVP64Na8HZ8wl,A7,Routine / institutional / customer service / other,B6,Institutional promotion / community news,Institutional / community communication
3455912747818728,241,U01,2020,Finnish,https://www.facebook.com/helsinginseudunymparistopalvelut/posts/pfbid02P5HZH4BhB5NotkFxDu1ordB3FpSeRGEKdk2iFsDuKgHsUbJJDPSqrzQDxdHnNVdNl,A5,Environmental sustainability / waste / recycling / biodiversity,B2,Instruction / advice to public,Risk / incident communication
1176359875720990,242,U03,2016,Portuguese,https://www.facebook.com/photo/?fbid=1176359875720990&set=a.636558505181850,A6,Public education / heritage / community engagement,B6,Institutional promotion / community news,Institutional / community communication
806882243132772,243,U09,2020,Italian,https://www.facebook.com/abcacquabenecomunenapoli/posts/pfbid05VhetAswM6pDmw4AAq9AqM1m23wSdNyAiQdNFofejoDmBcqNLmvGJeSasyPSY8VWl,A2,Service disruption / repair / infrastructure,B1,Alert / warning,Risk / incident communication
1422383828249274,244,U09,2022,Italian,https://www.facebook.com/abcacquabenecomunenapoli/posts/pfbid0yM8T818Wx7DqmSmKCdYDonZaWe9HPCcPU85roBkPWzGYb8SYPeZFgC2Pf6CEo14Bl,A2,Service disruption / repair / infrastructure,B1,Alert / warning,Risk / incident communication
750618736858181,245,U09,2023,Italian,https://www.facebook.com/abcacquabenecomunenapoli/posts/pfbid02E7Soh81NJ3qWkUtGadRiGtqFo2Pbd4o9gZGkHakjAXy5x5Bw2oe5EqFggN73KfWbl,A2,Service disruption / repair / infrastructure,B1,Alert / warning,Risk / incident communication
715773620554785,246,U12,2023,Finnish,https://www.facebook.com/turunvesihuolto/videos/930154088070202/,A6,Public education / heritage / community engagement,B6,Institutional promotion / community news,Institutional / community communication
10158428546619268,247,U08,2020,French,https://www.facebook.com/eaudeparis/posts/pfbid02NcRM7CX8oCWjG8V1NdCEQLCtmUM1EqJMYcTyZ1gBsB25iuZpkewUonxH55VBGAY4l,A6,Public education / heritage / community engagement,B6,Institutional promotion / community news,Institutional / community communication
10158557203271714,248,U10,2022,Swedish,https://www.facebook.com/stockholmvattenochavfall/posts/pfbid0aVeTTTYyAcZhWYfsjLYtKwuv1vHwithmUVwzsU3ZEomL2X7P6uf4mW9A6NymA8dil,A5,Environmental sustainability / waste / recycling / biodiversity,B6,Institutional promotion / community news,Institutional / community communication
831036789028467,249,U12,2023,Finnish,https://www.facebook.com/turunvesihuolto/posts/pfbid0368wU3bofDdnQRggRwAwssNNpbNJwMCiDLbaSASMrqkCCNcE3bjTbScPvxdPaG1PSl,A7,Routine / institutional / customer service / other,B6,Institutional promotion / community news,Institutional / community communication
1015100558566638,250,U01,2016,Finnish,https://www.facebook.com/helsinginseudunymparistopalvelut/posts/1015100558566638,A5,Environmental sustainability / waste / recycling / biodiversity,B2,Instruction / advice to public,Risk / incident communication
2960634520679889,251,U01,2020,Finnish,https://www.facebook.com/helsinginseudunymparistopalvelut/posts/pfbid0i75DKQYuoBrgNFqFMx94me5Zh5Z4isJL8GXEig1UYViQDtbn64bVZAMf6mkjUia3l,A1,Water quality / safety / public health,B2,Instruction / advice to public,Risk / incident communication
5971061662917430,252,U03,2022,Portuguese,https://www.facebook.com/EPALaguaslivres/posts/pfbid02SE6xf5yKRdTKrYsKNtSEVBhNTuv9XUBPbfh9AeFvfBhbXaRhJZF3w9TMPxttX7Z7l,A7,Routine / institutional / customer service / other,B6,Institutional promotion / community news,Institutional / community communication
10159125307666714,253,U10,2023,Swedish,https://www.facebook.com/stockholmvattenochavfall/videos/1383885119045597/,A4,Flood / stormwater / wastewater / sewer,B5,Education / awareness,Education / awareness
1744662228943797,254,U01,2018,Finnish,https://www.facebook.com/helsinginseudunymparistopalvelut/videos/1744662228943797/,A5,Environmental sustainability / waste / recycling / biodiversity,B5,Education / awareness,Education / awareness
2794338440642832,255,U01,2020,Finnish,https://www.facebook.com/helsinginseudunymparistopalvelut/posts/pfbid0eB3TTUJbCecPtkNxd3bXuYadwoZ2C4Y4mqN3V8TUTtRtsaRHX2z37PaHbHM9HE6Ll,A5,Environmental sustainability / waste / recycling / biodiversity,B2,Instruction / advice to public,Risk / incident communication
1005912059432440,256,U03,2015,Portuguese,https://www.facebook.com/photo/?fbid=1005912059432440&set=a.1005912046099108,A7,Routine / institutional / customer service / other,B6,Institutional promotion / community news,Institutional / community communication
2612819325524556,257,U05,2022,German,https://www.facebook.com/photo/?fbid=2612819325524556&set=a.632073468958361,A5,Environmental sustainability / waste / recycling / biodiversity,B6,Institutional promotion / community news,Institutional / community communication
3522725447804124,258,U01,2020,Finnish,https://www.facebook.com/helsinginseudunymparistopalvelut/posts/pfbid028AT8r8SRR4tfdSPGszneddb4tG627Av3fdgbHeC4YKG73fyWBWPGCn7FMsrEsYxal,A6,Public education / heritage / community engagement,B6,Institutional promotion / community news,Institutional / community communication
10158965252614268,259,U08,2020,French,https://www.facebook.com/eaudeparis/posts/pfbid02dfmoxhVj8LukhEQMZzkrbSUDNDL2crmxFPi9qCwig79Z5EbBY2EECy3HwhovDJvNl,A6,Public education / heritage / community engagement,B5,Education / awareness,Education / awareness
465615783462073,260,U03,2012,Portuguese,https://www.facebook.com/photo/?fbid=465615783462073&set=a.264900370200283,A6,Public education / heritage / community engagement,B6,Institutional promotion / community news,Institutional / community communication
702368330250831,261,U09,2019,Italian,https://www.facebook.com/abcacquabenecomunenapoli/posts/pfbid0d9Qy1aaYUFsJ5pNZxgiwViTbdnb1u9YzSH8hVyFEyLFSRSPJdVZ2uKxJL5fpUXNil,A2,Service disruption / repair / infrastructure,B1,Alert / warning,Risk / incident communication
4262759293800732,262,U01,2021,Finnish,https://www.facebook.com/helsinginseudunymparistopalvelut/posts/pfbid0WgiNcE5oEarww6zPSKSkaXxPYxQYg75GavFafvmPTWMgACUu9gsyRJMxLBUWmvQZl,A6,Public education / heritage / community engagement,B5,Education / awareness,Education / awareness
4523454914344786,263,U03,2021,Portuguese,https://www.facebook.com/EPALaguaslivres/posts/pfbid0JVMrBYfYBqixSsA8Vif3zLcfEEHAfkYg3zXyVbzdGJMkaPLMBU9f4LhLUzoAZP2Jl,A5,Environmental sustainability / waste / recycling / biodiversity,B6,Institutional promotion / community news,Institutional / community communication
736729773070386,264,U01,2014,Finnish,https://www.facebook.com/helsinginseudunymparistopalvelut/posts/736729773070386,A5,Environmental sustainability / waste / recycling / biodiversity,B6,Institutional promotion / community news,Institutional / community communication
10157387724634268,265,U08,2019,French,https://www.facebook.com/eaudeparis/posts/pfbid02kDw7WBjCnFckj5DaTpmAsHRHt7MBHiN25guWE71JC4an4MgfVaWXRT8PMSo4d2kal,A5,Environmental sustainability / waste / recycling / biodiversity,B6,Institutional promotion / community news,Institutional / community communication
2117844554958894,266,U01,2019,Finnish,https://www.facebook.com/helsinginseudunymparistopalvelut/posts/pfbid02CkGXABpmE7vPvNuW9LZtfe8hEnJ5sJwR3tdkfwPBp4TUm4zP8xD7addF1SthNRLhl,A5,Environmental sustainability / waste / recycling / biodiversity,B2,Instruction / advice to public,Risk / incident communication
1893053477384956,267,U03,2018,Portuguese,https://www.facebook.com/EPALaguaslivres/posts/pfbid0PKbPtpxLDnFwQebzTbQtdZHm1rbT7xEYdda9nSGFggirsJ35sZQQV3HUz2hrZunAl,A3,Water conservation / drought / demand management,B5,Education / awareness,Education / awareness
2430352406988391,268,U03,2019,Portuguese,https://www.facebook.com/EPALaguaslivres/posts/pfbid09XQneeNYDfzJzz2ruQV42fCyY8rA4NZbFJD8SAP86EBnaNGVDBju3tKwUsdamXptl,A7,Routine / institutional / customer service / other,B6,Institutional promotion / community news,Institutional / community communication
1355229429939074,269,U10,2025,Swedish,https://www.facebook.com/stockholmvattenochavfall/posts/pfbid02TLRo8TWaEYobSvcyP21DiTty9oNCAtGdJhFsoVNLL7SiF76cHL9y4TNGhboof4Kwl,A3,Water conservation / drought / demand management,B4,Reassurance / safety information,Risk / incident communication
1243009969519995,270,U09,2022,Italian,https://www.facebook.com/abcacquabenecomunenapoli/posts/pfbid02xHKGRJh1uA5HyBc77Pb4MoKuKiYRRh7QfniyoopqiiMgw3CxsqtHZkjgs182QZuKl,A2,Service disruption / repair / infrastructure,B1,Alert / warning,Risk / incident communication
6288532547837005,271,U03,2023,Portuguese,https://www.facebook.com/EPALaguaslivres/posts/pfbid0aWC6wEgjy9PM2CKBvmrZnu6MAj48EfJ3vbAHtRAtv7Zqf4tEhuFAsGyLGVogRanJl,A1,Water quality / safety / public health,B4,Reassurance / safety information,Risk / incident communication
794525476190386,272,U11,2024,Finnish,https://www.facebook.com/tampereenvesi/posts/pfbid02J5Dw7XyBawfAg2jNYxMMoB4mPD4BL48wwr6vqc8xhMgfDhf3Xa5EF1B9Uw1ELywNl,A7,Routine / institutional / customer service / other,B6,Institutional promotion / community news,Institutional / community communication
1809068549232975,273,U05,2020,German,https://www.facebook.com/photo/?fbid=1809068549232975&set=a.632073468958361,A7,Routine / institutional / customer service / other,B6,Institutional promotion / community news,Institutional / community communication
1640506859435721,274,U02,2020,German,https://www.facebook.com/HamburgWasser/videos/184408849578828/,A7,Routine / institutional / customer service / other,B5,Education / awareness,Education / awareness
2895750930501582,275,U01,2020,Finnish,https://www.facebook.com/helsinginseudunymparistopalvelut/posts/pfbid02TVpZV84Hv3nctQ9RnMwZCAM4LgtouY5FGsnKnpFqk9AHxKxnfw4d2VsPKfaUtx9il,A7,Routine / institutional / customer service / other,B2,Instruction / advice to public,Risk / incident communication
2376823572457467,276,U05,2022,German,https://www.facebook.com/wasserbetriebe/posts/pfbid0qPPY4MkVeGpoMk7tmTRmgbw4Tc98XwVd22sxvsroEoraP7Kqc1rPgDjD9L5ZZYL5l,A7,Routine / institutional / customer service / other,B6,Institutional promotion / community news,Institutional / community communication
5017715378250821,277,U07,2022,Dutch,https://www.facebook.com/FARYSmultiservice/posts/pfbid09nGG9SezKLPLUBSy7RcTK5qogDJ8WMLw93krvFnfZtJHiPEfe9wNqTfUbBNZBZyjl,A7,Routine / institutional / customer service / other,B6,Institutional promotion / community news,Institutional / community communication
1443873332766990,278,U09,2022,Italian,https://www.facebook.com/abcacquabenecomunenapoli/posts/pfbid0212esxz7Fz3QH6JxdybAm4BkzW1soTQbVeWoHovXX3RpZKgrfEN4Xuu6KjQGTxT49l,A2,Service disruption / repair / infrastructure,B1,Alert / warning,Risk / incident communication
807801689273801,279,U04,2015,Norwegian,https://www.facebook.com/Oslovann/posts/807801689273801,A7,Routine / institutional / customer service / other,B6,Institutional promotion / community news,Institutional / community communication
10153048260351714,280,U10,2015,Swedish,https://www.facebook.com/photo/?fbid=10153048260351714&set=a.817579893704033,A6,Public education / heritage / community engagement,B6,Institutional promotion / community news,Institutional / community communication
5285097564847180,281,U03,2022,Portuguese,https://www.facebook.com/EPALaguaslivres/posts/pfbid031kopFzY6uQXi37CGHC5aqD4b8jqJAUXiN8YhNQyUo2qqyJJd2p8g46Zjdd2G51Lcl,A7,Routine / institutional / customer service / other,B6,Institutional promotion / community news,Institutional / community communication
2182637198426581,282,U03,2018,Portuguese,https://www.facebook.com/EPALaguaslivres/posts/pfbid024uxJh68KD526yse6N6FDnU1SHZunmnDvEHHKuYni5refKnBqhDBb3P4YcsvVbDcil,A6,Public education / heritage / community engagement,B6,Institutional promotion / community news,Institutional / community communication
368172565492348,283,U11,2022,Finnish,https://www.facebook.com/tampereenvesi/posts/pfbid0wAE9jjmW2EM7BPAqZDwSGCZPAmgtE47CcRf8oyXqbSRYPqeA1Y6rV4cnGfZeer9jl,A4,Flood / stormwater / wastewater / sewer,B5,Education / awareness,Education / awareness
1631258236950864,284,U01,2018,Finnish,https://www.facebook.com/helsinginseudunymparistopalvelut/posts/pfbid048k1gQZnJFiJ5R2nhYBHi3rH7F5LzPWpDbmRcynvgGSP7MGxswv9LQvrrWpk8mvQl,A1,Water quality / safety / public health,B2,Instruction / advice to public,Risk / incident communication
1884526848353811,285,U05,2020,German,https://www.facebook.com/photo/?fbid=1884526848353811&set=a.632073468958361,A4,Flood / stormwater / wastewater / sewer,B5,Education / awareness,Education / awareness
1029792073711105,286,U03,2015,Portuguese,https://www.facebook.com/photo/?fbid=1029792073711105&set=a.636558505181850,A1,Water quality / safety / public health,B2,Instruction / advice to public,Risk / incident communication
3588903491186319,287,U01,2020,Finnish,https://www.facebook.com/helsinginseudunymparistopalvelut/posts/pfbid0aQWkTw5ZY1QcZSUB3XyYS5K8ar6DnpcQAA2xMBjssxA2keyfs7b7LdVoHKkGoAsgl,A5,Environmental sustainability / waste / recycling / biodiversity,B2,Instruction / advice to public,Risk / incident communication
4899522360071371,288,U03,2021,Portuguese,https://www.facebook.com/EPALaguaslivres/posts/pfbid02eP48fJnY3pG9WMfQ1pHe3a5ku7D4qK4nm3d2qM3wHf5jjE4gbqdFJp2R9uwDuzeZl,A1,Water quality / safety / public health,B2,Instruction / advice to public,Risk / incident communication
1269887246368252,289,U03,2016,English,https://www.facebook.com/photo/?fbid=1269887246368252&set=a.636558505181850,A7,Routine / institutional / customer service / other,B6,Institutional promotion / community news,Institutional / community communication
747027417452355,290,U04,2023,Norwegian,https://www.facebook.com/Oslovann/posts/pfbid02R1LS2zYTgWE99bUtZ7E5RftAV42jmvyCJX4Xw1tEbkhgduhszoESp8FB8gsNvY5cl,A6,Public education / heritage / community engagement,B5,Education / awareness,Education / awareness
664560186900964,291,U03,2013,Portuguese,https://www.facebook.com/photo/?fbid=664560186900964&set=a.664560130234303,A6,Public education / heritage / community engagement,B6,Institutional promotion / community news,Institutional / community communication
688777051609959,292,U09,2019,Italian,https://www.facebook.com/abcacquabenecomunenapoli/posts/pfbid0BG6w2jsr1m4QhNjYcCkFBkjiwhS8m1ZoVFK5evH6SWLNcWUzbJsnAA8sBingQKUel,A2,Service disruption / repair / infrastructure,B1,Alert / warning,Risk / incident communication
798209600202688,293,U03,2014,Portuguese,https://www.facebook.com/EPALaguaslivres/posts/798209600202688,A7,Routine / institutional / customer service / other,B6,Institutional promotion / community news,Institutional / community communication
640470178108080,294,U04,2023,Norwegian,https://www.facebook.com/Oslovann/posts/pfbid0i6Ju5Dub8xC8ibaCevvKQtzmv2WzTXQH1fgEMf5MBnyfNooWvrrr45iefL6JA2NJl,A3,Water conservation / drought / demand management,B5,Education / awareness,Education / awareness
4180062085403787,295,U01,2021,Finnish,https://www.facebook.com/helsinginseudunymparistopalvelut/posts/pfbid0atoJcRZBytgo7YNPBSARCNdGaBJ3R2TjMs56pVVaWtttAkK46Msp6HvCLbjBFrSdl,A5,Environmental sustainability / waste / recycling / biodiversity,B2,Instruction / advice to public,Risk / incident communication
228927903863051,296,U03,2012,Portuguese,https://www.facebook.com/EPALaguaslivres/posts/228927903863051,A3,Water conservation / drought / demand management,B5,Education / awareness,Education / awareness
3671627676194185,297,U03,2020,Portuguese,https://www.facebook.com/EPALaguaslivres/posts/pfbid0x5XEYe5X4wSQT6wwrx272eWLChoUMVMsFxND5skk8BhdnS2KSPiK9WcNfXdQEfPfl,A7,Routine / institutional / customer service / other,B6,Institutional promotion / community news,Institutional / community communication
10156488216884268,298,U08,2018,French,https://www.facebook.com/eaudeparis/posts/pfbid0a4XZycKhoaVj197MNykbN7UZgvseKgHrXxNENCPS38j7giTaG9Y6MDM1dM92y72Jl,A6,Public education / heritage / community engagement,B6,Institutional promotion / community news,Institutional / community communication
1508782382478736,299,U03,2017,Portuguese,https://www.facebook.com/photo/?fbid=1508782382478736&set=a.636558505181850,A3,Water conservation / drought / demand management,B5,Education / awareness,Education / awareness
1309064756247849,300,U09,2022,Italian,https://www.facebook.com/abcacquabenecomunenapoli/posts/pfbid0eQhEJoeRFLvcSsd8pBkoHisUUUAcRSed1uzMND88kaGQtPxihtxq4kkdxzTNY2zRl,A2,Service disruption / repair / infrastructure,B1,Alert / warning,Risk / incident communication
1434195933734730,301,U09,2022,Italian,https://www.facebook.com/abcacquabenecomunenapoli/posts/pfbid02KooigC5ccUn7PWxTTY7MRejiiN86TPWUQ4rzVvGdvnBEj5CMvUDWgH8zQuFzvXVal,A2,Service disruption / repair / infrastructure,B1,Alert / warning,Risk / incident communication
946977984139899,302,U03,2024,Portuguese,https://www.facebook.com/EPALaguaslivres/posts/pfbid034aQT8pmbSMrRfULWBQDKS37a9HMUrGxTEEdJ1hvSHLQLSm4RnKWWd4rzguKJ9G3Ul,A7,Routine / institutional / customer service / other,B6,Institutional promotion / community news,Institutional / community communication
2420345551375458,303,U01,2019,Finnish,https://www.facebook.com/helsinginseudunymparistopalvelut/posts/pfbid0VA33CtsuEvpNRHejd4KVQtNFG1LUgY4BkXPwr2qbBEfpX16bgjDFPenc5j4Dzoakl,A6,Public education / heritage / community engagement,B5,Education / awareness,Education / awareness
1211230497463667,304,U09,2025,Italian,https://www.facebook.com/abcacquabenecomunenapoli/posts/pfbid02Jb9W14mRxe4v7EiBkYz7W6NNTKwF9HD4539i6iRZdk3cPTjw3Li9TfxeiDe1npjGl,A2,Service disruption / repair / infrastructure,B1,Alert / warning,Risk / incident communication
381611608530381,305,U03,2012,Portuguese,https://www.facebook.com/EPALaguaslivres/posts/381611608530381,A7,Routine / institutional / customer service / other,B6,Institutional promotion / community news,Institutional / community communication
817206124969702,306,U03,2014,Portuguese,https://www.facebook.com/photo/?fbid=817206124969702&set=a.636558505181850,A7,Routine / institutional / customer service / other,B5,Education / awareness,Education / awareness
1033537430056284,307,U01,2016,Finnish,https://www.facebook.com/helsinginseudunymparistopalvelut/posts/1033537430056284,A5,Environmental sustainability / waste / recycling / biodiversity,B5,Education / awareness,Education / awareness
1765027263650346,308,U02,2020,German,https://www.facebook.com/HamburgWasser/posts/pfbid0E8DCqmBxE6kmpbsupCHsQmnz7svRGYiLrdb6pyCY39DXGDyACSDubsyvMzFsCHF2l,A4,Flood / stormwater / wastewater / sewer,B2,Instruction / advice to public,Risk / incident communication
913062280613825,309,U09,2024,Italian,https://www.facebook.com/abcacquabenecomunenapoli/posts/pfbid06S65X6jhg7yGW4ChHJcenZSjcjDKuxTQ5cZbLRsV3SbiGGvETNCwa9NNua6KS6rul,A2,Service disruption / repair / infrastructure,B1,Alert / warning,Risk / incident communication
1151460510107333,310,U09,2025,Italian,https://www.facebook.com/abcacquabenecomunenapoli/posts/pfbid0A31MPZuToo6FndtTzJoufLL1hJvvsf4uPp8RvpXCnCsxGTQurqeDJwtkKZmLx94fl,A2,Service disruption / repair / infrastructure,B1,Alert / warning,Risk / incident communication
936397626383884,311,U03,2015,Spanish,https://www.facebook.com/photo/?fbid=936397626383884&set=a.636558495181851,A6,Public education / heritage / community engagement,B6,Institutional promotion / community news,Institutional / community communication
2682377658505578,312,U01,2020,Finnish,https://www.facebook.com/helsinginseudunymparistopalvelut/posts/pfbid037CXwwuUYpPhE4TfjGYCY2nzb8MPULsr25LoNooSp2xSUL2k9xQqW5azubwZ321Jbl,A7,Routine / institutional / customer service / other,B6,Institutional promotion / community news,Institutional / community communication
1532567657230890,313,U09,2023,Italian,https://www.facebook.com/abcacquabenecomunenapoli/posts/pfbid02yWrAA43PyvLWpcMoj6SqDuHVt9s3f7BwHMqM91cFntGgKDf4k3Gwqf8GREKC5u3ul,A4,Flood / stormwater / wastewater / sewer,B3,Operational update / resolution,Risk / incident communication
639511592739157,314,U03,2013,Portuguese,https://www.facebook.com/photo/?fbid=639511592739157&set=a.520041681352816,A6,Public education / heritage / community engagement,B5,Education / awareness,Education / awareness
10158699373209268,315,U08,2020,French,https://www.facebook.com/eaudeparis/posts/pfbid0xierhYgtiFwQ5WHamNuEeeUcewrmxHJtEMaLzyCayzQyJbRiBPGoEX9Y5syBiWBil,A4,Flood / stormwater / wastewater / sewer,B6,Institutional promotion / community news,Institutional / community communication
866832130007101,316,U03,2014,Portuguese,https://www.facebook.com/EPALaguaslivres/posts/pfbid02XQsLLU9jzfGDXBbZ9wQzGLzqSusXSSAj3MdS95ARGA7KUqWpap4Dudp2sbCHUdEjl,A6,Public education / heritage / community engagement,B5,Education / awareness,Education / awareness
209441524521333,317,U12,2021,Finnish,https://www.facebook.com/turunvesihuolto/posts/pfbid0M6Q2bqTr7xt2bxW2wJYBVUjaA9swyyFPcr7i2e3m5Mup1dvuBJx2aDLRXaRE4T5Hl,A3,Water conservation / drought / demand management,B5,Education / awareness,Education / awareness
587343996754032,318,U04,2023,Norwegian,https://www.facebook.com/Oslovann/posts/pfbid09MN4sEaNegNJ8YayYuLdrnBbSmKeyUrrpQJrJScLDJ7JnTBWEXMUsW11YANKu3Til,A6,Public education / heritage / community engagement,B5,Education / awareness,Education / awareness
5007040452652894,319,U03,2022,Portuguese,https://www.facebook.com/EPALaguaslivres/posts/pfbid0Qsuk3CUr9R2ES2kp49MMijErkjR4GXMD9cCoAuQopXVLXCwpYmmiDGaaPeiknjwCl,A6,Public education / heritage / community engagement,B6,Institutional promotion / community news,Institutional / community communication
4833485243341750,320,U03,2021,Portuguese,https://www.facebook.com/EPALaguaslivres/videos/844712719528780/,A3,Water conservation / drought / demand management,B2,Instruction / advice to public,Risk / incident communication
4745632412127034,321,U03,2021,Portuguese,https://www.facebook.com/EPALaguaslivres/posts/pfbid02pSth8mbh7i5k9ZktEe99pdJVuyGXUA8TSrYpFP9adFsA6UjaUfQ9kyywXTCJMvGVl,A6,Public education / heritage / community engagement,B6,Institutional promotion / community news,Institutional / community communication
1287137021362989,322,U01,2017,Finnish,https://www.facebook.com/helsinginseudunymparistopalvelut/posts/1287137021362989,A4,Flood / stormwater / wastewater / sewer,B6,Institutional promotion / community news,Institutional / community communication
10160789741214268,323,U08,2023,French,https://www.facebook.com/eaudeparis/posts/pfbid0LkjshMcR1juQHAytMLTppYZP8rWjjs4D1h6aQFfUtV9MV57CZ3nxiJci4EycmPPyl,A3,Water conservation / drought / demand management,B5,Education / awareness,Education / awareness
6157314430958818,324,U03,2023,Portuguese,https://www.facebook.com/EPALaguaslivres/posts/pfbid0eKZVt3XumvEherdRNc3Fma9sAPxqGGuCsh99y56aYJsuqbezfNovVGuwkkoSwRMhl,A3,Water conservation / drought / demand management,B2,Instruction / advice to public,Risk / incident communication
2581015335254183,325,U07,2019,Dutch,https://www.facebook.com/FARYSmultiservice/posts/pfbid02CN8mrwh1FGxfyidN1fYbbKZLZufenLzvLaTmxLjCjLWmFp5TyHDJQ5ZQRMpUbbRl,A7,Routine / institutional / customer service / other,B6,Institutional promotion / community news,Institutional / community communication
4054159034607712,326,U03,2021,Portuguese,https://www.facebook.com/EPALaguaslivres/posts/pfbid0tH8pcRPDn9REa7LtuitE8bMfBdDz3mnaKruQTPu4n5EeFsxF5reoYG22KidfH9UHl,A1,Water quality / safety / public health,B6,Institutional promotion / community news,Institutional / community communication
1285680868251657,327,U02,2019,German,https://www.facebook.com/HamburgWasser/posts/pfbid02FSL5BoLhsLdRcGa691r53776A3Px7ML5cTRz2Cb3qi5sqoXjMfH6LjM4VQTbm6rKl,A7,Routine / institutional / customer service / other,B6,Institutional promotion / community news,Institutional / community communication
868329303190717,328,U03,2014,Portuguese,https://www.facebook.com/photo/?fbid=868329303190717&set=a.636558505181850,A6,Public education / heritage / community engagement,B6,Institutional promotion / community news,Institutional / community communication
531023052540631,329,U11,2023,Finnish,https://www.facebook.com/tampereenvesi/posts/pfbid0thANGF4jruZF8sux3KMy9DEY3P9u8sRbyYWjZPT8Z6xbZTup8fH3NDKP5kb6DwPwl,A7,Routine / institutional / customer service / other,B5,Education / awareness,Education / awareness
2278919798798320,330,U03,2019,Portuguese,https://www.facebook.com/EPALaguaslivres/videos/2160496834042767/,A7,Routine / institutional / customer service / other,B7,Other / unclear,Other / unclear
665743023479669,331,U04,2014,Norwegian,https://www.facebook.com/Oslovann/posts/pfbid02rd2hi5xVDpna1mLzvPyJ6ob7gJBLj4mrDanAGGGCryco39WNvrgKKABF6j5yjMgKl,A6,Public education / heritage / community engagement,B5,Education / awareness,Education / awareness
760609563962692,332,U03,2014,Portuguese,https://www.facebook.com/photo/?fbid=760609563962692&set=a.636558505181850,A7,Routine / institutional / customer service / other,B7,Other / unclear,Other / unclear
654006814676016,333,U01,2014,Finnish,https://www.facebook.com/helsinginseudunymparistopalvelut/posts/654006814676016,A6,Public education / heritage / community engagement,B6,Institutional promotion / community news,Institutional / community communication
1444049436082713,334,U09,2022,Italian,https://www.facebook.com/abcacquabenecomunenapoli/posts/pfbid036fJPuBG79QWvWEhegKvg7hQRSgAUaNttV5Xr8toiGJEugHzon2DPhvaXmEev1v8Hl,A2,Service disruption / repair / infrastructure,B1,Alert / warning,Risk / incident communication
10156231946279268,335,U08,2018,French,https://www.facebook.com/eaudeparis/posts/pfbid0Cy3gR82ZHC6fhN5jejhSPbW2BxUtf8R4gpBitGYyHgXkMaZ3LBfbnFaqTmuEazjtl,A6,Public education / heritage / community engagement,B6,Institutional promotion / community news,Institutional / community communication
2639522149404748,336,U03,2019,Portuguese,https://www.facebook.com/EPALaguaslivres/posts/pfbid0x8oEbV5f5c869Yj5qafgvaE5jAVLV6pXKyBnjEGfFUNuCuDykvpopaW6rokVUVHhl,A6,Public education / heritage / community engagement,B5,Education / awareness,Education / awareness
774020268095469,337,U01,2024,Finnish,https://www.facebook.com/helsinginseudunymparistopalvelut/posts/pfbid0sM5Q86nnEfpPmKFtyKr4S1CpNuxo3A3nMSErtVB8uXEPS7eT3Zt53e6rXE1tAGkFl,A5,Environmental sustainability / waste / recycling / biodiversity,B5,Education / awareness,Education / awareness
815860270569069,338,U04,2024,Norwegian,https://www.facebook.com/Oslovann/posts/pfbid02fF5Bz8TKFAaQ5zVDChJj41WSJpKcDxZxNU3zS7gmMuf6oWK6DRhzfqecn23DYaGQl,A7,Routine / institutional / customer service / other,B6,Institutional promotion / community news,Institutional / community communication
1974735632679507,339,U02,2021,German,https://www.facebook.com/HamburgWasser/posts/pfbid0dGjMfA9Sg3Hdrv6sxDUwN7P2ucWS76Faz6Vt1x9Vzi1nqmvTqhVhwuxykqggpLoil,A4,Flood / stormwater / wastewater / sewer,B6,Institutional promotion / community news,Institutional / community communication
4480156468674631,340,U03,2021,Portuguese,https://www.facebook.com/EPALaguaslivres/posts/pfbid02uNNFnYUZsUnj2E8PF4s94NrZY95oiGju43i5SfLJdyNagKjepirGXd4gHgv5BLcLl,A6,Public education / heritage / community engagement,B5,Education / awareness,Education / awareness
1408664907720224,341,U09,2026,Italian,https://www.facebook.com/abcacquabenecomunenapoli/posts/pfbid022NJWaKN7tstPH1tEmKRyosw8pLF329xu6udAigAGS9TUGow5jjG6vo3mFViiqbNnl,A2,Service disruption / repair / infrastructure,B1,Alert / warning,Risk / incident communication
1166500583373586,342,U03,2016,Portuguese,https://www.facebook.com/photo/?fbid=1166500583373586&set=a.636558505181850,A6,Public education / heritage / community engagement,B6,Institutional promotion / community news,Institutional / community communication
1046730947246957,343,U09,2024,Italian,https://www.facebook.com/abcacquabenecomunenapoli/posts/pfbid0232k7tRPgqokpn8HFanCM2w4FUguqC8pXsgDaMpL5jhHFaxRczdys1GNAeJ1G2dcFl,A6,Public education / heritage / community engagement,B5,Education / awareness,Education / awareness
1510484342308540,344,U03,2017,Portuguese,https://www.facebook.com/photo/?fbid=1510484342308540&set=a.636558505181850,A6,Public education / heritage / community engagement,B6,Institutional promotion / community news,Institutional / community communication
973840831411271,345,U10,2024,Swedish,https://www.facebook.com/stockholmvattenochavfall/videos/3778413562443720/,A5,Environmental sustainability / waste / recycling / biodiversity,B6,Institutional promotion / community news,Institutional / community communication
837688252951811,346,U04,2015,Norwegian,https://www.facebook.com/Oslovann/posts/837688252951811,A7,Routine / institutional / customer service / other,B6,Institutional promotion / community news,Institutional / community communication
5783474928342772,347,U03,2022,Portuguese,https://www.facebook.com/EPALaguaslivres/posts/pfbid02XqYrrGiookhykJWd8JDgvbsMAiiHq8hamt2Y4ofbkyJvzcfejHYKM17mv6gX9URYl,A3,Water conservation / drought / demand management,B2,Instruction / advice to public,Risk / incident communication
1192468871240772,348,U09,2021,Italian,https://www.facebook.com/abcacquabenecomunenapoli/posts/pfbid0WCY9qwMwiXFrqZuRyKT4qis9YxhpRFSZwBgtk757LkqKfAzgGCTUdqHC5rQ6LWb6l,A2,Service disruption / repair / infrastructure,B1,Alert / warning,Risk / incident communication
671073958383272,349,U08,2023,French,https://www.facebook.com/eaudeparis/videos/282206834399066/,A6,Public education / heritage / community engagement,B6,Institutional promotion / community news,Institutional / community communication
1030315787456082,350,U09,2021,Italian,https://www.facebook.com/abcacquabenecomunenapoli/posts/pfbid0YA7hxiHZDsnhFW4CjYxs2HyESM4USkN1PYU8fkfvFAAnX2Y2z1WoqKyCyhBdP2Hql,A4,Flood / stormwater / wastewater / sewer,B1,Alert / warning,Risk / incident communication
518244807006351,351,U01,2022,Finnish,https://www.facebook.com/helsinginseudunymparistopalvelut/posts/pfbid02yutfvpHqsDLXa7YcHm9hPoPw2YwnUnJV3tBwVqCV7cEEmMd8QBvc6P41HFfHfPZsl,A7,Routine / institutional / customer service / other,B2,Instruction / advice to public,Risk / incident communication
3500630873346915,352,U01,2020,Finnish,https://www.facebook.com/helsinginseudunymparistopalvelut/posts/pfbid02qhjbTx1NLRGW34CdfqKcXiG9dPCKDdTqsAuKWfedZwduD4AF6Ud2VjeXBfZvD4oKl,A2,Service disruption / repair / infrastructure,B3,Operational update / resolution,Risk / incident communication
685080960329604,353,U03,2023,Portuguese,https://www.facebook.com/EPALaguaslivres/posts/pfbid02cam1WzesJERAjPJcpCuEocH7ZDirye6tMz28b7uTJbQ9STG3Rhps5CR3exxBGTVgl,A6,Public education / heritage / community engagement,B5,Education / awareness,Education / awareness
818617961495185,354,U03,2014,Portuguese,https://www.facebook.com/photo/?fbid=818617961495185&set=a.636558505181850,A6,Public education / heritage / community engagement,B6,Institutional promotion / community news,Institutional / community communication
305808883240113,355,U09,2017,Italian,https://www.facebook.com/abcacquabenecomunenapoli/posts/pfbid02ksW6d8zmymEta3ke2xd7Tgm4ieruvV6shuxkfnFiEUgS6fiWcCJnvog9ta4s5TRsl,A6,Public education / heritage / community engagement,B5,Education / awareness,Education / awareness
379474605443604,356,U08,2012,French,https://www.facebook.com/eaudeparis/posts/379474605443604,A6,Public education / heritage / community engagement,B6,Institutional promotion / community news,Institutional / community communication
10156109954316714,357,U10,2019,Swedish,https://www.facebook.com/stockholmvattenochavfall/posts/pfbid0VWgCZCXJhaHtH3pwWP9xTjuKzaEoXQkaakioktGibKhgrJ9wq2tauwXKPd2pL3snl,A5,Environmental sustainability / waste / recycling / biodiversity,B6,Institutional promotion / community news,Institutional / community communication
2884003591676316,358,U01,2020,Finnish,https://www.facebook.com/helsinginseudunymparistopalvelut/posts/pfbid0Qk3huqnB9AJmTSzWeBxzxwzqFozdHuKFsUypi53HRtbMd1BavK8XWYQaMBeMUHHal,A5,Environmental sustainability / waste / recycling / biodiversity,B6,Institutional promotion / community news,Institutional / community communication
1574861954642486,359,U10,2026,Swedish,https://www.facebook.com/reel/1626055351953962/,A3,Water conservation / drought / demand management,B5,Education / awareness,Education / awareness
592012772962887,360,U01,2023,Finnish,https://www.facebook.com/helsinginseudunymparistopalvelut/posts/pfbid0PWx8Gfonw4dqhkQ9n92ZJYWqF53db9qmsQKiSY26wizXGnnrACivv1f5kNCLsVEzl,A5,Environmental sustainability / waste / recycling / biodiversity,B2,Instruction / advice to public,Risk / incident communication
4279310308759249,361,U03,2021,Portuguese,https://www.facebook.com/EPALaguaslivres/posts/pfbid08RrHrh7huXWihB1uLQXkLR873gx5r1BdXQQ81cQn32zofSpymi8gEfKhN6rPWqVtl,A5,Environmental sustainability / waste / recycling / biodiversity,B5,Education / awareness,Education / awareness
596692793745764,362,U03,2014,Portuguese,https://www.facebook.com/EPALaguaslivres/posts/596692793745764,A7,Routine / institutional / customer service / other,B6,Institutional promotion / community news,Institutional / community communication
723133517763345,363,U01,2014,Finnish,https://www.facebook.com/helsinginseudunymparistopalvelut/posts/723133517763345,A6,Public education / heritage / community engagement,B5,Education / awareness,Education / awareness
574525332571117,364,U03,2013,Portuguese,https://www.facebook.com/photo/?fbid=574525332571117&set=a.636558505181850,A6,Public education / heritage / community engagement,B5,Education / awareness,Education / awareness
1272814204638629,365,U09,2025,Italian,https://www.facebook.com/abcacquabenecomunenapoli/posts/pfbid0gksxfXoNvXswyypPiWMMeC5EDppzqJBiGGfjfrNc2uaKcZAftpPUApNt7MsYL9nXl,A3,Water conservation / drought / demand management,B5,Education / awareness,Education / awareness
3463427907067212,366,U01,2020,Finnish,https://www.facebook.com/helsinginseudunymparistopalvelut/posts/pfbid02T683R9HCTaShW67rE7dDRTdUxff376m7WNxPw3owT813r5xa7QX4xbUrFc1CdQagl,A5,Environmental sustainability / waste / recycling / biodiversity,B5,Education / awareness,Education / awareness
319921974741617,367,U10,2012,Swedish,https://www.facebook.com/stockholmvattenochavfall/posts/319921974741617,A7,Routine / institutional / customer service / other,B6,Institutional promotion / community news,Institutional / community communication
1160393634448296,368,U09,2021,Italian,https://www.facebook.com/abcacquabenecomunenapoli/posts/pfbid0RPcfbZQeVyNuvyDpD9QDR19k5wq2N2saBNwu9JJTeduFLDLhivrihfK6nfv21aFBl,A2,Service disruption / repair / infrastructure,B1,Alert / warning,Risk / incident communication
1613427522067269,369,U01,2018,Finnish,https://www.facebook.com/helsinginseudunymparistopalvelut/posts/pfbid02o2L3jZ25GT7FpnGuEXks3udcm73vhqtP7qQE9qP8orwEaxRNb61QHFY5HMZHFTTTl,A7,Routine / institutional / customer service / other,B6,Institutional promotion / community news,Institutional / community communication
5906271292729801,370,U03,2022,Portuguese,https://www.facebook.com/EPALaguaslivres/posts/pfbid02Cmgs8pdqJCeHBFE7ppWThaEDKLq527D1ScYoi9odE86ABJ2nrGnQaPWdyfCUfCpdl,A5,Environmental sustainability / waste / recycling / biodiversity,B6,Institutional promotion / community news,Institutional / community communication
1928216644158382,371,U12,2018,Finnish,https://www.facebook.com/turunvesihuolto/posts/pfbid0v9uhKWjrGnxN8PVSqd3DZHZZhFbzkYkDgtWnAh4karLFvgSMcTXmSMHkjmtyRs6nl,A6,Public education / heritage / community engagement,B6,Institutional promotion / community news,Institutional / community communication
674648175892165,372,U03,2013,Portuguese,https://www.facebook.com/photo/?fbid=674648175892165&set=a.674648149225501,A6,Public education / heritage / community engagement,B6,Institutional promotion / community news,Institutional / community communication
10155379502611714,373,U10,2018,Swedish,https://www.facebook.com/stockholmvattenochavfall/posts/pfbid0FYZCuou84JARXghGNG9tDY2SGFR43tGBGVV73X2uorgMBqyCiAMkmtirTrQYZhiPl,A5,Environmental sustainability / waste / recycling / biodiversity,B6,Institutional promotion / community news,Institutional / community communication
3840218299388169,374,U01,2021,Finnish,https://www.facebook.com/helsinginseudunymparistopalvelut/posts/pfbid026rSWyqWBRy8nNxP4uNp6vtmnEfeQAJSyqV5KwZgobsSn6JXMSYQ9GXujYNZ91J3ul,A5,Environmental sustainability / waste / recycling / biodiversity,B2,Instruction / advice to public,Risk / incident communication
978860867575934,375,U10,2024,Swedish,https://www.facebook.com/stockholmvattenochavfall/videos/927500385726868/,A3,Water conservation / drought / demand management,B2,Instruction / advice to public,Risk / incident communication
6477182855638639,376,U03,2023,Portuguese,https://www.facebook.com/EPALaguaslivres/posts/pfbid0362w7Rgw9zsSqdB3r9wg2wdheFmVZ8XqfuLTEwmmMq733aoZo5gLSvWwofi4sYSwpl,A6,Public education / heritage / community engagement,B6,Institutional promotion / community news,Institutional / community communication
987630648043440,377,U05,2017,German,https://www.facebook.com/photo/?fbid=987630648043440&set=a.632073468958361,A6,Public education / heritage / community engagement,B6,Institutional promotion / community news,Institutional / community communication
10159552085704268,378,U08,2021,French,https://www.facebook.com/eaudeparis/videos/106789108169750/,A7,Routine / institutional / customer service / other,B7,Other / unclear,Other / unclear
4086764284680520,379,U03,2021,Portuguese,https://www.facebook.com/EPALaguaslivres/videos/502491930982674/,A5,Environmental sustainability / waste / recycling / biodiversity,B2,Instruction / advice to public,Risk / incident communication
10160021951109268,380,U08,2022,French,https://www.facebook.com/eaudeparis/posts/pfbid02rRnFqyabkyPqvjGxJswaYq4fkpQeqCgW7HfKbiSkpdjb4GvGpnrfMYuHWp3hn3udl,A7,Routine / institutional / customer service / other,B6,Institutional promotion / community news,Institutional / community communication
1221254808027597,381,U02,2019,German,https://www.facebook.com/HamburgWasser/videos/461993554337336/,A6,Public education / heritage / community engagement,B5,Education / awareness,Education / awareness
10155379503401714,382,U10,2018,Swedish,https://www.facebook.com/stockholmvattenochavfall/posts/pfbid02JuAeAWJF95ENPx65MiW7QvXwpyNBhi7DF9r5piQNHL2ivTJn5SFRL7dCffSCrm89l,A5,Environmental sustainability / waste / recycling / biodiversity,B6,Institutional promotion / community news,Institutional / community communication
760134667343515,383,U03,2014,Portuguese,https://www.facebook.com/EPALaguaslivres/posts/760134667343515,A6,Public education / heritage / community engagement,B6,Institutional promotion / community news,Institutional / community communication
1265453195583365,384,U10,2025,Swedish,https://www.facebook.com/stockholmvattenochavfall/videos/1145720010903706/,A3,Water conservation / drought / demand management,B2,Instruction / advice to public,Risk / incident communication
605009481644311,385,U02,2023,German,https://www.facebook.com/HamburgWasser/posts/pfbid0pH4hazDEqB3gcLqsfGvaKTmadi6rYMSdPsbBTBpUuxVbSfK6y5YrwUbvot3wKRYhl,A7,Routine / institutional / customer service / other,B6,Institutional promotion / community news,Institutional / community communication
861836539307012,386,U08,2024,French,https://www.facebook.com/reel/971801741354484/,A6,Public education / heritage / community engagement,B6,Institutional promotion / community news,Institutional / community communication
756299461176561,387,U05,2016,German,https://www.facebook.com/wasserbetriebe/posts/756299461176561,A6,Public education / heritage / community engagement,B5,Education / awareness,Education / awareness
1168558661730851,388,U09,2025,Italian,https://www.facebook.com/abcacquabenecomunenapoli/posts/pfbid02XPmy5CxtsbgfUyUK7R1EQeaiuJMzFBxN5juqaWCyCTHbZVGcBaj7jnYHx7qRBGFvl,A4,Flood / stormwater / wastewater / sewer,B6,Institutional promotion / community news,Institutional / community communication
10157764148304268,389,U08,2019,French,https://www.facebook.com/eaudeparis/posts/pfbid028P1YSCbQLWtVh1zbS86LNECHQKpGdPnmjjXjds2Y9xgKXFknDTE2J2Pm8Kw8NfM2l,A5,Environmental sustainability / waste / recycling / biodiversity,B5,Education / awareness,Education / awareness
5434535793267011,390,U04,2022,Norwegian,https://www.facebook.com/Oslovann/posts/pfbid0Qs9QMnCRePmosJwmgkBXLftUo2Nb8AxuUWQizC4Ce78FXpsXgvexmC3XPfq5cvv1l,A6,Public education / heritage / community engagement,B5,Education / awareness,Education / awareness
892665460810149,391,U01,2015,Finnish,https://www.facebook.com/helsinginseudunymparistopalvelut/posts/pfbid0HYY7T3Rmz8FDGuZ7EVQY1GNcxSq8GgwVetJmJ3dT4vzGD3SmnEqwSGY634TJh2Ygl,A5,Environmental sustainability / waste / recycling / biodiversity,B2,Instruction / advice to public,Risk / incident communication
10152191190051240,392,U04,2014,Norwegian,https://www.facebook.com/Oslovann/posts/10152191190051240,A7,Routine / institutional / customer service / other,B6,Institutional promotion / community news,Institutional / community communication
3723818361028164,393,U01,2021,Finnish,https://www.facebook.com/helsinginseudunymparistopalvelut/posts/pfbid04nXe8XhoWgtcHH1jjhRcct24BSAijsCcarXGYcJxCcxUcGxRAaoF4EHAyFDdaNM3l,A4,Flood / stormwater / wastewater / sewer,B5,Education / awareness,Education / awareness
1648342393305458,394,U07,2026,Dutch,https://www.facebook.com/FARYSmultiservice/posts/pfbid0rB3E55EHhbENsECfXPyYLQtfdzpxXNkXpL1qVWxdwp99F32D2wbd1aymNUidP5wWl,A7,Routine / institutional / customer service / other,B6,Institutional promotion / community news,Institutional / community communication
225034692962016,395,U12,2021,Finnish,https://www.facebook.com/turunvesihuolto/posts/pfbid0Djc2boxc3yQXy9KdHUHFy8Ugy3VbUfwQKLM2EzSnuKwXffsVdhDb83jmS4gbayh9l,A6,Public education / heritage / community engagement,B5,Education / awareness,Education / awareness
1330796486997042,396,U01,2017,Finnish,https://www.facebook.com/helsinginseudunymparistopalvelut/posts/1330796486997042,A1,Water quality / safety / public health,B6,Institutional promotion / community news,Institutional / community communication
2288790941273973,397,U02,2022,German,https://www.facebook.com/HamburgWasser/posts/pfbid02e3HeNdBL1wjURRr2YyJncZu8QpnFHiHN1wFPRSjKquhtwxu5mQHGKbkWa5aacDYQl,A7,Routine / institutional / customer service / other,B6,Institutional promotion / community news,Institutional / community communication
800293573357946,398,U04,2015,Norwegian,https://www.facebook.com/Oslovann/posts/800293573357946,A7,Routine / institutional / customer service / other,B6,Institutional promotion / community news,Institutional / community communication
1084492111574434,399,U03,2016,Portuguese,https://www.facebook.com/photo/?fbid=1084492111574434&set=a.636558505181850,A3,Water conservation / drought / demand management,B2,Instruction / advice to public,Risk / incident communication
898308486912513,400,U01,2015,Finnish,https://www.facebook.com/helsinginseudunymparistopalvelut/posts/898308486912513,A5,Environmental sustainability / waste / recycling / biodiversity,B5,Education / awareness,Education / awareness
1356032144549862,401,U02,2019,German,https://www.facebook.com/HamburgWasser/posts/pfbid0zprnd6bbickqtLZJ1iAmM6L3ykzh8K1CsdWTECLDgCVDbA62kSzztm2a1EBrBBzTl,A7,Routine / institutional / customer service / other,B5,Education / awareness,Education / awareness
1100229430053750,402,U01,2016,Finnish,https://www.facebook.com/helsinginseudunymparistopalvelut/posts/1100229430053750,A7,Routine / institutional / customer service / other,B6,Institutional promotion / community news,Institutional / community communication
10158706071141714,403,U10,2022,Swedish,https://www.facebook.com/stockholmvattenochavfall/posts/pfbid0ur7CVF5V7PedJadztEuLbwauFAK3xePSe7YBoXie1KT1zcAHpsVx1Z2D8GdWWFnnl,A6,Public education / heritage / community engagement,B5,Education / awareness,Education / awareness
1102566771663374,404,U09,2025,Italian,https://www.facebook.com/abcacquabenecomunenapoli/posts/pfbid0Xg3padKUdRkzvnzA25umnPqtwSLgHtYQXeGSn4m6rcmX58rwCZMrqAtEMCFnJnCSl,A2,Service disruption / repair / infrastructure,B1,Alert / warning,Risk / incident communication
1317102491646727,405,U03,2016,Portuguese,https://www.facebook.com/photo/?fbid=1317102491646727&set=a.636558505181850,A3,Water conservation / drought / demand management,B6,Institutional promotion / community news,Institutional / community communication
2470231973290177,406,U12,2020,Finnish,https://www.facebook.com/turunvesihuolto/posts/pfbid02iY5gWbV8xtJbWVNsUzuN2UdAyqT9VyvLxyQQqMTUNfY26vrALQ9H7zB61WeTjwynl,A7,Routine / institutional / customer service / other,B6,Institutional promotion / community news,Institutional / community communication
1163044998948884,407,U09,2025,Italian,https://www.facebook.com/abcacquabenecomunenapoli/posts/pfbid02f9Pp5bD2y6Aph6zc9ETuX7Q9gbtndHsAZjjWYpxS7NC9Kie1v2eTNFsbSTNK4GWKl,A2,Service disruption / repair / infrastructure,B1,Alert / warning,Risk / incident communication
1653317808154626,408,U02,2020,German,https://www.facebook.com/HamburgWasser/videos/2609870579286669/,A7,Routine / institutional / customer service / other,B6,Institutional promotion / community news,Institutional / community communication
6120160751340853,409,U03,2023,Portuguese,https://www.facebook.com/EPALaguaslivres/posts/pfbid0vTGokW6v3iK2b1vNQcjFXvrKv7nGDcoC5iqCXMQYva6uuneqj6afo1DeC8kGh5vCl,A6,Public education / heritage / community engagement,B5,Education / awareness,Education / awareness
1606291092727864,410,U03,2017,Portuguese,https://www.facebook.com/EPALaguaslivres/posts/pfbid02oQ4YutDE1iWd8YVCEmZfWPLWJ4BkVEDVWxPXUZm4685CtpKtTEHTtE3mFe5oMxHVl,A7,Routine / institutional / customer service / other,B6,Institutional promotion / community news,Institutional / community communication
1163895270430218,411,U02,2018,German,https://www.facebook.com/photo/?fbid=1163895270430218&set=a.488838489928078,A4,Flood / stormwater / wastewater / sewer,B5,Education / awareness,Education / awareness
669094486500582,412,U01,2014,Finnish,https://www.facebook.com/photo/?fbid=669094486500582&set=a.476477601183072,A7,Routine / institutional / customer service / other,B2,Instruction / advice to public,Risk / incident communication
757262411428089,413,U09,2020,Italian,https://www.facebook.com/abcacquabenecomunenapoli/posts/pfbid0GKssLgUVVGogwE18ZerjjukcNby3beR1u9B5BcCs65JJiKD51NRpF77y63JvwDS6l,A2,Service disruption / repair / infrastructure,B1,Alert / warning,Risk / incident communication
1104247471739412,414,U01,2025,Finnish,https://www.facebook.com/helsinginseudunymparistopalvelut/videos/1743849739888879/,A4,Flood / stormwater / wastewater / sewer,B5,Education / awareness,Education / awareness
10153054310796714,415,U10,2015,Swedish,https://www.facebook.com/stockholmvattenochavfall/posts/10153054310796714,A4,Flood / stormwater / wastewater / sewer,B5,Education / awareness,Education / awareness
10156898500144268,416,U08,2018,French,https://www.facebook.com/eaudeparis/posts/pfbid0qt7RjfFDoW2jLe87jG8Mqi9rrXrZtHXgRzkUVuXwpskFJBqApfTcXbRe3dYBeANjl,A1,Water quality / safety / public health,B5,Education / awareness,Education / awareness
4011450102211939,417,U03,2021,Portuguese,https://www.facebook.com/EPALaguaslivres/posts/pfbid02ddb9jt3LQEjKzD5d4p5cCrCB6XxZoC9xwCqUJ5BzbXks9axob2piuo3viouJBNawl,A6,Public education / heritage / community engagement,B5,Education / awareness,Education / awareness
1469676736419623,418,U04,2017,Norwegian,https://www.facebook.com/Oslovann/posts/pfbid0yKP6zm486Y4doCWVjURMLwy36ciCgvHmp7jgKZGEsYSx9vAxLMtdVh5ZF4mDGg9El,A7,Routine / institutional / customer service / other,B6,Institutional promotion / community news,Institutional / community communication
5187139344696051,419,U01,2022,Finnish,https://www.facebook.com/helsinginseudunymparistopalvelut/posts/pfbid0trzRHFMMaBW4xmsna7hFDVPZ2f4UxXEFJtj2jbRiVT44aCSaZvkMrAtj7H3ws6pcl,A7,Routine / institutional / customer service / other,B6,Institutional promotion / community news,Institutional / community communication
5457806300909638,420,U03,2022,Portuguese,https://www.facebook.com/EPALaguaslivres/posts/pfbid02pD8cLU9ByoHigZN8da6LCYhiwAcWSE64FhbnEYqnBPS4tCU5U4UxhuH9NqckN99wl,A6,Public education / heritage / community engagement,B6,Institutional promotion / community news,Institutional / community communication
526480544158455,421,U05,2014,German,https://www.facebook.com/wasserbetriebe/posts/526480544158455,A4,Flood / stormwater / wastewater / sewer,B5,Education / awareness,Education / awareness
912730060882089,422,U04,2024,Norwegian,https://www.facebook.com/Oslovann/posts/pfbid02PypGyJaBt4b92RVPjrbNdkPcXJfBMpoqBuKf5JxHQrM38o7Y3UPaW6WqR1RNUXFLl,A4,Flood / stormwater / wastewater / sewer,B5,Education / awareness,Education / awareness
326670654023254,423,U03,2012,Portuguese,https://www.facebook.com/EPALaguaslivres/posts/pfbid0Pprw3uaqBemVNefZMVQqEho3iXTXXgGiBzgqsePZiwhNSVwjtu1WhsM2ZFmYrYZBl,A2,Service disruption / repair / infrastructure,B1,Alert / warning,Risk / incident communication
655816359922731,424,U03,2023,Portuguese,https://www.facebook.com/EPALaguaslivres/posts/pfbid0mxJHmfEFPGxEP4wgVXwhof3M1ZCtYrHtfdWzNc3Y7voYVXNjLBb3hXMog2ZQKUtWl,A3,Water conservation / drought / demand management,B5,Education / awareness,Education / awareness
4263771697032825,425,U01,2021,Finnish,https://www.facebook.com/helsinginseudunymparistopalvelut/posts/pfbid0e8e731hYn18bgdqerF8FX7qg6VCaGAcMQA16EHksHGntjm1WJJMPAhJkbiu24co8l,A5,Environmental sustainability / waste / recycling / biodiversity,B2,Instruction / advice to public,Risk / incident communication
2188100377933311,426,U01,2019,Finnish,https://www.facebook.com/helsinginseudunymparistopalvelut/posts/pfbid0r3PoqekxskDuAgrnumpWGvLMRWmPaxuAFVLC9ssadP99ms5yaUrKCHC4BYHxuVu7l,A5,Environmental sustainability / waste / recycling / biodiversity,B6,Institutional promotion / community news,Institutional / community communication
1426797744474549,427,U09,2022,Italian,https://www.facebook.com/abcacquabenecomunenapoli/posts/pfbid02E3WoM4UaiLGkebja8K6U5gyn3Nj287NVgtHFBVyE5RTyXeVsJCJs2CGNSQGqLRfHl,A2,Service disruption / repair / infrastructure,B1,Alert / warning,Risk / incident communication
986220088197738,428,U02,2018,German,https://www.facebook.com/HamburgWasser/posts/pfbid0nvKj9dQde5471oHS4ASDL8SRT37kuAcC3hAFrrBx7LLiZQSKpD7wUv74YcN7Kv3Gl,A7,Routine / institutional / customer service / other,B6,Institutional promotion / community news,Institutional / community communication
5961284903895106,429,U03,2022,Portuguese,https://www.facebook.com/EPALaguaslivres/videos/687138149633268/,A3,Water conservation / drought / demand management,B5,Education / awareness,Education / awareness
1237656378398520,430,U01,2025,Finnish,https://www.facebook.com/helsinginseudunymparistopalvelut/posts/pfbid0323QcSoFr1iuhiTHUGi9ZvBkugQ5rsQqcyLL7Ec6C9ZWAdEBt5sqMeqdcJTS6t1wql,A7,Routine / institutional / customer service / other,B5,Education / awareness,Education / awareness
628355347304307,431,U05,2015,German,https://www.facebook.com/photo/?fbid=628355347304307&set=a.632073468958361,A7,Routine / institutional / customer service / other,B5,Education / awareness,Education / awareness
1526500987837557,432,U09,2023,Italian,https://www.facebook.com/abcacquabenecomunenapoli/posts/pfbid09M9NfbRix6isfjpfMLfNhfyNvrh8mqTxLKgJAxqekvHnaDbpXZRxrbTC9CeagYCGl,A2,Service disruption / repair / infrastructure,B1,Alert / warning,Risk / incident communication
10158286845669268,433,U08,2020,French,https://www.facebook.com/eaudeparis/videos/824580098058800/,A5,Environmental sustainability / waste / recycling / biodiversity,B2,Instruction / advice to public,Risk / incident communication
282834428406877,434,U03,2011,Portuguese,https://www.facebook.com/EPALaguaslivres/posts/pfbid0w7Ao24dp2dbgFooyNuDQkPYErfK3RB9CjUzXTnzhMh4jgfd8wmBvfbUFyWL2NuAhl,A2,Service disruption / repair / infrastructure,B1,Alert / warning,Risk / incident communication
417636311709546,435,U05,2014,German,https://www.facebook.com/wasserbetriebe/posts/pfbid02gZX9PEQewZExVmf3CPrQAjR39FvM5U41XTiC9LDpjJBHvSnio3HpCEMg4jFRW991l,A7,Routine / institutional / customer service / other,B6,Institutional promotion / community news,Institutional / community communication
2276705719149162,436,U02,2022,German,https://www.facebook.com/HamburgWasser/posts/pfbid023wGs1uRHPTRwMf2FTj54W8rRbNkRAYvLQf1DVGz3K2Na13okRfwTQ7A5UYYS1M5wl,A3,Water conservation / drought / demand management,B5,Education / awareness,Education / awareness
4565075156849428,437,U03,2021,Portuguese,https://www.facebook.com/EPALaguaslivres/posts/pfbid0CVxoUrrT3ZR2TayAQ9i2fqqUEaTk4SdiKrS5MnXhagetNJH9APtHFnhr48qsB6SAl,A7,Routine / institutional / customer service / other,B5,Education / awareness,Education / awareness
2528516407171990,438,U03,2019,Portuguese,https://www.facebook.com/EPALaguaslivres/videos/430697294445343/,A5,Environmental sustainability / waste / recycling / biodiversity,B4,Reassurance / safety information,Risk / incident communication
4721746344515641,439,U03,2021,Portuguese,https://www.facebook.com/EPALaguaslivres/posts/pfbid0mz3fL8wk5cHDf7bfUWGAUixQwGzLxnpKrUjMaQBfFjCDNwZq6XpPjLZWnDuDjqA8l,A7,Routine / institutional / customer service / other,B5,Education / awareness,Education / awareness
669682783055371,440,U03,2013,Portuguese,https://www.facebook.com/photo/?fbid=669682783055371&set=a.669681016388881,A6,Public education / heritage / community engagement,B5,Education / awareness,Education / awareness
2588220021254676,441,U01,2019,Finnish,https://www.facebook.com/helsinginseudunymparistopalvelut/videos/2408652616040268/,A7,Routine / institutional / customer service / other,B6,Institutional promotion / community news,Institutional / community communication
1350225270442947,442,U12,2025,Finnish,https://www.facebook.com/turunvesihuolto/posts/pfbid0stkLa7JXJX98X669LyuXUBcyJJxAVv8oppTgB7VYjm7PboG9KhYbpSXupyQeKhVrl,A7,Routine / institutional / customer service / other,B6,Institutional promotion / community news,Institutional / community communication
4315145178509095,443,U03,2021,Portuguese,https://www.facebook.com/EPALaguaslivres/posts/pfbid0xtGEx9TxZzZaaRCXd8D1wfddDtgwED1wM39zh834ent6esk38jhp5DzDR8ApCXkvl,A7,Routine / institutional / customer service / other,B6,Institutional promotion / community news,Institutional / community communication
10156170326714268,444,U08,2018,French,https://www.facebook.com/eaudeparis/posts/pfbid02N4e6iDtieA7fRFk2WwkVz8YU3L5sxh5NsGdN6sp7EqWH5RkxwRSegvmPgZEUgKYZl,A1,Water quality / safety / public health,B4,Reassurance / safety information,Risk / incident communication
1067069960036364,445,U01,2016,Finnish,https://www.facebook.com/helsinginseudunymparistopalvelut/posts/1067069960036364,A5,Environmental sustainability / waste / recycling / biodiversity,B2,Instruction / advice to public,Risk / incident communication
4315686495121630,446,U03,2021,Portuguese,https://www.facebook.com/EPALaguaslivres/posts/pfbid02EaXgdPBUXpzczkjdBjGjndXaDjuq8Pf9GWsh4sezgRkR1FoNqhXpkrkqCAz69BtCl,A5,Environmental sustainability / waste / recycling / biodiversity,B5,Education / awareness,Education / awareness
1568757139867641,447,U01,2018,Finnish,https://www.facebook.com/helsinginseudunymparistopalvelut/posts/pfbid0te71YZw3s9XiP3LGitByqosKm42n2ZYARAv8vxWi9jm5Z6atWNJa8Beb4d69buBCl,A4,Flood / stormwater / wastewater / sewer,B2,Instruction / advice to public,Risk / incident communication
2501542286534822,448,U07,2019,Dutch,https://www.facebook.com/FARYSmultiservice/posts/pfbid02ZpmQGrKwPt847vznJFmcVS1V8uBp77drobtjkGgbk6GoLXHHcYGNqbA8KUc6fQE6l,A6,Public education / heritage / community engagement,B5,Education / awareness,Education / awareness
744652792341228,449,U05,2016,German,https://www.facebook.com/photo/?fbid=744652792341228&set=a.632073468958361,A7,Routine / institutional / customer service / other,B6,Institutional promotion / community news,Institutional / community communication
990152346238151,450,U09,2024,Italian,https://www.facebook.com/abcacquabenecomunenapoli/posts/pfbid02PjjAbADG847d17f4nzjb1wW5sdv6z7xLuefbvvvbzTotzxMZinjwf3vJCUDGWUhWl,A2,Service disruption / repair / infrastructure,B1,Alert / warning,Risk / incident communication
2315807095162638,451,U01,2019,Finnish,https://www.facebook.com/helsinginseudunymparistopalvelut/posts/pfbid02MvLgBatkF3fcv3f6mmYZ1UXqY5UJVT2xx2WRBRj9u5PoZ6m7YCBDjm1aXmAzKpJgl,A7,Routine / institutional / customer service / other,B6,Institutional promotion / community news,Institutional / community communication
4182502995106648,452,U03,2021,Portuguese,https://www.facebook.com/EPALaguaslivres/posts/pfbid0qAwQz255yFcwjSGkmtY16YiRv45ADrFAhSh4KrfJoHQSMgDMJsSf3nnMRKUBGTUMl,A6,Public education / heritage / community engagement,B5,Education / awareness,Education / awareness
667260066684024,453,U01,2014,Finnish,https://www.facebook.com/helsinginseudunymparistopalvelut/posts/667260066684024,A7,Routine / institutional / customer service / other,B6,Institutional promotion / community news,Institutional / community communication
302852416417132,454,U03,2012,Portuguese,https://www.facebook.com/EPALaguaslivres/posts/302852416417132,A6,Public education / heritage / community engagement,B6,Institutional promotion / community news,Institutional / community communication
1460248434051846,455,U01,2017,Finnish,https://www.facebook.com/helsinginseudunymparistopalvelut/posts/pfbid02HXE1x9qDaGRxc8W2CEsbNhJ9iUxdusLYTFC7J65kxbdQUu1Ud85ancwmd3786eAZl,A5,Environmental sustainability / waste / recycling / biodiversity,B6,Institutional promotion / community news,Institutional / community communication
10157426496109268,456,U08,2019,French,https://www.facebook.com/photo/?fbid=10157426496109268&set=a.643560364467965,A6,Public education / heritage / community engagement,B6,Institutional promotion / community news,Institutional / community communication
10155379339911714,457,U10,2018,Swedish,https://www.facebook.com/stockholmvattenochavfall/posts/pfbid0uqtXiqZwFkTQxTLNvH5hewSc1JycVkzsLDPNgAjxkudy9Mf4HhnHMETwBdiPgjSfl,A5,Environmental sustainability / waste / recycling / biodiversity,B6,Institutional promotion / community news,Institutional / community communication
1979507072202363,458,U02,2021,German,https://www.facebook.com/HamburgWasser/posts/pfbid0qZevcB4D4usxv5SrtwCJ274cWEWg8VTBTYL7RJx66UBxf4yLeT9YqUa6XHQPeU9wl,A4,Flood / stormwater / wastewater / sewer,B5,Education / awareness,Education / awareness
1086012404871930,459,U05,2017,German,https://www.facebook.com/wasserbetriebe/posts/pfbid02jyQfbEMBJsdjpDTWR2roPf9dyWzQD1f7qvsKEovayDwRnXvkC8tWuZNP3wCFVbpCl,A7,Routine / institutional / customer service / other,B6,Institutional promotion / community news,Institutional / community communication
10158968794081714,460,U10,2022,Swedish,https://www.facebook.com/stockholmvattenochavfall/posts/pfbid02cCNUcDHy97yh7BzQYPD5Fao5MF1eYXG8PbewtVs2ZFSqVEWYJ223cfkw7HUHyDPul,A3,Water conservation / drought / demand management,B5,Education / awareness,Education / awareness
2620758694667475,461,U01,2019,Finnish,https://www.facebook.com/helsinginseudunymparistopalvelut/posts/pfbid0jQKU53ZdSgm6LfygaQTfsjaiC8L46g9wywADmt8d985V7pSSHMCQ8Xym6MhSjQ6il,A7,Routine / institutional / customer service / other,B6,Institutional promotion / community news,Institutional / community communication
1407400992616876,462,U03,2017,Portuguese,https://www.facebook.com/photo/?fbid=1407400992616876&set=a.636558505181850,A7,Routine / institutional / customer service / other,B5,Education / awareness,Education / awareness
3103098266380465,463,U03,2020,Portuguese,https://www.facebook.com/EPALaguaslivres/posts/pfbid038D558Y1kRaYPVKbXWHbrC4iMxaQnKsSjqctfTKfs7LR7ZAS9ErJhsg7EAbLGhsSgl,A7,Routine / institutional / customer service / other,B6,Institutional promotion / community news,Institutional / community communication
1143877719433221,464,U09,2021,Italian,https://www.facebook.com/abcacquabenecomunenapoli/posts/pfbid02DHimQZBrbhREZuRbbLrP4aHiCR4fioyjvDzkJaJiJhNybG5MBo5N6ELoRWBMAvvEl,A2,Service disruption / repair / infrastructure,B1,Alert / warning,Risk / incident communication
1573959322680756,465,U01,2018,Finnish,https://www.facebook.com/helsinginseudunymparistopalvelut/posts/pfbid02kweoAqgDG1UMKMHCWkMZm9ieEpwehErCD3qBZkewE1KgTz77ZFiB8bUFhtQNiEsCl,A7,Routine / institutional / customer service / other,B6,Institutional promotion / community news,Institutional / community communication
1076432921332972,466,U11,2025,Finnish,https://www.facebook.com/tampereenvesi/posts/pfbid0kjCjZity1yF1oAxCwDA5Cw4aCxNSUWwEZ3b86kwJYLNtHioBQxN1wZ4TFWRXW1J4l,A7,Routine / institutional / customer service / other,B6,Institutional promotion / community news,Institutional / community communication
10152978854331714,467,U10,2015,Swedish,https://www.facebook.com/photo/?fbid=10152978854331714&set=a.817579893704033,A5,Environmental sustainability / waste / recycling / biodiversity,B6,Institutional promotion / community news,Institutional / community communication
1096279413858471,468,U02,2018,German,https://www.facebook.com/HamburgWasser/posts/pfbid02q9Qg9xc5YLxAc3HtFPbiZdc9Kmt9EvpzQFhTNN1wGowKurGdYe8pYEorBs9uG1hnl,A6,Public education / heritage / community engagement,B5,Education / awareness,Education / awareness
1054377448048668,469,U02,2018,German,https://www.facebook.com/HamburgWasser/videos/1054377448048668/,A7,Routine / institutional / customer service / other,B6,Institutional promotion / community news,Institutional / community communication
794669796021450,470,U04,2024,Norwegian,https://www.facebook.com/reel/956608885800739/,A7,Routine / institutional / customer service / other,B5,Education / awareness,Education / awareness
975029072573787,471,U01,2016,Finnish,https://www.facebook.com/helsinginseudunymparistopalvelut/posts/975029072573787,A5,Environmental sustainability / waste / recycling / biodiversity,B5,Education / awareness,Education / awareness
1519679461853043,472,U09,2023,Italian,https://www.facebook.com/abcacquabenecomunenapoli/posts/pfbid0NSNdvYLvyfKFzcGDenZMkvJVYBA8CVcZMu2YHVqsF8uYMFy4r9prNYBkgRdN2r9Xl,A2,Service disruption / repair / infrastructure,B1,Alert / warning,Risk / incident communication
1347264248746743,473,U05,2018,German,https://www.facebook.com/wasserbetriebe/posts/pfbid0y37JxZbhmXvPVvMTpChvyNhkzbTrw3u24q6Xg2e5qJ1MCaiGYxar7gfw22SpWuYRl,A7,Routine / institutional / customer service / other,B6,Institutional promotion / community news,Institutional / community communication
2597778287202211,474,U12,2020,Finnish,https://www.facebook.com/turunvesihuolto/posts/pfbid0tsRkp4NTHYnfwVNQUDBMQT5YiFbviS46X5VLknMsUidkRvJ5QYfMTuRTcSfNhoLel,A4,Flood / stormwater / wastewater / sewer,B5,Education / awareness,Education / awareness
1389650846288297,475,U09,2026,Italian,https://www.facebook.com/abcacquabenecomunenapoli/posts/pfbid0381VfzHejrgm4eKnbsTd9ajVsRrGEpRkaU7UwwF5F2n8vvZH3UahjwVmFbKgYzKdEl,A2,Service disruption / repair / infrastructure,B1,Alert / warning,Risk / incident communication
1256685803163788,476,U05,2025,German,https://www.facebook.com/reel/1493444035242367/,A4,Flood / stormwater / wastewater / sewer,B5,Education / awareness,Education / awareness
2629206137133338,477,U04,2020,Norwegian,https://www.facebook.com/Oslovann/posts/pfbid02YLi64PEdgRmZBh7JyXX8Lrc17JcYpQLUCWWZnKxUc99CU7BH51LKEV5y6bxRBzLfl,A2,Service disruption / repair / infrastructure,B3,Operational update / resolution,Risk / incident communication
340978265925826,478,U03,2012,Portuguese,https://www.facebook.com/EPALaguaslivres/posts/pfbid02e2rLH3oL98QRnk1ghWikHThQfiLMMnq11Tk9ui3EbjXZ7cijTzjTK4U9fGbNFuKFl,A2,Service disruption / repair / infrastructure,B1,Alert / warning,Risk / incident communication
750377117117385,479,U04,2023,Norwegian,https://www.facebook.com/Oslovann/posts/pfbid0Vapu6uCjyi6TnKH3seHEFwgMB9dxzws1u1o5vpcDQrc5euPYa4rz5xjWj66eHTT4l,A7,Routine / institutional / customer service / other,B5,Education / awareness,Education / awareness
653491244674525,480,U03,2013,Portuguese,https://www.facebook.com/photo/?fbid=653491244674525&set=a.653490278007955,A7,Routine / institutional / customer service / other,B7,Other / unclear,Other / unclear
1679914148828325,481,U02,2020,German,https://www.facebook.com/HamburgWasser/videos/1649608568554486/,A4,Flood / stormwater / wastewater / sewer,B5,Education / awareness,Education / awareness
1270580568403961,482,U10,2025,Swedish,https://www.facebook.com/stockholmvattenochavfall/videos/1234614091521387/,A3,Water conservation / drought / demand management,B5,Education / awareness,Education / awareness
999865425475478,483,U10,2024,Swedish,https://www.facebook.com/stockholmvattenochavfall/posts/pfbid0cn1VR6HpMMh6hL96ykipTdnhkCZSXkvGZqDzpza5jPRJeq1Z6tPdoi5mEf3H5Meyl,A5,Environmental sustainability / waste / recycling / biodiversity,B5,Education / awareness,Education / awareness
1176424732381171,484,U03,2016,Portuguese,https://www.facebook.com/photo/?fbid=1176424732381171&set=a.636558505181850,A3,Water conservation / drought / demand management,B5,Education / awareness,Education / awareness
1082032521949827,485,U02,2018,German,https://www.facebook.com/HamburgWasser/posts/pfbid032XY2URQFhC3o5AxXBqwbc3mNPe49njZUmrKJBTJT6rapuxSCYSbRvDKC9d38yW6l,A4,Flood / stormwater / wastewater / sewer,B5,Education / awareness,Education / awareness
669491490205182,486,U09,2019,Italian,https://www.facebook.com/abcacquabenecomunenapoli/posts/pfbid02KaUwyU17MSxVKEKbHfeu25houPxAZq8QkZimE5mkYq7HVQawFifAmDcZoTaqFhbJl,A2,Service disruption / repair / infrastructure,B1,Alert / warning,Risk / incident communication
251131327196473,487,U11,2022,Finnish,https://www.facebook.com/tampereenvesi/posts/pfbid02YTUonx2fEvHQgc5iS2gXqj15AY9weFJWcf8HtBdX5bFxg6xAVrjyQX4iDU1WXyYUl,A7,Routine / institutional / customer service / other,B6,Institutional promotion / community news,Institutional / community communication
670236521952616,488,U11,2023,Finnish,https://www.facebook.com/tampereenvesi/posts/pfbid0v1VwQfz6x33SUMbJiMqxU3F8dyGjfqUNKVo1MoystUSw3AGZANszmRLgEt1VSHnMl,A7,Routine / institutional / customer service / other,B6,Institutional promotion / community news,Institutional / community communication
1743552659117898,489,U05,2020,German,https://www.facebook.com/wasserbetriebe/posts/pfbid032z83ELNw8LJFLW7N6XP6MdvSy2CSTqj4sPQ1RhSh4vtnXrpe9X7qpUj74fbmAVgwl,A4,Flood / stormwater / wastewater / sewer,B2,Instruction / advice to public,Risk / incident communication
885812173338836,490,U09,2024,Italian,https://www.facebook.com/abcacquabenecomunenapoli/posts/pfbid028o9Q2zPbWUYF8dNQsAWLVPwhFFhQZkfGWaMm7XHbzjVcibiJkNn9fi1ejB7XtfoUl,A2,Service disruption / repair / infrastructure,B1,Alert / warning,Risk / incident communication
1659964967413524,491,U01,2018,Finnish,https://www.facebook.com/helsinginseudunymparistopalvelut/posts/pfbid02hncg9w6qULFKKBVLXVBbViVq8hc1DJ7vNBuzxhEPZ9nk1Mu1bcXXurnKv4BmTXxDl,A5,Environmental sustainability / waste / recycling / biodiversity,B5,Education / awareness,Education / awareness
2504257802931184,492,U03,2019,Portuguese,https://www.facebook.com/EPALaguaslivres/posts/pfbid0361x6ys9BeE3zyygMdR7YXVhijdkwXBExwRwFjRvd9a2QXm5HhgjgMAHn5HmuzWxtl,A7,Routine / institutional / customer service / other,B6,Institutional promotion / community news,Institutional / community communication
3563016193775049,493,U01,2020,Finnish,https://www.facebook.com/helsinginseudunymparistopalvelut/posts/pfbid02eNQ8N6FtUwpTzQfKpGmA3asG3ukCPKBPshyUiu4V2nYJBj78YzHJGAhQk2Rnn4JDl,A7,Routine / institutional / customer service / other,B6,Institutional promotion / community news,Institutional / community communication
2755412328105472,494,U12,2021,Finnish,https://www.facebook.com/turunvesihuolto/posts/pfbid02wBkkC7o5kLkgPfe9MaUTQMQuaey8H1TPvrPPL3phPUbdzbMwujChHCqnTT2Y2HBMl,A7,Routine / institutional / customer service / other,B5,Education / awareness,Education / awareness
4314655615223471,495,U07,2021,Dutch,https://www.facebook.com/FARYSmultiservice/posts/pfbid02SHNz9AcZH6Yu34V7cVwVRoad2gVWcLfnx75CVT58ZKm5cjtdV5usGudsaDQQb21Sl,A4,Flood / stormwater / wastewater / sewer,B5,Education / awareness,Education / awareness
747029164118847,496,U04,2023,Norwegian,https://www.facebook.com/Oslovann/posts/pfbid02aPCey3V185mfhqDuGJdwHuboYWrexJm3W3b5j73qNLCcGXAw9PkkEDP4LpXEhYpBl,A7,Routine / institutional / customer service / other,B5,Education / awareness,Education / awareness
1335287849957625,497,U02,2019,German,https://www.facebook.com/HamburgWasser/videos/2286432625007722/,A7,Routine / institutional / customer service / other,B6,Institutional promotion / community news,Institutional / community communication
969273196482708,498,U01,2016,Finnish,https://www.facebook.com/photo/?fbid=969273196482708&set=a.476477601183072,A6,Public education / heritage / community engagement,B6,Institutional promotion / community news,Institutional / community communication
2587258034631160,499,U03,2019,Portuguese,https://www.facebook.com/EPALaguaslivres/posts/pfbid0dbJAjcT8VhZ9MVYD34Njh41drRLxRd2hMhynMyDCUajNFju3gu8vGcJ29N7uSAVJl,A6,Public education / heritage / community engagement,B5,Education / awareness,Education / awareness
311929025497417,500,U03,2011,Portuguese,https://www.facebook.com/EPALaguaslivres/posts/pfbid0cGJbHy17qRmeo8vXHG47wXcDUWzEsNzt4t2fKU39NVpjnzLikgJ2B6UzW9ruSQCjl,A2,Service disruption / repair / infrastructure,B1,Alert / warning,Risk / incident communication
4960605063993422,501,U04,2022,Norwegian,https://www.facebook.com/Oslovann/posts/pfbid0porwY93gdjJ5Rfazm1xgUmByrZXAgRDFJyD6E9hQDtQjreE12NFsZjqbKJDMu6xGl,A7,Routine / institutional / customer service / other,B6,Institutional promotion / community news,Institutional / community communication
850015738408455,502,U01,2015,Finnish,https://www.facebook.com/helsinginseudunymparistopalvelut/posts/850015738408455,A7,Routine / institutional / customer service / other,B6,Institutional promotion / community news,Institutional / community communication
1712419425501411,503,U01,2018,Finnish,https://www.facebook.com/helsinginseudunymparistopalvelut/posts/pfbid02tD6PyhZPzhuoSGyeu9P3bMzAErtGG89f9EPr5Sv1NNjGjtp2L85RC1epwFPjdBA1l,A7,Routine / institutional / customer service / other,B6,Institutional promotion / community news,Institutional / community communication
840212414774114,504,U10,2023,Swedish,https://www.facebook.com/stockholmvattenochavfall/posts/pfbid0GX1ypb6c2Ce3SAr4KWQKLQ7nuie5tmmEPRwTaQMg5Ha5w4CbCRQEzYDP8fXF1YY2l,A6,Public education / heritage / community engagement,B5,Education / awareness,Education / awareness
508883042468680,505,U03,2012,Portuguese,https://www.facebook.com/photo/?fbid=508883042468680&set=a.636558505181850,A6,Public education / heritage / community engagement,B6,Institutional promotion / community news,Institutional / community communication
1205967618198590,506,U10,2025,Swedish,https://www.facebook.com/stockholmvattenochavfall/videos/1457245378572517/,A7,Routine / institutional / customer service / other,B6,Institutional promotion / community news,Institutional / community communication
2084154571897921,507,U12,2018,Finnish,https://www.facebook.com/turunvesihuolto/posts/pfbid0vdYFAngq9ma2i4ALaz5fMzZrqBd3wp1ZnTabyQXhhHLWZp6hxhbhRfRELu8LgD5ql,A7,Routine / institutional / customer service / other,B6,Institutional promotion / community news,Institutional / community communication
804125848174136,508,U09,2023,Italian,https://www.facebook.com/abcacquabenecomunenapoli/posts/pfbid0ATuYfmz5Uc42v2LvrtAczosooM8m9fNR8xgo2Fzeix39doeiv74sGhNh3FizwdmQl,A2,Service disruption / repair / infrastructure,B1,Alert / warning,Risk / incident communication
10157369910964268,509,U08,2019,French,https://www.facebook.com/photo/?fbid=10157369910964268&set=a.643560364467965,A6,Public education / heritage / community engagement,B6,Institutional promotion / community news,Institutional / community communication
601013733255610,510,U03,2013,Portuguese,https://www.facebook.com/EPALaguaslivres/posts/601013733255610,A6,Public education / heritage / community engagement,B5,Education / awareness,Education / awareness
3313376578716287,511,U04,2020,Norwegian,https://www.facebook.com/Oslovann/posts/pfbid02eD7ips73ZxYMPinB5uBxCLUEbPsT6K3SLVVFXaejDqSWNwy3dXmggYFeDiJ2icDgl,A2,Service disruption / repair / infrastructure,B3,Operational update / resolution,Risk / incident communication
2877066002370075,512,U01,2020,Finnish,https://www.facebook.com/helsinginseudunymparistopalvelut/posts/pfbid02huw4oWfjfz2RoLAtHqBh56Gq3wzcKu65FDxkixSiK46GE5wPCznmepzAmGJW76z3l,A7,Routine / institutional / customer service / other,B2,Instruction / advice to public,Risk / incident communication
432887343401584,513,U03,2012,Portuguese,https://www.facebook.com/photo/?fbid=432887343401584&set=a.432887186734933,A7,Routine / institutional / customer service / other,B6,Institutional promotion / community news,Institutional / community communication
10158201989719268,514,U08,2020,French,https://www.facebook.com/photo/?fbid=10158201989719268&set=a.643560364467965,A6,Public education / heritage / community engagement,B6,Institutional promotion / community news,Institutional / community communication
2066757916734225,515,U01,2019,Finnish,https://www.facebook.com/helsinginseudunymparistopalvelut/posts/pfbid0Ge1LtKm5bfVPNtkNJFc452uGPCnDRWeMMCgCVb5k5UzQZc5czEZ8tKmMa5w3WYo4l,A7,Routine / institutional / customer service / other,B6,Institutional promotion / community news,Institutional / community communication
788439523320210,516,U01,2024,Finnish,https://www.facebook.com/helsinginseudunymparistopalvelut/posts/pfbid022oy3XwjA4UQJgRGEzkVL1FhHYX9qyVraYR2ZKrEbNE8EzMLPHQFwa5gRyoJchHPVl,A1,Water quality / safety / public health,B3,Operational update / resolution,Risk / incident communication
903938990032843,517,U11,2020,Finnish,https://www.facebook.com/tampereenvesi/posts/pfbid02rhBQFndvW1CMnbDdDWdUxup4apVjLZekWQwgAKkUtdfQiL6BEX2oZEaCaAZu5bqKl,A7,Routine / institutional / customer service / other,B6,Institutional promotion / community news,Institutional / community communication
1548168365206804,518,U03,2017,Portuguese,https://www.facebook.com/photo/?fbid=1548168365206804&set=a.636558505181850,A7,Routine / institutional / customer service / other,B6,Institutional promotion / community news,Institutional / community communication
1382611971891879,519,U02,2019,German,https://www.facebook.com/HamburgWasser/videos/501840840592200/,A7,Routine / institutional / customer service / other,B6,Institutional promotion / community news,Institutional / community communication
4041244725897896,520,U07,2021,Dutch,https://www.facebook.com/FARYSmultiservice/posts/pfbid0319rsm92Dpnb5pEGQ16iLQzW9CqcSoLftf6NEPdXATuu6Q1yc26rz37KCDc8nuNwhl,A7,Routine / institutional / customer service / other,B1,Alert / warning,Risk / incident communication
4748963515180305,521,U01,2022,Finnish,https://www.facebook.com/helsinginseudunymparistopalvelut/posts/pfbid03vWcEwg8AFtQtZ7WWHbjjBy2PiHvkbZtETvwf4mRxEvJKXKuvJRGfSYsxDDGaPtPl,A5,Environmental sustainability / waste / recycling / biodiversity,B6,Institutional promotion / community news,Institutional / community communication
4293749243982022,522,U03,2021,Portuguese,https://www.facebook.com/EPALaguaslivres/posts/pfbid02vFFzAzBYVeyF5uh14cHq8ye62fvC3krfBWiCDz5RTRpCjcfk3MeTTETkD9qq3fYnl,A6,Public education / heritage / community engagement,B5,Education / awareness,Education / awareness
1149029685250110,523,U02,2018,German,https://www.facebook.com/HamburgWasser/posts/1149029685250110,A7,Routine / institutional / customer service / other,B5,Education / awareness,Education / awareness
10157160503086714,524,U10,2020,Swedish,https://www.facebook.com/stockholmvattenochavfall/posts/pfbid02SZYSoAKCg3bFdiB73aDZp2NYrrejrRai2hrYM5ze7ksttXJjPKji3wa2BZomtNfnl,A3,Water conservation / drought / demand management,B2,Instruction / advice to public,Risk / incident communication
643122592408379,525,U04,2014,Norwegian,https://www.facebook.com/photo/?fbid=643122592408379&set=a.485581470263619,A3,Water conservation / drought / demand management,B5,Education / awareness,Education / awareness
1099153902394207,526,U11,2025,Finnish,https://www.facebook.com/tampereenvesi/posts/pfbid02vXCn4aNe2yRWRtvjg5k59rJBXBHcSomrSPk4As4qiiAuUXbQrq8a3FPwteAHsuzjl,A4,Flood / stormwater / wastewater / sewer,B5,Education / awareness,Education / awareness
2697163200597052,527,U12,2020,Finnish,https://www.facebook.com/turunvesihuolto/posts/pfbid0s2jFp3zeGefrH3byNwoYwktQoayNoSX95F6uhTLsGA3et8c1UFDnYfqjw1dLK3uMl,A7,Routine / institutional / customer service / other,B2,Instruction / advice to public,Risk / incident communication
1784909738315523,528,U05,2020,German,https://www.facebook.com/photo/?fbid=1784909738315523&set=a.632073468958361,A1,Water quality / safety / public health,B5,Education / awareness,Education / awareness
1267787093708949,529,U09,2022,Italian,https://www.facebook.com/abcacquabenecomunenapoli/posts/pfbid029ENcu3NdoXbgFrePCx9YaiNgoBMyWszD5sX8YU874aJinba8sv6jj4mem4jLr1Wml,A2,Service disruption / repair / infrastructure,B1,Alert / warning,Risk / incident communication
3555428577867144,530,U01,2020,Finnish,https://www.facebook.com/helsinginseudunymparistopalvelut/videos/418770685931439/,A7,Routine / institutional / customer service / other,B2,Instruction / advice to public,Risk / incident communication
772075992816049,531,U03,2014,Portuguese,https://www.facebook.com/photo/?fbid=772075992816049&set=a.636558505181850,A1,Water quality / safety / public health,B2,Instruction / advice to public,Risk / incident communication
734050839951898,532,U03,2014,Portuguese,https://www.facebook.com/EPALaguaslivres/posts/pfbid02Hj28jGyyg9XjPC7FKgF532HyS5giySJNQVKi99JQzC4HWyXe2UZgVpfkZ44efWQdl,A6,Public education / heritage / community engagement,B6,Institutional promotion / community news,Institutional / community communication
768898353133813,533,U03,2014,Portuguese,https://www.facebook.com/photo/?fbid=768898353133813&set=a.636558505181850,A7,Routine / institutional / customer service / other,B5,Education / awareness,Education / awareness
1706145362871870,534,U02,2020,German,https://www.facebook.com/HamburgWasser/videos/719870765226629/,A6,Public education / heritage / community engagement,B5,Education / awareness,Education / awareness
816417945048520,535,U03,2014,Portuguese,https://www.facebook.com/photo/?fbid=816417945048520&set=a.636558505181850,A3,Water conservation / drought / demand management,B6,Institutional promotion / community news,Institutional / community communication
1480957663377266,536,U07,2025,Dutch,https://www.facebook.com/FARYSmultiservice/posts/pfbid0H51sYjbUCNn4gZzdTSnG6BqskCvqWhyutMKvuoJCGsvt8WxgDqr8uSjxYvajtdQWl,A7,Routine / institutional / customer service / other,B6,Institutional promotion / community news,Institutional / community communication
110475335770021,537,U03,2012,Portuguese,https://www.facebook.com/EPALaguaslivres/posts/110475335770021,A6,Public education / heritage / community engagement,B6,Institutional promotion / community news,Institutional / community communication
10159192846894268,538,U08,2020,French,https://www.facebook.com/eaudeparis/posts/pfbid0uMVeC9LXsoC87GpcoJft7AbzXnQtXGTEvLKjDdRDqEe2sqsW3hy3mQPux5BsyJAgl,A5,Environmental sustainability / waste / recycling / biodiversity,B5,Education / awareness,Education / awareness
1193759497443795,539,U02,2018,German,https://www.facebook.com/HamburgWasser/videos/2828449120502391/,A7,Routine / institutional / customer service / other,B6,Institutional promotion / community news,Institutional / community communication
10158473958549268,540,U08,2020,French,https://www.facebook.com/photo/?fbid=10158473958549268&set=a.643560364467965,A7,Routine / institutional / customer service / other,B6,Institutional promotion / community news,Institutional / community communication
2998677693542238,541,U01,2020,Finnish,https://www.facebook.com/helsinginseudunymparistopalvelut/posts/pfbid0C6NeEKUEMT6FxXgQcCu1RRhJ4cgga4591wGqLDZUNQH1gcDnSUhJmkuf2ysiyqogl,A5,Environmental sustainability / waste / recycling / biodiversity,B5,Education / awareness,Education / awareness
1311090085697493,542,U05,2018,German,https://www.facebook.com/wasserbetriebe/posts/pfbid02nkPHHCU5ZpswRuwNNAdRaQ7QnmmDgZ9cqVwHxFjknnEYS6kZgfP3LQtPgWEr2FeMl,A4,Flood / stormwater / wastewater / sewer,B5,Education / awareness,Education / awareness
2387581081318572,543,U01,2019,Finnish,https://www.facebook.com/helsinginseudunymparistopalvelut/posts/pfbid02b9YMpZYbt5X9CVP6Q1ATL37ddmMCqQpzHhs16eZyKbF8fVMxhtT5cViejSiauty4l,A6,Public education / heritage / community engagement,B5,Education / awareness,Education / awareness
1864967616860209,544,U03,2018,Portuguese,https://www.facebook.com/EPALaguaslivres/posts/pfbid0epikXPgqVKu6iAhEvwujNMKGeMaWZjar9zP7HxV24esp3WVGx1ZnN6i2fvnUrmPxl,A7,Routine / institutional / customer service / other,B6,Institutional promotion / community news,Institutional / community communication
10156019247496714,545,U10,2019,Swedish,https://www.facebook.com/stockholmvattenochavfall/posts/pfbid02v8AGHp8C9h6GYabVhQQkL5iJmtcwvfdeKh5tBnapyqPtXGw364c8ETwa88ENQTaMl,A5,Environmental sustainability / waste / recycling / biodiversity,B2,Instruction / advice to public,Risk / incident communication
1145824289177644,546,U11,2021,Finnish,https://www.facebook.com/tampereenvesi/videos/766296720944814/,A6,Public education / heritage / community engagement,B5,Education / awareness,Education / awareness
1425893561231634,547,U09,2022,Italian,https://www.facebook.com/abcacquabenecomunenapoli/posts/pfbid02yqCJU6qXwzJ7C6a1YDXFP2hQD1T6S21SEaC2fxmxiZbvLFKDMBEjmRTToiBsv5Fel,A2,Service disruption / repair / infrastructure,B1,Alert / warning,Risk / incident communication
893925712771590,548,U01,2024,Finnish,https://www.facebook.com/helsinginseudunymparistopalvelut/videos/365737379728045/,A4,Flood / stormwater / wastewater / sewer,B5,Education / awareness,Education / awareness
821074329812621,549,U09,2023,Italian,https://www.facebook.com/abcacquabenecomunenapoli/posts/pfbid0k4DRuNTRbCGwgkhCKox6HxsL1YiakjfzThaYXWnH8qn5aj6NatdsFhc9yBWmQjxql,A2,Service disruption / repair / infrastructure,B1,Alert / warning,Risk / incident communication
538055256334317,550,U05,2015,German,https://www.facebook.com/wasserbetriebe/posts/538055256334317,A3,Water conservation / drought / demand management,B5,Education / awareness,Education / awareness
695357583821224,551,U03,2014,Portuguese,https://www.facebook.com/photo/?fbid=695357583821224&set=a.653490278007955,A7,Routine / institutional / customer service / other,B6,Institutional promotion / community news,Institutional / community communication
2230784647074603,552,U02,2022,German,https://www.facebook.com/HamburgWasser/posts/pfbid0BYvNYiU39NVciB9WQoX8fvZwKcxSd6UuBNpJfF4a7WQWh36SrCmeoXff1bsxhxbal,A4,Flood / stormwater / wastewater / sewer,B6,Institutional promotion / community news,Institutional / community communication
658797109624656,553,U03,2023,Portuguese,https://www.facebook.com/EPALaguaslivres/posts/pfbid0oLZwZrbhaLiV5k3NbCS2rmeGSHCmghZ3UgdAtGyfFBqSEKhvaYbXMgJLRLhg1tiel,A7,Routine / institutional / customer service / other,B6,Institutional promotion / community news,Institutional / community communication
869119421674778,554,U09,2024,Italian,https://www.facebook.com/abcacquabenecomunenapoli/posts/pfbid02AEFjnTPBqUsVvjCCR9uqi45iWRcspyfwHPanC6fDSMx9tgYCK8wAXm9Rzn14Lwxzl,A2,Service disruption / repair / infrastructure,B1,Alert / warning,Risk / incident communication
1465207287300261,555,U09,2022,Italian,https://www.facebook.com/abcacquabenecomunenapoli/posts/pfbid02YtbeQKyivhzhp3mpbnV6srHoCGrsthrZWKaUsx3m1Ntte2CBj4BvgyKcpGbqKNMWl,A2,Service disruption / repair / infrastructure,B1,Alert / warning,Risk / incident communication
2287162038027144,556,U01,2019,Finnish,https://www.facebook.com/helsinginseudunymparistopalvelut/posts/pfbid02PE2HuGZfSiKrzJFpaQocXVQUYD2Pq8bhYjoF9KF8V5djd9zVCKZpGu87j3bxt3BGl,A2,Service disruption / repair / infrastructure,B1,Alert / warning,Risk / incident communication
377701624539442,557,U11,2022,Finnish,https://www.facebook.com/tampereenvesi/posts/pfbid0M5xh52SkQY1ehzroz3hufsfqw8F78rGGW8UMqiPRhHVZGoZ8HtGWmSQ8MU1UPFR1l,A7,Routine / institutional / customer service / other,B6,Institutional promotion / community news,Institutional / community communication
3372654446144559,558,U01,2020,Finnish,https://www.facebook.com/helsinginseudunymparistopalvelut/posts/pfbid0fMqyBv9WEeyiFimLJ8LZdHhXkV71s8aJ2MjVzEwdQG6kzQFhayoHrzg6UMiyzUp4l,A5,Environmental sustainability / waste / recycling / biodiversity,B2,Instruction / advice to public,Risk / incident communication
725114047628436,559,U05,2016,German,https://www.facebook.com/photo/?fbid=725114047628436&set=a.632073468958361,A4,Flood / stormwater / wastewater / sewer,B5,Education / awareness,Education / awareness
2956766764346950,560,U03,2020,Portuguese,https://www.facebook.com/EPALaguaslivres/posts/pfbid02SZDSeZ3staAp5957dw7bSQe17VFbWiHZ211pA49adSJBwKL5hQSgCeVacK7wrCjrl,A6,Public education / heritage / community engagement,B5,Education / awareness,Education / awareness
1239785894816762,561,U10,2025,Swedish,https://www.facebook.com/stockholmvattenochavfall/posts/pfbid0uYR5ueT6Z1mKpKdMZzTY47NF5g4pBayBXy3z9FXbMYhTTbVKzng571xFVCV82QELl,A7,Routine / institutional / customer service / other,B6,Institutional promotion / community news,Institutional / community communication
2362875800402719,562,U03,2019,Portuguese,https://www.facebook.com/EPALaguaslivres/posts/pfbid02egxwSYZaJUFF4YxpChwPY5NZPX6UZLdxw7ysYVRwE3BuASM8VrqRwjoqENHx9Qgql,A3,Water conservation / drought / demand management,B5,Education / awareness,Education / awareness
5203702446350348,563,U04,2022,Norwegian,https://www.facebook.com/Oslovann/posts/pfbid02HtQsehtbWvvXBj81fdC76R8z4GRXMFTLEBip2YMRb7aZ4gUK4XKpCbn51tEptJEwl,A3,Water conservation / drought / demand management,B4,Reassurance / safety information,Risk / incident communication
1271324764340558,564,U07,2025,Dutch,https://www.facebook.com/FARYSmultiservice/posts/pfbid025gx1qpiZY6rZYrPFyLsQHRQe1ejL6v2uH6WLfkckzTec8XfnxBszFH8axu9KWFj9l,A3,Water conservation / drought / demand management,B2,Instruction / advice to public,Risk / incident communication
935980346425612,565,U03,2015,Portuguese,https://www.facebook.com/photo/?fbid=935980346425612&set=a.636558505181850,A7,Routine / institutional / customer service / other,B6,Institutional promotion / community news,Institutional / community communication
2730946287218743,566,U12,2021,Finnish,https://www.facebook.com/turunvesihuolto/posts/pfbid02RQ3vDutUwacNemTBsYrEJ8wpDtpr1pRAhEzwYSnBDdW1c3sXe7qJ3FjPVUNAF9Yvl,A4,Flood / stormwater / wastewater / sewer,B5,Education / awareness,Education / awareness
749063291900178,567,U05,2016,German,https://www.facebook.com/wasserbetriebe/posts/pfbid0oqQAdMrCfbp9eXjUVKvAjCnzwFEqmLqnuCpecFzvoMGzE3V3VjXbu4neH3Y21Xq1l,A6,Public education / heritage / community engagement,B5,Education / awareness,Education / awareness
387619011264720,568,U03,2012,Portuguese,https://www.facebook.com/EPALaguaslivres/posts/387619011264720,A6,Public education / heritage / community engagement,B6,Institutional promotion / community news,Institutional / community communication
726648270692155,569,U03,2014,Portuguese,https://www.facebook.com/photo/?fbid=726648270692155&set=a.636558505181850,A6,Public education / heritage / community engagement,B5,Education / awareness,Education / awareness
971428401689531,570,U05,2024,German,https://www.facebook.com/wasserbetriebe/videos/547751611226114/,A7,Routine / institutional / customer service / other,B5,Education / awareness,Education / awareness
1270961045213491,571,U11,2026,Finnish,https://www.facebook.com/reel/1955415081765939/,A6,Public education / heritage / community engagement,B6,Institutional promotion / community news,Institutional / community communication
452772020188281,572,U12,2022,Finnish,https://www.facebook.com/turunvesihuolto/posts/pfbid02vbMW3WhB9o3jRQz3qJuoN2vPtRCdGkt1gbd89vEbM7Edg1UJx1JUZAGx2iXHbrnRl,A7,Routine / institutional / customer service / other,B6,Institutional promotion / community news,Institutional / community communication
4030246247052039,573,U01,2021,Finnish,https://www.facebook.com/helsinginseudunymparistopalvelut/posts/pfbid0FfeuMkKNZNt84dshGDbN9jRFFxqovTSvQ8n2r7DAHi9prw6Z8KQeGdxuDhkxb7RPl,A5,Environmental sustainability / waste / recycling / biodiversity,B5,Education / awareness,Education / awareness
5758092824214316,574,U03,2022,Portuguese,https://www.facebook.com/EPALaguaslivres/posts/pfbid0SSt7v2B7UWhE68QosGg1abX3AdhXWabNskosFm3SyxRggUW34WZUxXAFGwoP6tUol,A1,Water quality / safety / public health,B5,Education / awareness,Education / awareness
853443328065696,575,U01,2015,Finnish,https://www.facebook.com/helsinginseudunymparistopalvelut/posts/853443328065696,A7,Routine / institutional / customer service / other,B6,Institutional promotion / community news,Institutional / community communication
1331580245428691,576,U09,2025,Italian,https://www.facebook.com/abcacquabenecomunenapoli/posts/pfbid0g2iwU4qGjZmk8AgXtVcGi3VhyCi5iSZbWa6iwzTrzoQVAgwXdt6cjksamwMun6QKl,A2,Service disruption / repair / infrastructure,B1,Alert / warning,Risk / incident communication
1429822572271124,577,U09,2026,Italian,https://www.facebook.com/abcacquabenecomunenapoli/posts/pfbid0tzJovpvFmqsL6vxssGEF6c2meFjrio2yk59Cp21qJGNFffy1KcdQx8VGNZVQHKnPl,A2,Service disruption / repair / infrastructure,B1,Alert / warning,Risk / incident communication
3176995725657385,578,U03,2020,Portuguese,https://www.facebook.com/EPALaguaslivres/posts/pfbid08sBr6wrX8MmauKjYdYJZ6cUCZybzadV1KWY1QVzw4eMTL5ZNhQ4NspmKnX3viZdyl,A3,Water conservation / drought / demand management,B2,Instruction / advice to public,Risk / incident communication
2082901108453239,579,U01,2019,Finnish,https://www.facebook.com/helsinginseudunymparistopalvelut/posts/pfbid02Vt5cgTusPeyZk8kw6iR2egPpX7Mfu54tXmMxsM5SPo3wvwAQqZzVEEucAYx5EKc7l,A5,Environmental sustainability / waste / recycling / biodiversity,B6,Institutional promotion / community news,Institutional / community communication
3247120135364658,580,U01,2020,Finnish,https://www.facebook.com/helsinginseudunymparistopalvelut/posts/pfbid0cwu55dkmHy9o239Zb8Zn1J5PTxyqbwEsHCmCyNUAotMaGHQE8FzASmRaAAmpqx6l,A5,Environmental sustainability / waste / recycling / biodiversity,B2,Instruction / advice to public,Risk / incident communication
939062761572313,581,U02,2024,German,https://www.facebook.com/HamburgWasser/videos/1224134035429553/,A7,Routine / institutional / customer service / other,B6,Institutional promotion / community news,Institutional / community communication
10156103889116714,582,U10,2019,Swedish,https://www.facebook.com/stockholmvattenochavfall/videos/1298106917004280/,A7,Routine / institutional / customer service / other,B5,Education / awareness,Education / awareness
3503886739687995,583,U01,2020,Finnish,https://www.facebook.com/helsinginseudunymparistopalvelut/posts/pfbid0dGWiKzGzf46xtfKGXWcVYQrFWC1cAje4HGyeWkRspMXQLddMCwjK84Zx4Af2VfkTl,A5,Environmental sustainability / waste / recycling / biodiversity,B5,Education / awareness,Education / awareness
871458646614211,584,U11,2020,Finnish,https://www.facebook.com/tampereenvesi/posts/pfbid02WpaQ8qAWVBmqBpRbX6McJsx9dX2HwboKa4RnxFmPugJvrdLawfWB6VAeia6tbKeVl,A7,Routine / institutional / customer service / other,B6,Institutional promotion / community news,Institutional / community communication
5302091029867548,585,U01,2022,Finnish,https://www.facebook.com/helsinginseudunymparistopalvelut/posts/pfbid0WKXYLufX8k5S9E52mngG6HVd1CY6gGFg9metT3xZTzuQuZgrP78WktXH28Ssas4sl,A4,Flood / stormwater / wastewater / sewer,B5,Education / awareness,Education / awareness
1176488856172107,586,U09,2021,Italian,https://www.facebook.com/abcacquabenecomunenapoli/posts/pfbid02taibD4dserMrFqftDdfoDEjuJNXoJJKc7fCXhSUyXw51YwzZ4VLLGL2mbVCsMu63l,A2,Service disruption / repair / infrastructure,B3,Operational update / resolution,Risk / incident communication
10158774441566714,587,U10,2022,Swedish,https://www.facebook.com/stockholmvattenochavfall/videos/447834297447495/,A5,Environmental sustainability / waste / recycling / biodiversity,B2,Instruction / advice to public,Risk / incident communication
1230154712237912,588,U09,2025,Italian,https://www.facebook.com/abcacquabenecomunenapoli/posts/pfbid02YwmLWCsBr9sjFhvHcrDvGaV4jQexLNb4MqhnWFhvMqtTBVR6C9B6prbAbGqLkUmul,A2,Service disruption / repair / infrastructure,B1,Alert / warning,Risk / incident communication
635594985252427,589,U02,2023,German,https://www.facebook.com/HamburgWasser/videos/766398508209768/,A7,Routine / institutional / customer service / other,B6,Institutional promotion / community news,Institutional / community communication
1151314140121970,590,U09,2025,Italian,https://www.facebook.com/abcacquabenecomunenapoli/posts/pfbid02UNiHsZmGY5Mrqw7pKpvuGNRvQf4ji3bF5YnfDfJVwCxxVetEewsX8k4YU16qXWxjl,A2,Service disruption / repair / infrastructure,B1,Alert / warning,Risk / incident communication
1734983866555574,591,U04,2018,Norwegian,https://www.facebook.com/Oslovann/posts/pfbid0Zv7qW1D4KVpcF3jwfNvL1NGaCqo92ZRpqc2VRwTNHUS1kcLMzbWNvVJ6h1LMDbt4l,A2,Service disruption / repair / infrastructure,B1,Alert / warning,Risk / incident communication
4420845724605706,592,U03,2021,Portuguese,https://www.facebook.com/EPALaguaslivres/posts/pfbid0tnBiSL9GiuofPGkyN9KagfHaYFufZeoHbWs96dpd415oSqcLDc1btvMtRy4JFvgbl,A6,Public education / heritage / community engagement,B6,Institutional promotion / community news,Institutional / community communication
492829254074059,593,U03,2012,Portuguese,https://www.facebook.com/photo/?fbid=492829254074059&set=a.636558505181850,A5,Environmental sustainability / waste / recycling / biodiversity,B5,Education / awareness,Education / awareness
3415120461897957,594,U01,2020,Finnish,https://www.facebook.com/helsinginseudunymparistopalvelut/posts/pfbid022gKdJXFqEipHdFLBBETRyPAQP6NJNbY87aLmHZKVMUSNHvm1AYqpnLyftnB55ogil,A7,Routine / institutional / customer service / other,B6,Institutional promotion / community news,Institutional / community communication
3365930343460910,595,U04,2020,Norwegian,https://www.facebook.com/Oslovann/posts/pfbid0X7cZtSAQuLSGiyfSgjXbDVF1B2h21z6uK3ikc2V9quasz6HfkQUKNyPfZny1DTopl,A4,Flood / stormwater / wastewater / sewer,B2,Instruction / advice to public,Risk / incident communication
1072464479907879,596,U09,2021,Italian,https://www.facebook.com/abcacquabenecomunenapoli/posts/pfbid0HAuweuzQAgjZzvjNfFTjrffuHCWV1Ag23MkimdsRUQrqUTi5wXzq7EgQLaZH5Fs6l,A2,Service disruption / repair / infrastructure,B1,Alert / warning,Risk / incident communication
1428826690938321,597,U09,2022,Italian,https://www.facebook.com/abcacquabenecomunenapoli/posts/pfbid02PdwUjerJkwS8zYpaiCj2MrUuZmrZppmN28hCTFRtfFFtUjVSZkzaxa6ywLLr9g2ul,A2,Service disruption / repair / infrastructure,B1,Alert / warning,Risk / incident communication
697687600718904,598,U09,2019,Italian,https://www.facebook.com/abcacquabenecomunenapoli/posts/pfbid0xDbxsdvqmXce7dKvFLSGoFHxwsvmHc8BEoLFdokfd9Mj4LxU3zrM7WtpjBuoppxql,A2,Service disruption / repair / infrastructure,B1,Alert / warning,Risk / incident communication
1029446404209687,599,U09,2021,Italian,https://www.facebook.com/abcacquabenecomunenapoli/posts/pfbid02tfQxfn6BaGhHmipepTcGUXnDbdvYuUw3K1HoZShwhhnLp4iFv79zvYmJ6vMRdS9Yl,A2,Service disruption / repair / infrastructure,B1,Alert / warning,Risk / incident communication
1553680074771825,600,U05,2019,German,https://www.facebook.com/wasserbetriebe/posts/pfbid02Gkn2auJ3Zh8d6M9xFCXgWmZJaoX4XhpdhL9fKz1NdBYPGPTGpwsHGK5W8FgEkgkUl,A6,Public education / heritage / community engagement,B5,Education / awareness,Education / awareness
3813008162056135,601,U03,2020,Portuguese,https://www.facebook.com/EPALaguaslivres/posts/pfbid02TFJ68w3AbwXdsqzgKdboVC6Ak8StXQ4tJEZKjFufLUQxWJxsEjEtHVD8cLA4djRZl,A7,Routine / institutional / customer service / other,B6,Institutional promotion / community news,Institutional / community communication
827561503934164,602,U03,2014,Portuguese,https://www.facebook.com/EPALaguaslivres/posts/pfbid028qYkTSzdw8EwPGiDp2VuWosnCwejP9k6ESyX4t7rUcyBqH6rhrKa8b7rnLHbXvJ3l,A6,Public education / heritage / community engagement,B6,Institutional promotion / community news,Institutional / community communication
1743426745680964,603,U03,2017,Portuguese,https://www.facebook.com/EPALaguaslivres/posts/pfbid02WN9XVnX3pVwQm2vsxyd3SCxXRVqPzv88qS5z9hwsXso4mUbMPvunH3gGZxcP8wL3l,A7,Routine / institutional / customer service / other,B6,Institutional promotion / community news,Institutional / community communication
1625072294183077,604,U03,2017,Portuguese,https://www.facebook.com/EPALaguaslivres/posts/pfbid02sLXfjs7kANVmNgio3mVudgqEZN88D2w9T6a7DjdxxJFC17EAWHg2vC7QfmetADH3l,A7,Routine / institutional / customer service / other,B6,Institutional promotion / community news,Institutional / community communication
441820772624433,605,U05,2014,German,https://www.facebook.com/wasserbetriebe/posts/441820772624433,A6,Public education / heritage / community engagement,B5,Education / awareness,Education / awareness
2072403993072979,606,U12,2018,Finnish,https://www.facebook.com/turunvesihuolto/posts/pfbid02qXaWs6pKzq6AJmudY3SH6q2rYJN5KX9sG5vsorphgufgmCNZcNgSvfPUyZcrCg2Jl,A7,Routine / institutional / customer service / other,B6,Institutional promotion / community news,Institutional / community communication
1866045683419069,607,U03,2018,Portuguese,https://www.facebook.com/EPALaguaslivres/posts/pfbid04o5K3YUgA2mQhzFya4w8fJJ8LUGUMMMoQUs3Y1QS536u3wxuotccmZwRh52fNGS3l,A6,Public education / heritage / community engagement,B5,Education / awareness,Education / awareness
2010206479056036,608,U01,2018,Finnish,https://www.facebook.com/helsinginseudunymparistopalvelut/posts/pfbid0VBM2N6J6YPxuBMqHumUMCzri7fYurhYfZ7vFqYFkUDUHudYm9CFAYxrrir6bapeEl,A7,Routine / institutional / customer service / other,B2,Instruction / advice to public,Risk / incident communication
778743920712329,609,U09,2023,Italian,https://www.facebook.com/abcacquabenecomunenapoli/posts/pfbid02476wU9LzwYDMNTzU4aAMZuNSvmCbfxxxMTbWtQcUHggGaqDRuCThLaP4QzYfsXZcl,A2,Service disruption / repair / infrastructure,B1,Alert / warning,Risk / incident communication
1339988904587825,610,U09,2025,Italian,https://www.facebook.com/abcacquabenecomunenapoli/posts/pfbid02n7oJc4zUim6sSmqWhRUdHHyk9dGiQZ1q42bsynDY8a5cn3yD8oxZPnep7NeM51HHl,A2,Service disruption / repair / infrastructure,B1,Alert / warning,Risk / incident communication
1042929017839242,611,U12,2024,Finnish,https://www.facebook.com/turunvesihuolto/posts/pfbid037zczvfcYRuF64NoKdNg7xSi2YXxMiM5auuZfq6AV7ruitKDZkFMpV1pAiiitUZfCl,A6,Public education / heritage / community engagement,B5,Education / awareness,Education / awareness
1277733397725695,612,U05,2025,German,https://www.facebook.com/reel/774182689000715/,A6,Public education / heritage / community engagement,B5,Education / awareness,Education / awareness
10159471651779268,613,U08,2021,French,https://www.facebook.com/eaudeparis/posts/pfbid0tTQEbUL33YK8nHC3DSiW6F3oTYCMdsgAe8nCHrN7vbfj815gwuDJwMhdBByrimsSl,A7,Routine / institutional / customer service / other,B6,Institutional promotion / community news,Institutional / community communication
1110953994366620,614,U10,2024,Swedish,https://www.facebook.com/stockholmvattenochavfall/posts/pfbid035J1mz3Kj9UWNhBrisnK7YLgXCwuJZDjP8dFozrvL1HmWhNWAaoEERqH64gsV1Rvgl,A3,Water conservation / drought / demand management,B5,Education / awareness,Education / awareness
4183303091693305,615,U03,2021,Portuguese,https://www.facebook.com/EPALaguaslivres/posts/pfbid02zGCq8WfvYXSbeGXYbBGzQYqjDeEZMDx5vxGZf7A98nC1o8vJbw1kmdiQyYLjVRdNl,A6,Public education / heritage / community engagement,B6,Institutional promotion / community news,Institutional / community communication
869532881633432,616,U09,2024,Italian,https://www.facebook.com/abcacquabenecomunenapoli/posts/pfbid02mTU1Ew5as1xj8iLncai158L2CJByWdcycYbpnLdLqFthWJSZpxhirGBvUK6WKL3Hl,A2,Service disruption / repair / infrastructure,B1,Alert / warning,Risk / incident communication
1126044097822330,617,U11,2021,Finnish,https://www.facebook.com/tampereenvesi/posts/pfbid028fB2XRw9aRph3Xx5eSKZ7bccBUCEEC1NLZV9FxzXrV3TbBc5tJXf8k6zqsbukYWMl,A4,Flood / stormwater / wastewater / sewer,B5,Education / awareness,Education / awareness
2496853687035251,618,U04,2019,Norwegian,https://www.facebook.com/Oslovann/posts/pfbid05ZCKhRPdDaaVjjrqKhnRhaHyntMZJfze1YnRbCt1pkRbAELULDzrfL8L7wQiTVgFl,A7,Routine / institutional / customer service / other,B5,Education / awareness,Education / awareness
909008296192579,619,U11,2020,Finnish,https://www.facebook.com/tampereenvesi/posts/pfbid0wu9Tk9jq2rgU4Gxhvc4VkbkvGDQNBjJ3fn1biNCYa5DWgwvtyBWUxUpeoffPJM5Rl,A7,Routine / institutional / customer service / other,B5,Education / awareness,Education / awareness
630569890353042,620,U01,2014,Finnish,https://www.facebook.com/photo/?fbid=630569890353042&set=a.476477601183072,A7,Routine / institutional / customer service / other,B6,Institutional promotion / community news,Institutional / community communication
266669336690053,621,U03,2011,Portuguese,https://www.facebook.com/photo/?fbid=266669336690053&set=a.264900370200283,A6,Public education / heritage / community engagement,B6,Institutional promotion / community news,Institutional / community communication
1022617994428513,622,U03,2015,Portuguese,https://www.facebook.com/photo/?fbid=1022617994428513&set=a.636558505181850,A7,Routine / institutional / customer service / other,B6,Institutional promotion / community news,Institutional / community communication
657388571067651,623,U05,2015,German,https://www.facebook.com/photo/?fbid=657388571067651&set=a.632073468958361,A7,Routine / institutional / customer service / other,B6,Institutional promotion / community news,Institutional / community communication
1473215211473828,624,U10,2026,Swedish,https://www.facebook.com/stockholmvattenochavfall/posts/pfbid0sMQRhwhCrqThR6ndD9VnDx13n9hLMJJVUB5KvbMJb2Uy6hAY4RsfnHSf9cgYXeasl,A5,Environmental sustainability / waste / recycling / biodiversity,B2,Instruction / advice to public,Risk / incident communication
257197367649860,625,U03,2011,Portuguese,https://www.facebook.com/EPALaguaslivres/posts/257197367649860,A3,Water conservation / drought / demand management,B5,Education / awareness,Education / awareness
1910404965702855,626,U01,2018,Finnish,https://www.facebook.com/helsinginseudunymparistopalvelut/posts/pfbid0rQae6yBEysdM9Jb6upRfuW2PfCYn7AAWSCCJsLHUDpikS9TfB9VTtUzD9TKq8XzSl,A5,Environmental sustainability / waste / recycling / biodiversity,B5,Education / awareness,Education / awareness
4269288826428064,627,U03,2021,Portuguese,https://www.facebook.com/EPALaguaslivres/posts/pfbid0vjYbnhZLNVZypRakv7iZbGWtHjYGWLXpiaUx3U2ZSrxPBHkqkJS1C7Q8PmC7CRHCl,A5,Environmental sustainability / waste / recycling / biodiversity,B5,Education / awareness,Education / awareness
1195415660480831,628,U07,2016,Dutch,https://www.facebook.com/photo/?fbid=1195415660480831&set=a.604897090983332,A6,Public education / heritage / community engagement,B5,Education / awareness,Education / awareness
5402658493091086,629,U03,2022,Portuguese,https://www.facebook.com/EPALaguaslivres/posts/pfbid021K31PPKTEmn8HZ2F6nnRfSvnTTJE1gfpzScEL5qgH2ybzGtFY7CA1Sxuhvhu4uW1l,A6,Public education / heritage / community engagement,B6,Institutional promotion / community news,Institutional / community communication
1418538271619340,630,U05,2019,German,https://www.facebook.com/photo/?fbid=1418538271619340&set=a.632073468958361,A4,Flood / stormwater / wastewater / sewer,B5,Education / awareness,Education / awareness
2480377711985860,631,U03,2019,Portuguese,https://www.facebook.com/EPALaguaslivres/posts/pfbid02zF7VJV8BG2kuWk4sWMuYabT76ir4eaQSSB3bYp4MAm4qeeUjTNumZUxUK8SMawd4l,A5,Environmental sustainability / waste / recycling / biodiversity,B5,Education / awareness,Education / awareness
1306237764838241,632,U10,2025,Swedish,https://www.facebook.com/stockholmvattenochavfall/videos/1413276506543140/,A3,Water conservation / drought / demand management,B2,Instruction / advice to public,Risk / incident communication
5070124146344524,633,U03,2022,Portuguese,https://www.facebook.com/EPALaguaslivres/posts/pfbid0WJDXkUcDzQRxCU8v1GVbTbBbBXsmFg6W3TRSuxmStrk6AxiyjwMEhgc77iui1iqMl,A7,Routine / institutional / customer service / other,B6,Institutional promotion / community news,Institutional / community communication
810612041109828,634,U03,2024,Portuguese,https://www.facebook.com/EPALaguaslivres/videos/1851490085308648/,A3,Water conservation / drought / demand management,B2,Instruction / advice to public,Risk / incident communication
516292571843919,635,U05,2014,German,https://www.facebook.com/wasserbetriebe/posts/pfbid02cmnjkEF1DztUUQGYmZDVLcC9WNYBNj33suCHchprxyWinV4urRFNxhsj4zVPcaQDl,A4,Flood / stormwater / wastewater / sewer,B5,Education / awareness,Education / awareness
10157041137451714,636,U10,2020,Swedish,https://www.facebook.com/stockholmvattenochavfall/videos/2616131808707439/,A3,Water conservation / drought / demand management,B5,Education / awareness,Education / awareness
942061515933687,637,U05,2017,German,https://www.facebook.com/wasserbetriebe/videos/942061515933687/,A4,Flood / stormwater / wastewater / sewer,B5,Education / awareness,Education / awareness
5840140602676204,638,U03,2022,Portuguese,https://www.facebook.com/EPALaguaslivres/posts/pfbid02dLSfCpucoihdNd8hd5oiuPycGFBZ6Pr1KfGXHKrx6Cedc1681Aa2r1oGnNTBxJgFl,A5,Environmental sustainability / waste / recycling / biodiversity,B5,Education / awareness,Education / awareness
213106658712988,639,U03,2011,Portuguese,https://www.facebook.com/photo/?fbid=213106658712988&set=a.211670782189909,A7,Routine / institutional / customer service / other,B6,Institutional promotion / community news,Institutional / community communication
969055691918429,640,U08,2024,French,https://www.facebook.com/eaudeparis/videos/1023474629791936/,A7,Routine / institutional / customer service / other,B6,Institutional promotion / community news,Institutional / community communication
3303697296319313,641,U07,2020,Dutch,https://www.facebook.com/FARYSmultiservice/posts/pfbid0rREfqRLzPZgzv1Jz7onsHPemoDSdavfoTdCLKog8ZZotuaeZKsD4Zy7Ycq5toEPWl,A3,Water conservation / drought / demand management,B2,Instruction / advice to public,Risk / incident communication
1291696322975620,642,U02,2025,German,https://www.facebook.com/HamburgWasser/posts/pfbid021fgAjgxrhiuvEy6mtmFQ3RiMbSEHkJLKtyNogt2sqLvRtmQVxuNwKAxBq14DhEEhl,A7,Routine / institutional / customer service / other,B6,Institutional promotion / community news,Institutional / community communication
4023376564351379,643,U07,2021,Dutch,https://www.facebook.com/FARYSmultiservice/posts/pfbid02ZLvD6QWWVy6SNgEKy2jTt3LPVWWuuN3QtbXcbJbSpwnzL396nTUcgdYZxsSkN7RKl,A7,Routine / institutional / customer service / other,B6,Institutional promotion / community news,Institutional / community communication
3824289390981060,644,U01,2021,Finnish,https://www.facebook.com/helsinginseudunymparistopalvelut/posts/pfbid0YzPSbXX3QANP1NfrDF29hFoK1a3xWsZtfYNRLS2D68c5MMgunU4ACVAearnfaPVcl,A6,Public education / heritage / community engagement,B6,Institutional promotion / community news,Institutional / community communication
10156555331446714,645,U10,2019,Swedish,https://www.facebook.com/stockholmvattenochavfall/posts/pfbid0Z28nimbSFebkRjBRBiLHR5zjVz54BiRPWfgBF5QmTxY1bqvZCjGnhve5eD5wAw8Vl,A5,Environmental sustainability / waste / recycling / biodiversity,B6,Institutional promotion / community news,Institutional / community communication
1412477825442526,646,U03,2017,Portuguese,https://www.facebook.com/photo/?fbid=1412477825442526&set=a.636558505181850,A7,Routine / institutional / customer service / other,B6,Institutional promotion / community news,Institutional / community communication
988562444500735,647,U03,2015,Portuguese,https://www.facebook.com/photo/?fbid=988562444500735&set=a.636558505181850,A6,Public education / heritage / community engagement,B6,Institutional promotion / community news,Institutional / community communication
3767383089951976,648,U03,2020,Portuguese,https://www.facebook.com/EPALaguaslivres/posts/pfbid0dz81jyC2XQdDU7hJJEE5NiuzkgzBGmMAtxzQn7EStd3vPbZz95gomkpC8CW7nysPl,A1,Water quality / safety / public health,B5,Education / awareness,Education / awareness
1019445391541874,649,U02,2018,German,https://www.facebook.com/HamburgWasser/posts/pfbid02mYpNzs4YMY1AKqrWJCfoMEUBdYugATJ8vppRRfuBLgUVn7dUm8rsut11f6Z4RZX5l,A4,Flood / stormwater / wastewater / sewer,B5,Education / awareness,Education / awareness
2619105694832775,650,U01,2019,Finnish,https://www.facebook.com/helsinginseudunymparistopalvelut/posts/pfbid02TECkJuVRKLPyNDsFxZAm3fhpiQgvTrSzKoXH7HZTyQDhRyhQ1SGkKN8RnQaLBd7xl,A5,Environmental sustainability / waste / recycling / biodiversity,B2,Instruction / advice to public,Risk / incident communication
2455103904802984,651,U12,2020,Finnish,https://www.facebook.com/turunvesihuolto/posts/pfbid0eAVnYTXiZVbNiTUK5popkYwbP7aX7iEha8ViqyVGs8n5o9XtQkJjN5SApVfKKEaGl,A3,Water conservation / drought / demand management,B5,Education / awareness,Education / awareness
980747955335232,652,U01,2016,Finnish,https://www.facebook.com/helsinginseudunymparistopalvelut/posts/980747955335232,A5,Environmental sustainability / waste / recycling / biodiversity,B5,Education / awareness,Education / awareness
1082861815534812,653,U09,2021,Italian,https://www.facebook.com/abcacquabenecomunenapoli/posts/pfbid02RK2YcbArEqwDR14CyLBx1VbM94eGQHsJ6vy1tpJNBRFqmKxk2UfPCgT8ywGZVoAvl,A2,Service disruption / repair / infrastructure,B1,Alert / warning,Risk / incident communication
236613519695635,654,U03,2011,Portuguese,https://www.facebook.com/EPALaguaslivres/posts/pfbid02o78kaUEA7kFQz36GgEqFFtQrYgPsZ3DVqAatjpuctD1QxtjUNrrftXkhuMBYU6EAl,A2,Service disruption / repair / infrastructure,B1,Alert / warning,Risk / incident communication
1846500908706880,655,U03,2018,Portuguese,https://www.facebook.com/EPALaguaslivres/posts/pfbid02qkTx31sjYZt4f4WQZiDhq9YWALP1xtCdj6iZvQXnVFmEJSigCNGyG48jH8SKwgLZl,A6,Public education / heritage / community engagement,B6,Institutional promotion / community news,Institutional / community communication
227414277282226,656,U03,2011,Portuguese,https://www.facebook.com/photo/?fbid=227414277282226&set=a.636558505181850,A7,Routine / institutional / customer service / other,B6,Institutional promotion / community news,Institutional / community communication
1570007589689548,657,U03,2017,Portuguese,https://www.facebook.com/photo/?fbid=1570007589689548&set=a.636558505181850,A7,Routine / institutional / customer service / other,B6,Institutional promotion / community news,Institutional / community communication
1100283587125968,658,U09,2021,Italian,https://www.facebook.com/abcacquabenecomunenapoli/posts/pfbid02m9LXhHnzkiJPMvZT25DYMEqQ8F9wTFcMYkgi8JpUNYpCgKf6gXDKAkk2FHh7XrM7l,A2,Service disruption / repair / infrastructure,B1,Alert / warning,Risk / incident communication
1271090072913389,659,U07,2016,Dutch,https://www.facebook.com/photo/?fbid=1271090072913389&set=a.604897090983332,A7,Routine / institutional / customer service / other,B6,Institutional promotion / community news,Institutional / community communication
426404624049856,660,U03,2012,Portuguese,https://www.facebook.com/photo/?fbid=426404624049856&set=a.636558505181850,A6,Public education / heritage / community engagement,B6,Institutional promotion / community news,Institutional / community communication
1526928027794853,661,U09,2023,Italian,https://www.facebook.com/abcacquabenecomunenapoli/posts/pfbid062cEDXUA5K2KvyPqajQnyhhjbELPAwQ8fPD7b9GdpDzwoMX45Cigk7qzB6Fe7upyl,A2,Service disruption / repair / infrastructure,B3,Operational update / resolution,Risk / incident communication
10155886684491714,662,U10,2019,Swedish,https://www.facebook.com/stockholmvattenochavfall/posts/pfbid029jK9uWjoyiZrmbYQkRqbd5APAdsnK6w6HaUPV5HswmBQwwKjzEZy58TAbKqBi6cFl,A6,Public education / heritage / community engagement,B6,Institutional promotion / community news,Institutional / community communication
1528649693825338,663,U03,2017,Portuguese,https://www.facebook.com/photo/?fbid=1528649693825338&set=a.636558505181850,A7,Routine / institutional / customer service / other,B5,Education / awareness,Education / awareness
1352897016875999,664,U05,2026,German,https://www.facebook.com/reel/1425095279362004/,A4,Flood / stormwater / wastewater / sewer,B5,Education / awareness,Education / awareness
769504049739910,665,U03,2014,Portuguese,https://www.facebook.com/photo/?fbid=769504049739910&set=a.636558505181850,A3,Water conservation / drought / demand management,B5,Education / awareness,Education / awareness
727264062739074,666,U12,2023,Finnish,https://www.facebook.com/turunvesihuolto/posts/pfbid02s16D32Qxkg4xWQQRXgmGu3VeCkCZSmCTjS5reAKdRdeW88P3BLsAFjCKhPkck3Mzl,A6,Public education / heritage / community engagement,B6,Institutional promotion / community news,Institutional / community communication
1581455078597847,667,U01,2018,Finnish,https://www.facebook.com/helsinginseudunymparistopalvelut/posts/pfbid0EQNfVktbdFv3sRkRv74QsymuXNRsJFiZm5zsezFfWdB1wqeckDyfcsH3oYv2yPPwl,A4,Flood / stormwater / wastewater / sewer,B5,Education / awareness,Education / awareness
1370430489776694,668,U02,2019,German,https://www.facebook.com/HamburgWasser/videos/2521368161255906/,A3,Water conservation / drought / demand management,B5,Education / awareness,Education / awareness
10154192765626714,669,U10,2017,Swedish,https://www.facebook.com/stockholmvattenochavfall/posts/10154192765626714,A1,Water quality / safety / public health,B5,Education / awareness,Education / awareness
1197759310711728,670,U09,2021,Italian,https://www.facebook.com/abcacquabenecomunenapoli/posts/pfbid0CZtqGA2LTpAp7ark1s1sHaDjHAxLcvFzUqBYmbdQZnYJn7NoQu6vx9kBAWyX3zrCl,A2,Service disruption / repair / infrastructure,B1,Alert / warning,Risk / incident communication
2836526976423978,671,U01,2020,Finnish,https://www.facebook.com/helsinginseudunymparistopalvelut/posts/pfbid02GYyuon9HTjQx4BJty5Xjc1cG1nAysouNe6p7QLSLZa9jazap7BAxP1UbFegYv8XJl,A7,Routine / institutional / customer service / other,B6,Institutional promotion / community news,Institutional / community communication
1331076092391425,672,U05,2026,German,https://www.facebook.com/wasserbetriebe/posts/pfbid0zLFEKzreV7DqLANSE4PNstqCxdBuWKh8QvvoCqRcAUrE5tmKep5hbvixPpzpzegul,A4,Flood / stormwater / wastewater / sewer,B5,Education / awareness,Education / awareness
1265979398890485,673,U04,2025,Norwegian,https://www.facebook.com/reel/2094857084255228/,A1,Water quality / safety / public health,B5,Education / awareness,Education / awareness
465502257270774,674,U09,2018,Italian,https://www.facebook.com/abcacquabenecomunenapoli/posts/pfbid02QChjaTGhGToTvDqN9xRJVF7MxTcAg5jHHG6LEwQ9ik3ENiKpuwfh4pTKuW4PH57tl,A2,Service disruption / repair / infrastructure,B1,Alert / warning,Risk / incident communication
904136129640356,675,U04,2015,Norwegian,https://www.facebook.com/Oslovann/posts/904136129640356,A2,Service disruption / repair / infrastructure,B1,Alert / warning,Risk / incident communication
783392398351075,676,U03,2014,Portuguese,https://www.facebook.com/photo/?fbid=783392398351075&set=a.636558505181850,A7,Routine / institutional / customer service / other,B6,Institutional promotion / community news,Institutional / community communication
673468634824170,677,U03,2023,Portuguese,https://www.facebook.com/EPALaguaslivres/posts/pfbid0QixN5pERrpdc5HPccHY6jpzJGKojxrCWCFQPRnGapE81iwtgWuqMdL4UX91bMiyFl,A3,Water conservation / drought / demand management,B6,Institutional promotion / community news,Institutional / community communication
2231076627205714,678,U12,2019,Finnish,https://www.facebook.com/turunvesihuolto/posts/pfbid02TPvWpBJTnKamUPWfd7mUDvQuo1bEw4RYnjQ1p1iNyooUG2HCpE2JibYTf6tNFT6rl,A1,Water quality / safety / public health,B6,Institutional promotion / community news,Institutional / community communication
2560737150615335,679,U07,2019,Dutch,https://www.facebook.com/FARYSmultiservice/posts/pfbid02kuMn8apwm8dqH8nbPB6nXMLrPJTeasSVVKRjRHryJutDWCvcVKybGLoL8GcDwmGvl,A7,Routine / institutional / customer service / other,B6,Institutional promotion / community news,Institutional / community communication
5210054359018168,680,U03,2022,Portuguese,https://www.facebook.com/EPALaguaslivres/posts/pfbid02tuq5CXiS7pBUufCck8kPV4FDqriegFRUBBZxzkEHHRGR8hC9eNY61vcvm4H7Jx1tl,A3,Water conservation / drought / demand management,B5,Education / awareness,Education / awareness
727961223894193,681,U03,2014,Portuguese,https://www.facebook.com/photo/?fbid=727961223894193&set=a.636558505181850,A3,Water conservation / drought / demand management,B5,Education / awareness,Education / awareness
999469650540696,682,U09,2021,Italian,https://www.facebook.com/abcacquabenecomunenapoli/posts/pfbid02oKNBTAkv6GAskw1nur5wQZRGTzYj2TFwh5LTL93V6wdH2rpycdJsGNHoS51W5vk6l,A2,Service disruption / repair / infrastructure,B1,Alert / warning,Risk / incident communication
733121120044870,683,U03,2014,Portuguese,https://www.facebook.com/EPALaguaslivres/posts/733121120044870,A7,Routine / institutional / customer service / other,B6,Institutional promotion / community news,Institutional / community communication
1546868742056481,684,U01,2017,Finnish,https://www.facebook.com/helsinginseudunymparistopalvelut/posts/pfbid0gfdvHoaCN7TFoH68MUhem7uSfsNryxTVHvVEPeXhJ9bRJzGoDr5nyFWBmdBHNp1il,A5,Environmental sustainability / waste / recycling / biodiversity,B2,Instruction / advice to public,Risk / incident communication
997728954048099,685,U09,2021,Italian,https://www.facebook.com/abcacquabenecomunenapoli/posts/pfbid07vh65pEysgW2SMKCJ3zTRuvAonpcUyHxZKC9barwJoC1Nt25C1HopFgyRR9hYfRHl,A2,Service disruption / repair / infrastructure,B1,Alert / warning,Risk / incident communication
199293090213754,686,U03,2013,Portuguese,https://www.facebook.com/EPALaguaslivres/posts/199293090213754,A7,Routine / institutional / customer service / other,B6,Institutional promotion / community news,Institutional / community communication
1474527889701534,687,U09,2023,Italian,https://www.facebook.com/abcacquabenecomunenapoli/posts/pfbid0hh3iY49bQ2j7Yn85NmnV8pWcedQkb3vEkqhU3w3tR5ZeUXkFW96XpS1wD9oqSpfpl,A2,Service disruption / repair / infrastructure,B1,Alert / warning,Risk / incident communication
10157693901374268,688,U08,2019,French,https://www.facebook.com/eaudeparis/posts/pfbid02tDCko8xGmJUEFDGt7FeEXpAcvxsgd4d2HyMRRhYfsgFnkMVk5irBczr1VhjXT6Gpl,A3,Water conservation / drought / demand management,B5,Education / awareness,Education / awareness
841252745928695,689,U04,2015,Norwegian,https://www.facebook.com/Oslovann/posts/pfbid0LUU76Po6XTnizXcGmWNqR1VYeSDDK9tmbJk8qsHqkpp9Vqn3tHZdELgG2gaxvDbCl,A6,Public education / heritage / community engagement,B6,Institutional promotion / community news,Institutional / community communication
1185656150021102,690,U09,2025,Italian,https://www.facebook.com/abcacquabenecomunenapoli/videos/2055333294949847/,A7,Routine / institutional / customer service / other,B6,Institutional promotion / community news,Institutional / community communication
5606764039347196,691,U03,2022,Portuguese,https://www.facebook.com/EPALaguaslivres/posts/pfbid02P9KvSZ7MXGKuBLHbAkLxzgTCRBX1T9CkrfxjtqucC5b5kqP5jxCqNeB5jxdRs3Sbl,A3,Water conservation / drought / demand management,B2,Instruction / advice to public,Risk / incident communication
1173316759822650,692,U09,2021,Italian,https://www.facebook.com/abcacquabenecomunenapoli/posts/pfbid0tHuBj5Jk7kAviU2tWZWwWGpCAfGcJsNmx6r7iKHyFD9M8gShrYqzHbPNcqVUxYril,A2,Service disruption / repair / infrastructure,B1,Alert / warning,Risk / incident communication
3354140997942856,693,U03,2020,Portuguese,https://www.facebook.com/EPALaguaslivres/videos/911039162707755/,A6,Public education / heritage / community engagement,B5,Education / awareness,Education / awareness
876133717865218,694,U02,2024,German,https://www.facebook.com/HamburgWasser/videos/1455573772053812/,A4,Flood / stormwater / wastewater / sewer,B5,Education / awareness,Education / awareness
719209590388642,695,U11,2024,Finnish,https://www.facebook.com/tampereenvesi/posts/pfbid02CasnEkv9PW2TergvpteWWgDoVLaNYTpULHdw8vpn1nPptioK52rtCvVFJ1cCX1V1l,A7,Routine / institutional / customer service / other,B6,Institutional promotion / community news,Institutional / community communication
1178146495542328,696,U03,2016,Portuguese,https://www.facebook.com/photo/?fbid=1178146495542328&set=a.636558505181850,A6,Public education / heritage / community engagement,B5,Education / awareness,Education / awareness
2133418616681773,697,U03,2018,Portuguese,https://www.facebook.com/EPALaguaslivres/posts/pfbid02utqX2Kgnj9ZLyhr28RswCBRdMpxpGeYMxGkjQSEtaaZjhj589DUDYthrMKvHrJbHl,A7,Routine / institutional / customer service / other,B6,Institutional promotion / community news,Institutional / community communication
1335033629853613,698,U03,2016,Portuguese,https://www.facebook.com/photo/?fbid=1335033629853613&set=a.636558505181850,A7,Routine / institutional / customer service / other,B6,Institutional promotion / community news,Institutional / community communication
1325004711320520,699,U09,2022,Italian,https://www.facebook.com/abcacquabenecomunenapoli/posts/pfbid027ovHSnuh3QSZUrz2k52r25zFaptbwoyxk38V2jQEkyP3j6NbrT14SBYXEBApqpbpl,A5,Environmental sustainability / waste / recycling / biodiversity,B5,Education / awareness,Education / awareness
590694817737027,700,U05,2015,German,https://www.facebook.com/photo/?fbid=590694817737027&set=a.587481964724979,A7,Routine / institutional / customer service / other,B6,Institutional promotion / community news,Institutional / community communication
936859503004363,701,U03,2015,Portuguese,https://www.facebook.com/photo/?fbid=936859503004363&set=a.636558495181851,A3,Water conservation / drought / demand management,B6,Institutional promotion / community news,Institutional / community communication
2578497002173930,702,U03,2019,Portuguese,https://www.facebook.com/EPALaguaslivres/videos/654281195059752/,A1,Water quality / safety / public health,B6,Institutional promotion / community news,Institutional / community communication
903100595187435,703,U01,2024,Finnish,https://www.facebook.com/helsinginseudunymparistopalvelut/posts/pfbid037fQA7m97CRUapv8bLfaic8AccR3ZpTTjVJN5TCPfvpd8fpySoeFX5CntoCbQUrREl,A6,Public education / heritage / community engagement,B5,Education / awareness,Education / awareness
1182773153886843,704,U01,2025,Finnish,https://www.facebook.com/helsinginseudunymparistopalvelut/posts/pfbid035y14DA8AjkR9FGEHpbV2xGj28LjjrBHH36Cc56GiUwrGjkzeUW3tHgaiynccHSFal,A6,Public education / heritage / community engagement,B5,Education / awareness,Education / awareness
1033277840029195,705,U03,2015,Portuguese,https://www.facebook.com/photo/?fbid=1033277840029195&set=a.636558505181850,A6,Public education / heritage / community engagement,B6,Institutional promotion / community news,Institutional / community communication
1084652562022404,706,U09,2021,Italian,https://www.facebook.com/abcacquabenecomunenapoli/posts/pfbid0mYi75tCvrfX1kfj7QDqJgSy7rdogJcwJqSQ3151T5i9fQFHTdNUHaUkZCGcYHtQEl,A2,Service disruption / repair / infrastructure,B1,Alert / warning,Risk / incident communication
1068783676531659,707,U01,2016,Finnish,https://www.facebook.com/helsinginseudunymparistopalvelut/posts/1068783676531659,A7,Routine / institutional / customer service / other,B6,Institutional promotion / community news,Institutional / community communication
859476179551421,708,U05,2024,German,https://www.facebook.com/wasserbetriebe/posts/pfbid0fdTnN8iNq8KjBe2rnZTxv1pSgA2RRvVeXDtt7MhFyoLA9RHDGmWvG6Xzht19bU5Wl,A7,Routine / institutional / customer service / other,B6,Institutional promotion / community news,Institutional / community communication
978710907771841,709,U11,2025,Finnish,https://www.facebook.com/tampereenvesi/posts/pfbid0NcK3kz2RTWaHeEnw96vCgMzcwZtnitCPw7EqhvyMFnNU3NdxeVcnK1N7vkxeGJFnl,A4,Flood / stormwater / wastewater / sewer,B6,Institutional promotion / community news,Institutional / community communication
5052818421408430,710,U03,2022,Portuguese,https://www.facebook.com/EPALaguaslivres/posts/pfbid025K7BHHmds25kYyZ92a3oShBjEmYcgcp9PiRz4KBuyT3mVGhCu6LpqLHtwbfWMP5rl,A3,Water conservation / drought / demand management,B6,Institutional promotion / community news,Institutional / community communication
376166972406955,711,U03,2012,Portuguese,https://www.facebook.com/EPALaguaslivres/posts/pfbid022QNrrAhqXsg4CBPLrNSWh3bdGPshV7nw4dsRDLT9oTuLBZXxfnep5aZAryQCvZxPl,A7,Routine / institutional / customer service / other,B6,Institutional promotion / community news,Institutional / community communication
1370719813004709,712,U01,2017,Finnish,https://www.facebook.com/helsinginseudunymparistopalvelut/posts/1370719813004709,A6,Public education / heritage / community engagement,B5,Education / awareness,Education / awareness
2138693066270520,713,U05,2021,German,https://www.facebook.com/wasserbetriebe/posts/pfbid02RSnJEDPwzV1gGKfboUcoLn2NqHcfMNXEj4odMFg46iYM2Vg9bqUmrXFDJjzwvWHAl,A7,Routine / institutional / customer service / other,B5,Education / awareness,Education / awareness
916247468862915,714,U09,2020,Italian,https://www.facebook.com/abcacquabenecomunenapoli/posts/pfbid0BBQZa2RY6X18vSnnVa1z91rXLaEGia5MjzpwS76zyaWRztC54HDouNhfbsGHMj3Al,A2,Service disruption / repair / infrastructure,B1,Alert / warning,Risk / incident communication
1318265900305551,715,U12,2025,Finnish,https://www.facebook.com/turunvesihuolto/posts/pfbid0dyo1bMvhjz7iCKr6rEx447mwgd2pt9EVko1sEZ1tnAVu9yGna56HKkc2igjF9bqvl,A1,Water quality / safety / public health,B5,Education / awareness,Education / awareness
4260643934012268,716,U01,2021,Finnish,https://www.facebook.com/helsinginseudunymparistopalvelut/posts/pfbid02Dxi54udQ2SATWePiJGPh2dRTsPeHNAhkD7LQtsLX6wHWYgEDsW3YnyjKhAqM5KSsl,A5,Environmental sustainability / waste / recycling / biodiversity,B5,Education / awareness,Education / awareness
10157255987099268,717,U08,2019,French,https://www.facebook.com/eaudeparis/posts/pfbid02F61wRLbj2k145dLmaZD1RtnNBYcuSLTrH3Wo4hm5D4eu8ek8MBJvwqDhQEo6Ghzpl,A5,Environmental sustainability / waste / recycling / biodiversity,B5,Education / awareness,Education / awareness
5187476364609301,718,U03,2022,Portuguese,https://www.facebook.com/EPALaguaslivres/posts/pfbid02Eeu3wVNTffWJccTuKRq4EaiuowEioUy1PNgPgdnUkR33ttXsaG6U6xMxdPKpYMTsl,A5,Environmental sustainability / waste / recycling / biodiversity,B5,Education / awareness,Education / awareness
4109004555842874,719,U01,2021,Finnish,https://www.facebook.com/helsinginseudunymparistopalvelut/posts/pfbid02cwwpM5S3ZSTDDMgJ2d176HkPbvoQjKhLCziXinUAoSjv8j2ZjcMszvyFozwkc7Enl,A7,Routine / institutional / customer service / other,B6,Institutional promotion / community news,Institutional / community communication
4547531295323529,720,U01,2021,Finnish,https://www.facebook.com/helsinginseudunymparistopalvelut/posts/pfbid0UhVokQqZoqNq18mf7uNxcAYe2BuEUnh9Fe29yHT26YuZR24t7fVqfAc6ivZ8wEUSl,A7,Routine / institutional / customer service / other,B6,Institutional promotion / community news,Institutional / community communication
6265303720159888,721,U03,2023,Portuguese,https://www.facebook.com/EPALaguaslivres/posts/pfbid02jXJo6ny3RkCMiuZ7PuK3iMJ4NrSfFjTBNbL2r75gCdvTGgULQiXcXUcUeNuj9MS7l,A6,Public education / heritage / community engagement,B6,Institutional promotion / community news,Institutional / community communication
10158211293259268,722,U08,2020,French,https://www.facebook.com/eaudeparis/posts/pfbid035EC49iGWpGEfUPD7rEkT5t29s5zaqPaXGz8UQUV6UTa6w6ymJd9bmiSPyPkFwpXAl,A6,Public education / heritage / community engagement,B6,Institutional promotion / community news,Institutional / community communication
1044607939012377,723,U05,2017,German,https://www.facebook.com/wasserbetriebe/posts/pfbid0rruCo3i2ZBQqAjVAt36WSQRE8DMCxUcHbs5QjqYkhrB1nTXb6y7MnvRXWaWDVUZJl,A7,Routine / institutional / customer service / other,B7,Other / unclear,Other / unclear
226129204140314,724,U03,2012,Portuguese,https://www.facebook.com/EPALaguaslivres/posts/226129204140314,A6,Public education / heritage / community engagement,B6,Institutional promotion / community news,Institutional / community communication
6412861222070803,725,U03,2023,Portuguese,https://www.facebook.com/EPALaguaslivres/posts/pfbid02txn6Y16MBgT6KzkMNfs5BNzs5iZntpDCKZnkns6jkLzPqnb2og4juXvVNUp78QS6l,A6,Public education / heritage / community engagement,B6,Institutional promotion / community news,Institutional / community communication
10155686554031714,726,U10,2018,Swedish,https://www.facebook.com/stockholmvattenochavfall/posts/pfbid062AsFUoxXHHebmYsihc1ekaAr65BwGuvEbKNoAMyKfLyB8WMhYZ6tQset92rr7Sel,A5,Environmental sustainability / waste / recycling / biodiversity,B6,Institutional promotion / community news,Institutional / community communication
5189525387737732,727,U03,2022,Portuguese,https://www.facebook.com/EPALaguaslivres/posts/pfbid0XxKccpmtxaP9jYGSMrffgcXsQgG8mSBGsLUG7oJe2e7DRkmaBzUC8nHsd1ThL1mRl,A6,Public education / heritage / community engagement,B6,Institutional promotion / community news,Institutional / community communication
1304594225039612,728,U05,2025,German,https://www.facebook.com/wasserbetriebe/posts/pfbid09FggxhL6Net2BReFT92c9uJcJxsbb8LMbohjMKGkinZe62bbxR3pPTeQYE7Gd2Cpl,A6,Public education / heritage / community engagement,B5,Education / awareness,Education / awareness
10152918455841714,729,U10,2015,Swedish,https://www.facebook.com/photo/?fbid=10152918455841714&set=a.817579893704033,A7,Routine / institutional / customer service / other,B6,Institutional promotion / community news,Institutional / community communication
816839778455862,730,U05,2016,German,https://www.facebook.com/wasserbetriebe/posts/816839778455862,A5,Environmental sustainability / waste / recycling / biodiversity,B5,Education / awareness,Education / awareness
1260093914478267,731,U09,2022,Italian,https://www.facebook.com/abcacquabenecomunenapoli/posts/pfbid0mgTqGGnvmo23Wrbn6pYV187ziXguctrN5i5YjDb4hJC9VwmMTjL5QZcALfrWwf6Ml,A2,Service disruption / repair / infrastructure,B1,Alert / warning,Risk / incident communication
4523466607676950,732,U03,2021,Portuguese,https://www.facebook.com/EPALaguaslivres/posts/pfbid04RZW4rSB7A5k2zC3E3obK73A1CxB5yGfGu59pjXBKiPMG3y6x5ykRqTU8UVGomLgl,A7,Routine / institutional / customer service / other,B6,Institutional promotion / community news,Institutional / community communication
1825361627616909,733,U02,2020,German,https://www.facebook.com/HamburgWasser/posts/pfbid02qukMaF2aTYXU7Uz4oHSaYHhNYXxYrEeB1V7qUcS9tVLiaTwQf3p6z2Ct4n1N828Pl,A4,Flood / stormwater / wastewater / sewer,B6,Institutional promotion / community news,Institutional / community communication
5007104915979781,734,U03,2022,Portuguese,https://www.facebook.com/EPALaguaslivres/posts/pfbid02gZ5nRBkTPWjMKuRw5jJzE9Hwr1QvFQmqvcoiRAmCyXS7Q66Lv59rAkJeFb1hHrdAl,A7,Routine / institutional / customer service / other,B5,Education / awareness,Education / awareness
122242521296089660,735,U06,2025,English,https://www.facebook.com/worldwaternetnl/posts/pfbid02djvWWQBAQZ247KPd5yzKQeYqKHvAvngk1fJADwoLM17D4CHN6G4Ug4aRDSo5uakWl,A6,Public education / heritage / community engagement,B5,Education / awareness,Education / awareness
785814726671915,736,U09,2023,Italian,https://www.facebook.com/abcacquabenecomunenapoli/posts/pfbid0sseyJr7gBH6oA1w8wxmdVbh4BBtuzoCWYiB25cGtZZxjSxZ9ovtaGqgyb1e9dSsUl,A2,Service disruption / repair / infrastructure,B1,Alert / warning,Risk / incident communication
1050940320159353,737,U09,2024,Italian,https://www.facebook.com/abcacquabenecomunenapoli/posts/pfbid02aMfycCvA8JnRQAZWouakz9Fa8GzuivtH2oYwk8azx69pLAeoLXqwtjFZRkX5zSykl,A2,Service disruption / repair / infrastructure,B1,Alert / warning,Risk / incident communication
1691075504378856,738,U02,2020,German,https://www.facebook.com/HamburgWasser/posts/pfbid0E8RscAhW5fMKagnLf79Vi6p3LinSNLKrka73izCrDmZyX5dHwzShm42LKzMYMnhjl,A4,Flood / stormwater / wastewater / sewer,B5,Education / awareness,Education / awareness
1430297007457956,739,U09,2022,Italian,https://www.facebook.com/abcacquabenecomunenapoli/posts/pfbid02UhVkHBwQNesjr2CcxvnF2ffTxJzsbqfEiLgYyi1XEHYcXE691U1RN7jv2kqJxW5Nl,A2,Service disruption / repair / infrastructure,B1,Alert / warning,Risk / incident communication
1022309258256735,740,U09,2021,Italian,https://www.facebook.com/abcacquabenecomunenapoli/posts/pfbid02zVdwDSWCjVzuhyrHZ45wcGeBz1cepRMiy44NJENmqmzwTkAvtwA7gTnXpNwkNabel,A2,Service disruption / repair / infrastructure,B1,Alert / warning,Risk / incident communication
3129561683734123,741,U03,2020,Portuguese,https://www.facebook.com/EPALaguaslivres/videos/867949003678775/,A3,Water conservation / drought / demand management,B2,Instruction / advice to public,Risk / incident communication
434421051713,742,U10,2010,Swedish,https://www.facebook.com/photo/?fbid=434421051713&set=a.817579893704033,A5,Environmental sustainability / waste / recycling / biodiversity,B5,Education / awareness,Education / awareness
249518688485321,743,U03,2012,Portuguese,https://www.facebook.com/EPALaguaslivres/posts/249518688485321,A7,Routine / institutional / customer service / other,B5,Education / awareness,Education / awareness
10153056380001714,744,U10,2015,Swedish,https://www.facebook.com/photo/?fbid=10153056380001714&set=a.817579893704033,A6,Public education / heritage / community engagement,B6,Institutional promotion / community news,Institutional / community communication
860246526141053,745,U05,2024,German,https://www.facebook.com/wasserbetriebe/posts/pfbid02iHfZyqrtRDXk7B45Evae7H1KbM4MCxnUX8kt42GgRvpWW6ZnXA31q1JgTmmm3WZRl,A4,Flood / stormwater / wastewater / sewer,B5,Education / awareness,Education / awareness
925359542717432,746,U09,2024,Italian,https://www.facebook.com/abcacquabenecomunenapoli/posts/pfbid0nULDUdRNXQbXJm4aQTNC9fBjkPJ5JtKMjNU85sxHhCbMdQsZLef28TAPxAvW52qQl,A2,Service disruption / repair / infrastructure,B1,Alert / warning,Risk / incident communication
1973029772850093,747,U02,2021,German,https://www.facebook.com/HamburgWasser/videos/320772926309409/,A7,Routine / institutional / customer service / other,B6,Institutional promotion / community news,Institutional / community communication
1658154852324212,748,U07,2026,Dutch,https://www.facebook.com/FARYSmultiservice/posts/pfbid0sRfSCcVKE3h8KBrNakC5EjtisAErttibjFaCSFUeWeHB9X23JcfWwYGDZWN2jeLwl,A7,Routine / institutional / customer service / other,B2,Instruction / advice to public,Risk / incident communication
10157044704499268,749,U08,2018,French,https://www.facebook.com/eaudeparis/posts/pfbid02ZrBmgin7JfkvTg7VWVHjq4gHSveKDcCcZEwmBoge92KE9TAePDdYxip8Fhu244G7l,A7,Routine / institutional / customer service / other,B5,Education / awareness,Education / awareness
3093410664068940,750,U01,2020,Finnish,https://www.facebook.com/helsinginseudunymparistopalvelut/posts/pfbid0qQot2zZZi8UcZYQqrpRPuiDrJJNnEdRbSFCsaHvNcN1MGx2UMZR65WfcFruSxqD2l,A7,Routine / institutional / customer service / other,B2,Instruction / advice to public,Risk / incident communication
3961084050581878,751,U03,2021,Portuguese,https://www.facebook.com/EPALaguaslivres/posts/pfbid02ciqiQks6A13QYwDWHmgJW4qZnnCBN7zEizcNznka9CoCrXkxWHYuzDNkzeVvuhvAl,A7,Routine / institutional / customer service / other,B7,Other / unclear,Other / unclear
1069706039719708,752,U03,2015,Portuguese,https://www.facebook.com/photo/?fbid=1069706039719708&set=a.636558505181850,A7,Routine / institutional / customer service / other,B6,Institutional promotion / community news,Institutional / community communication
5220495064640764,753,U03,2022,Portuguese,https://www.facebook.com/EPALaguaslivres/posts/pfbid035yz4eyv96NBibpCeFaqcgdRjKaA4eHVJniQvN4j561YuzdtccvFbPPh92sW48Xi5l,A6,Public education / heritage / community engagement,B6,Institutional promotion / community news,Institutional / community communication
725767144229793,754,U05,2016,German,https://www.facebook.com/wasserbetriebe/videos/725767144229793/,A4,Flood / stormwater / wastewater / sewer,B6,Institutional promotion / community news,Institutional / community communication
921362219783831,755,U09,2024,Italian,https://www.facebook.com/abcacquabenecomunenapoli/posts/pfbid0y19KW9eru1r2obVsPJoywLJsXuPLmh2hbr8fWiwmLUCMdjAedGfmXmDeUYDxuxfPl,A2,Service disruption / repair / infrastructure,B1,Alert / warning,Risk / incident communication
2312864005403899,756,U03,2019,Portuguese,https://www.facebook.com/EPALaguaslivres/posts/pfbid02dFRHbWBz6uFQHyTFxFMUsV2rzBReQmLPqpwySaQDxAGDGS4HCJMTtPWURMyFk7iSl,A5,Environmental sustainability / waste / recycling / biodiversity,B6,Institutional promotion / community news,Institutional / community communication
4830763103613964,757,U03,2021,Portuguese,https://www.facebook.com/EPALaguaslivres/posts/pfbid0bYhF1WotHXp3okYL6P9DPdria8FLTGpywtjTH3ZYYPi1QJj7bLx3koqULtvnjakGl,A6,Public education / heritage / community engagement,B5,Education / awareness,Education / awareness
705960563224941,758,U09,2019,Italian,https://www.facebook.com/abcacquabenecomunenapoli/posts/pfbid02cCb9NcoWzoceP4wimvezGXc1ns9wGJyw1q62uosddnkDEyXYqhPcu9c6CSkKHALil,A2,Service disruption / repair / infrastructure,B1,Alert / warning,Risk / incident communication
604215585075939,759,U01,2023,Finnish,https://www.facebook.com/helsinginseudunymparistopalvelut/posts/pfbid02pQP1L7EsmEBNeCXj18fmpZegA6W4qTTbBGPUaspt8YmUtebXS8TSMoAEziW5QE6ol,A7,Routine / institutional / customer service / other,B6,Institutional promotion / community news,Institutional / community communication
553021171852215,760,U09,2019,Italian,https://www.facebook.com/abcacquabenecomunenapoli/posts/pfbid0tzzudwXPr1tZD1cdT7xuGBAZVJH7wDRr5KkMx1LzF81ZenRnDggBazqTVRaVrs5l,A2,Service disruption / repair / infrastructure,B1,Alert / warning,Risk / incident communication
675612051262796,761,U08,2023,French,https://www.facebook.com/eaudeparis/videos/183596768059255/,A7,Routine / institutional / customer service / other,B6,Institutional promotion / community news,Institutional / community communication
5289221251131800,762,U04,2022,Norwegian,https://www.facebook.com/Oslovann/posts/pfbid0GbVgWu3N5xi3c6JMwF6aed22YnQXTvTLbefz3j1AMV58VqmGi1SKQj4H6YTbeYdVl,A4,Flood / stormwater / wastewater / sewer,B2,Instruction / advice to public,Risk / incident communication
1383391509800549,763,U07,2025,Dutch,https://www.facebook.com/FARYSmultiservice/posts/pfbid0BRPLZy2gvgg3zGRmovssyZdZTxAteKQckJGnDrLDMu1Mufux7tEDqjrFVqGo3omCl,A1,Water quality / safety / public health,B7,Other / unclear,Other / unclear
992558124504262,764,U11,2020,Finnish,https://www.facebook.com/tampereenvesi/posts/pfbid0wF9BxrjMoSBGgWXcX9y4khTYVkSjPjvWmZSV5bh23vmMUPYNPkdV8muuqtvH3RaEl,A5,Environmental sustainability / waste / recycling / biodiversity,B6,Institutional promotion / community news,Institutional / community communication
665705442267156,765,U03,2023,Portuguese,https://www.facebook.com/reel/1660438251138402/,A5,Environmental sustainability / waste / recycling / biodiversity,B5,Education / awareness,Education / awareness
762927697094534,766,U04,2014,Norwegian,https://www.facebook.com/Oslovann/posts/pfbid014cym6ETxyMvMkaGQdBWLDe7DuvHKv3ddCTLdaoX5hBsefJriTnyGspC2iKfJSuRl,A1,Water quality / safety / public health,B5,Education / awareness,Education / awareness
994659493891030,767,U03,2015,Portuguese,https://www.facebook.com/photo/?fbid=994659493891030&set=a.636558505181850,A7,Routine / institutional / customer service / other,B6,Institutional promotion / community news,Institutional / community communication
3074118792611746,768,U03,2020,Portuguese,https://www.facebook.com/EPALaguaslivres/posts/pfbid0h4gS4ZpeFMWQHcAq14SNoWgFdvtHRdcCyfps9fWhviGD3ndB8if7v7b4ghFQYmKkl,A3,Water conservation / drought / demand management,B5,Education / awareness,Education / awareness
6190754107614850,769,U03,2023,Portuguese,https://www.facebook.com/EPALaguaslivres/posts/pfbid02RKuDgDD3fW1voaD3Bx7ZzSob8QHuUjLxeF5sqAG8C9C88AFh5pDcpDUQkRzKPoaNl,A7,Routine / institutional / customer service / other,B6,Institutional promotion / community news,Institutional / community communication
10158100543034268,770,U08,2019,French,https://www.facebook.com/eaudeparis/posts/pfbid0EicURbvxfUyLCnfu6VrnY7cKtLM1TvZLaFbE5y9s39wdZS23LnCKHSoFABirGusCl,A7,Routine / institutional / customer service / other,B6,Institutional promotion / community news,Institutional / community communication
1402770584976323,771,U09,2026,Italian,https://www.facebook.com/abcacquabenecomunenapoli/posts/pfbid02LjRq4wJ4HKAKKT2jYc2yByuGg1zAGiitX9ZjSPoViprX7o34F31sWHfcXVGRReoAl,A2,Service disruption / repair / infrastructure,B1,Alert / warning,Risk / incident communication
2510779975665348,772,U01,2019,Finnish,https://www.facebook.com/helsinginseudunymparistopalvelut/posts/pfbid0isCDyHTrrjvpSdeRYC2AaoQXKGsBGHepoYFNt8dowWCGkrNsYhBJZkJJ3Hbv7esfl,A7,Routine / institutional / customer service / other,B6,Institutional promotion / community news,Institutional / community communication
10160919330114268,773,U08,2023,French,https://www.facebook.com/eaudeparis/videos/1572682216545656/,A5,Environmental sustainability / waste / recycling / biodiversity,B5,Education / awareness,Education / awareness
933541528811552,774,U05,2024,German,https://www.facebook.com/wasserbetriebe/posts/pfbid0hsK75sTJpgsZFq3y66Xe1tGFFURyHZGFCxiuFdeEDkBT1DYBgpB7ZcKV9BB4psv5l,A4,Flood / stormwater / wastewater / sewer,B5,Education / awareness,Education / awareness
323539377669715,775,U03,2012,Portuguese,https://www.facebook.com/photo/?fbid=323539377669715&set=a.276853092338344,A7,Routine / institutional / customer service / other,B5,Education / awareness,Education / awareness
10156259018964268,776,U08,2018,French,https://www.facebook.com/eaudeparis/posts/pfbid02gcFVxJH29k6vHYn4DbMzFTB5nPhAfLtG65qvsrgWtYDPNjfk5b14yArsSV3MYEt9l,A6,Public education / heritage / community engagement,B5,Education / awareness,Education / awareness
924590319706673,777,U05,2024,German,https://www.facebook.com/wasserbetriebe/posts/pfbid0puKdF39KDLBKAihtMvLLmhw5pvepa5jDhKsLrN5BLak3KMqJxUgaMEwzTtjXfbG8l,A7,Routine / institutional / customer service / other,B5,Education / awareness,Education / awareness
896463259149029,778,U10,2024,Swedish,https://www.facebook.com/stockholmvattenochavfall/videos/917248626804726/,A5,Environmental sustainability / waste / recycling / biodiversity,B5,Education / awareness,Education / awareness
3750813721608913,779,U03,2020,Portuguese,https://www.facebook.com/EPALaguaslivres/posts/pfbid02ffyPGLXvurmWnZzk8f78dXkSJHGYVoSpSx3VdqfUT2MaorjHxfxd6ttfwLfN6JBTl,A7,Routine / institutional / customer service / other,B6,Institutional promotion / community news,Institutional / community communication
1983547585131645,780,U02,2021,German,https://www.facebook.com/HamburgWasser/videos/4305086276222746/,A7,Routine / institutional / customer service / other,B6,Institutional promotion / community news,Institutional / community communication
1085115194844212,781,U07,2016,Dutch,https://www.facebook.com/FARYSmultiservice/posts/1085115194844212,A3,Water conservation / drought / demand management,B6,Institutional promotion / community news,Institutional / community communication
1400263863460023,782,U02,2019,German,https://www.facebook.com/HamburgWasser/posts/pfbid0e4ANuU7gshxvwbXFW43NfbnuNspZe6eufSYrmxxH5juT6bKPm7V1xVniJr7iYzxZl,A1,Water quality / safety / public health,B6,Institutional promotion / community news,Institutional / community communication
1223733622880021,783,U09,2025,Italian,https://www.facebook.com/abcacquabenecomunenapoli/posts/pfbid0wQkaDTWRfBbA8JS5djR3zCGKAt3HY2zEwXtjuZRoMPjGsz9J7LpfXTj5yv45feK4l,A2,Service disruption / repair / infrastructure,B1,Alert / warning,Risk / incident communication
500900123297294,784,U04,2013,Norwegian,https://www.facebook.com/photo/?fbid=500900123297294&set=a.485581470263619,A3,Water conservation / drought / demand management,B5,Education / awareness,Education / awareness
644100595666638,785,U01,2014,Finnish,https://www.facebook.com/helsinginseudunymparistopalvelut/posts/644100595666638,A6,Public education / heritage / community engagement,B6,Institutional promotion / community news,Institutional / community communication
1695386610538026,786,U01,2018,Finnish,https://www.facebook.com/helsinginseudunymparistopalvelut/posts/pfbid02SMy2DgK6GQfvhc7Lx7fThPV1rhH53L2s4XdS3T5KmuaKXpeWP6eTEW866wgHdo82l,A7,Routine / institutional / customer service / other,B6,Institutional promotion / community news,Institutional / community communication
277523508977554,787,U03,2012,Portuguese,https://www.facebook.com/EPALaguaslivres/posts/277523508977554,A6,Public education / heritage / community engagement,B6,Institutional promotion / community news,Institutional / community communication
1553334538487535,788,U09,2023,Italian,https://www.facebook.com/abcacquabenecomunenapoli/posts/pfbid028o3662GvRNqwhCdx7nUrfPWi8u8HVtvYQbp5VRuTmNd4ZDxBixKpM9BdVy3RHXLzl,A2,Service disruption / repair / infrastructure,B1,Alert / warning,Risk / incident communication
10159786877829268,789,U08,2021,French,https://www.facebook.com/eaudeparis/posts/pfbid0tJ1Vg3RRCy4y5mvKQWm3hKndnpTvmgMu2sAXhZHdpdZA9MK1rF43DG1GgchafssCl,A3,Water conservation / drought / demand management,B5,Education / awareness,Education / awareness
511831242290052,790,U05,2014,German,https://www.facebook.com/photo/?fbid=511831242290052&set=a.632073468958361,A4,Flood / stormwater / wastewater / sewer,B5,Education / awareness,Education / awareness
2203754369937940,791,U12,2019,Finnish,https://www.facebook.com/turunvesihuolto/posts/pfbid0oaz2fNarHM6icV6RncqfgxUcodX6heT8YMWC4rhJL5fAvQFfSQAAHyeHnRDY8PFdl,A6,Public education / heritage / community engagement,B6,Institutional promotion / community news,Institutional / community communication
10155141928964268,792,U08,2017,French,https://www.facebook.com/photo/?fbid=10155141928964268&set=a.643560364467965,A3,Water conservation / drought / demand management,B4,Reassurance / safety information,Risk / incident communication
4627612800595663,793,U03,2021,Portuguese,https://www.facebook.com/EPALaguaslivres/posts/pfbid035PuoDkSTSbwTK6CcrKLDMrfcH46p9UibGtBB1eBbpLEC5UyaEmKKKsmBHThCPTJpl,A7,Routine / institutional / customer service / other,B6,Institutional promotion / community news,Institutional / community communication
1206295833191409,794,U09,2021,Italian,https://www.facebook.com/abcacquabenecomunenapoli/posts/pfbid02ya8ACu3XzgZoUF36ansuiepWbPJz1TubZvyaRvtgTwMagf9N5s2vCJgrd9SY8LBHl,A2,Service disruption / repair / infrastructure,B1,Alert / warning,Risk / incident communication
3444750358934967,795,U01,2020,Finnish,https://www.facebook.com/helsinginseudunymparistopalvelut/posts/pfbid02i1W8m5oLrpZHorsohKMbbVLsywL7vtNoK2fVPBmA7jpwSVkuoDc2nJCc8dgBL4zCl,A5,Environmental sustainability / waste / recycling / biodiversity,B2,Instruction / advice to public,Risk / incident communication
2570631773013501,796,U01,2019,Finnish,https://www.facebook.com/helsinginseudunymparistopalvelut/posts/pfbid02ijL6wUDvaqQpmXLy7ZJkToEiZQ6SKDJfXyz4dgs61yf1BVKGnR1AbXbbBgnEZtKrl,A5,Environmental sustainability / waste / recycling / biodiversity,B2,Instruction / advice to public,Risk / incident communication
1648052551938099,797,U01,2018,Finnish,https://www.facebook.com/helsinginseudunymparistopalvelut/posts/pfbid02TC8Q349hgHrjDSwdoBAKkCc6ysajSwzczgyMw7NynEoZa2mVP2iQTPdpMcZGVGcPl,A5,Environmental sustainability / waste / recycling / biodiversity,B2,Instruction / advice to public,Risk / incident communication
1027667947373043,798,U05,2017,German,https://www.facebook.com/wasserbetriebe/posts/pfbid033jNNpbFgm7PVLtfprBo3rsuL8YGsKw2cBFXavfxmBXDKoqWfSvGH7Fqzc4opGr7Jl,A7,Routine / institutional / customer service / other,B5,Education / awareness,Education / awareness
1112718577560512,799,U05,2025,German,https://www.facebook.com/wasserbetriebe/posts/pfbid02dgRpFv2NhVwDRzGeui7Gnar5eUkgeSS3VhQGh3sWY1uScG6nbZQCsWMcnLJJE8QFl,A4,Flood / stormwater / wastewater / sewer,B5,Education / awareness,Education / awareness
1464330978820283,800,U09,2026,Italian,https://www.facebook.com/abcacquabenecomunenapoli/posts/pfbid07cnFsLpqnDQXzFubJ8tbYJFLCgynMHFPuwAks7y7mw1QFSoVU7rtjCgNCwtvKdzbl,A7,Routine / institutional / customer service / other,B6,Institutional promotion / community news,Institutional / community communication
2061645670815478,801,U12,2018,Finnish,https://www.facebook.com/turunvesihuolto/posts/pfbid0FUQWN7Dgn1JUx5vzv7bkNbbeE3dMXhGgf4RXeHwoCBCPgxzc1M5sjseWH83CFtZPl,A6,Public education / heritage / community engagement,B6,Institutional promotion / community news,Institutional / community communication
1517425655000790,802,U01,2017,Finnish,https://www.facebook.com/helsinginseudunymparistopalvelut/posts/pfbid02w1GgstypTsbi6qS6XSBzkwJrywCzyRqzSoFFkQ73gBpXwcbBtmDeVnHb9zQ1HcZJl,A7,Routine / institutional / customer service / other,B6,Institutional promotion / community news,Institutional / community communication
677066031131097,803,U03,2023,Portuguese,https://www.facebook.com/EPALaguaslivres/posts/pfbid02xAYXFWFtVxb7K85LSVpA4df96c6rR1eyTd9BGVXT3AoPwBZpKLzGwBe4ruo1NXoCl,A6,Public education / heritage / community engagement,B6,Institutional promotion / community news,Institutional / community communication
10158039795296714,804,U10,2021,Swedish,https://www.facebook.com/stockholmvattenochavfall/videos/164894622324039/,A7,Routine / institutional / customer service / other,B2,Instruction / advice to public,Risk / incident communication
798034185687248,805,U08,2024,French,https://www.facebook.com/eaudeparis/posts/pfbid02jaFpSGLxVcNUXPniXtKpAKumDZLsR4kRtKQ4kk22Z4PtHzP7aeS8RLLDVW7xCKgbl,A1,Water quality / safety / public health,B5,Education / awareness,Education / awareness
792487640774884,806,U03,2014,Portuguese,https://www.facebook.com/photo/?fbid=792487640774884&set=a.636558505181850,A3,Water conservation / drought / demand management,B2,Instruction / advice to public,Risk / incident communication
4458390670851211,807,U03,2021,Portuguese,https://www.facebook.com/EPALaguaslivres/posts/pfbid0C2DvFP9hEoCrDJQ4Mc2VnJ1PLaaoZX2AF1AhyNteLrixCE6rzMjp4VqLkkigv4VVl,A7,Routine / institutional / customer service / other,B6,Institutional promotion / community news,Institutional / community communication
1001331937021134,808,U09,2021,Italian,https://www.facebook.com/abcacquabenecomunenapoli/posts/pfbid0Fy8Q3QiQwWfLeCCzktiJ5fxfTK7EKrr5LA3BV4vrxECqUT85rQEpiDabbtb52NXal,A2,Service disruption / repair / infrastructure,B1,Alert / warning,Risk / incident communication
6363696170320642,809,U03,2023,Portuguese,https://www.facebook.com/EPALaguaslivres/posts/pfbid0q35MRRjK8DnvMbJtbXP7jzbEatsUBMSSS1SPh1GKcZsNMfmTwqR8hfsWtbRcF4ihl,A3,Water conservation / drought / demand management,B5,Education / awareness,Education / awareness
5538694462820821,810,U03,2022,Portuguese,https://www.facebook.com/EPALaguaslivres/posts/pfbid0vVgAAxhxUB6HNnstFCb627YXKyR5q5AgfZktynFAvUigbZAmqDfKNs25r7DBoMJnl,A1,Water quality / safety / public health,B6,Institutional promotion / community news,Institutional / community communication
1173460619397297,811,U01,2016,Finnish,https://www.facebook.com/helsinginseudunymparistopalvelut/posts/1173460619397297,A7,Routine / institutional / customer service / other,B5,Education / awareness,Education / awareness
1371628728299144,812,U10,2025,Swedish,https://www.facebook.com/stockholmvattenochavfall/posts/pfbid02sBuGVrVYpdKZgz29j3kDmDtw99NTjiHyrz9K2SCrt6uS7vrCnh8zHmi3Tn1z3Qk2l,A2,Service disruption / repair / infrastructure,B1,Alert / warning,Risk / incident communication
10157279634404268,813,U08,2019,French,https://www.facebook.com/eaudeparis/posts/pfbid036NGEkKtAUqMub98E1d2EezeWFR6XFgJzWWacnPFm4PVggV6TkxqCZsdKi5X7DUC1l,A6,Public education / heritage / community engagement,B6,Institutional promotion / community news,Institutional / community communication
2099492020364176,814,U12,2018,Finnish,https://www.facebook.com/turunvesihuolto/posts/pfbid0UzyJS5EcBoe9TYaLLGk68adyr5UjPogGJoHDx31CuaQKacQpgZwKZnVLMRAZm3Thl,A6,Public education / heritage / community engagement,B6,Institutional promotion / community news,Institutional / community communication
3324079197615703,815,U03,2020,Portuguese,https://www.facebook.com/EPALaguaslivres/posts/pfbid028XCc9QCVxv9W6YGUznhofQMPcM49zMnKkw6LBVaJoz6tzjA55aPPfzAXiA1io2Rol,A6,Public education / heritage / community engagement,B5,Education / awareness,Education / awareness
1153617538459239,816,U09,2021,Italian,https://www.facebook.com/abcacquabenecomunenapoli/posts/pfbid0YZhteVJskPrhgssmKZWmuVXp4oU9HYotFfsJhTqF4bEn5wVgeBioqX4YU6vVib2hl,A2,Service disruption / repair / infrastructure,B1,Alert / warning,Risk / incident communication
2244675092275839,817,U01,2019,Finnish,https://www.facebook.com/helsinginseudunymparistopalvelut/posts/pfbid02ofgN66n6cLzMoCSFaugVXR4Ky8ghgRmQ3SPNJHYpCGtPJnpugHbZJeGA3dFg3jodl,A7,Routine / institutional / customer service / other,B6,Institutional promotion / community news,Institutional / community communication
2877375692339106,818,U01,2020,Finnish,https://www.facebook.com/helsinginseudunymparistopalvelut/posts/pfbid0UErGLxgZHTCJAnEiM1GYZ1PyEAcTeiehDPDXNy3Jc1e2yFkpVZtyd3kPBmaQQfrBl,A5,Environmental sustainability / waste / recycling / biodiversity,B2,Instruction / advice to public,Risk / incident communication
5827398917283706,819,U03,2022,Portuguese,https://www.facebook.com/EPALaguaslivres/posts/pfbid02R7ETGhfByM6Lum917yUAe23pFAQAowCZW9uHrJxNQsiB5iQphxLpdtDKReNtCx2Al,A6,Public education / heritage / community engagement,B6,Institutional promotion / community news,Institutional / community communication
1034550658464986,820,U09,2024,Italian,https://www.facebook.com/abcacquabenecomunenapoli/posts/pfbid0PvKfdGxfSmZg9dL48kHjTb7SxZhMpXRiDxzY2dheLRsG45ZcM7zkGSpErJb18aBbl,A2,Service disruption / repair / infrastructure,B1,Alert / warning,Risk / incident communication
976806475676332,821,U03,2015,Portuguese,https://www.facebook.com/EPALaguaslivres/posts/976806475676332,A6,Public education / heritage / community engagement,B6,Institutional promotion / community news,Institutional / community communication
1064197302392191,822,U02,2025,German,https://www.facebook.com/reel/1141437727352871/,A7,Routine / institutional / customer service / other,B6,Institutional promotion / community news,Institutional / community communication
518333485320984,823,U09,2019,Italian,https://www.facebook.com/abcacquabenecomunenapoli/posts/pfbid0CmFcWU9zrYeYwfUqjfaGJiHM14q56t3x2gMnhxpepavZysVjQG17XAUx7KVGPQo3l,A2,Service disruption / repair / infrastructure,B1,Alert / warning,Risk / incident communication
2009820259094658,824,U01,2018,Finnish,https://www.facebook.com/helsinginseudunymparistopalvelut/posts/pfbid02r8rTWZbXrsJz8nnMNm4sBUAQxEAJwq5W4vtJBQ2dhyFfvLMYACVkHFC3YvC97fPEl,A4,Flood / stormwater / wastewater / sewer,B5,Education / awareness,Education / awareness
3311491102260894,825,U01,2020,Finnish,https://www.facebook.com/helsinginseudunymparistopalvelut/posts/pfbid0ZCjBRCAUTyppm1H2UryMNrg1Z7vMm1xLNscE58JdmD4ixLU2BrgYzTN6fXEAtHRil,A7,Routine / institutional / customer service / other,B6,Institutional promotion / community news,Institutional / community communication
1452015378208485,826,U01,2017,Finnish,https://www.facebook.com/helsinginseudunymparistopalvelut/posts/1452015378208485,A5,Environmental sustainability / waste / recycling / biodiversity,B2,Instruction / advice to public,Risk / incident communication
300765656710875,827,U03,2013,Portuguese,https://www.facebook.com/EPALaguaslivres/posts/300765656710875,A6,Public education / heritage / community engagement,B6,Institutional promotion / community news,Institutional / community communication
1799028166903680,828,U05,2020,German,https://www.facebook.com/wasserbetriebe/posts/pfbid0eC2TuJ6ZZDYg5YJeUoWXpqXt2R1bZadVCcpgvesxocVXirMKpYDPkCukm7KqHZXxl,A2,Service disruption / repair / infrastructure,B3,Operational update / resolution,Risk / incident communication
1981214285525284,829,U12,2018,Finnish,https://www.facebook.com/turunvesihuolto/posts/pfbid0vC6MYLCF1B71cb49ztT5uFwmu3QayUG87GAQ5yfdNFfxxsUFCDZK8tx8bXxNXrV9l,A7,Routine / institutional / customer service / other,B6,Institutional promotion / community news,Institutional / community communication
10160300092269268,830,U08,2022,French,https://www.facebook.com/eaudeparis/posts/pfbid032GBjfkCaUVqvfu66HTJQJ96hKEiehD21Kx4nHwPZ6TcBSgXeQ2djUQFPKubZE1vol,A7,Routine / institutional / customer service / other,B6,Institutional promotion / community news,Institutional / community communication
786439559942765,831,U09,2023,Italian,https://www.facebook.com/abcacquabenecomunenapoli/posts/pfbid08WDfAoJh3Y5tn7SAEua3fdvApqEzTzSHHmF9g6hLLjfHKWqurk8KeJ5ZqrTee3Rzl,A2,Service disruption / repair / infrastructure,B1,Alert / warning,Risk / incident communication
2123573481129054,832,U02,2021,German,https://www.facebook.com/HamburgWasser/videos/597446868199843/,A4,Flood / stormwater / wastewater / sewer,B5,Education / awareness,Education / awareness
2215839701889189,833,U05,2021,German,https://www.facebook.com/wasserbetriebe/videos/880643612607418/,A7,Routine / institutional / customer service / other,B6,Institutional promotion / community news,Institutional / community communication
922109568276705,834,U09,2020,Italian,https://www.facebook.com/abcacquabenecomunenapoli/posts/pfbid025w9SAwCAPRqNANYWR8ZNdTTsfGYn114MNKwALmfwFQsgT4GGrsCXJHq6c2xUAf8Ll,A2,Service disruption / repair / infrastructure,B1,Alert / warning,Risk / incident communication
1114855213976498,835,U10,2024,Swedish,https://www.facebook.com/stockholmvattenochavfall/posts/pfbid0YJxmy8RJRKe3PqG1TFfYaVxmaNSi7HF7UmoPwF4paGR1ZBeqVoNDDLgJeJgmowsal,A4,Flood / stormwater / wastewater / sewer,B5,Education / awareness,Education / awareness
1151984714941365,836,U05,2018,German,https://www.facebook.com/wasserbetriebe/posts/pfbid0iabRnUk7kBoVipdTKVG4K2JWrg4LsQEATYtLoqqPqUKrh3oXMCWKWxnkiEp8ce3Sl,A6,Public education / heritage / community engagement,B5,Education / awareness,Education / awareness
769242782051989,837,U11,2024,Finnish,https://www.facebook.com/tampereenvesi/videos/1690784628330015/,A7,Routine / institutional / customer service / other,B6,Institutional promotion / community news,Institutional / community communication
1664267890263517,838,U03,2017,Portuguese,https://www.facebook.com/EPALaguaslivres/posts/pfbid0hfQho1pyUMBz8HQEbNAiFE553HKccbsPZksa7Y3bwJz47mUkCUV9EiV4JiQkXxgYl,A7,Routine / institutional / customer service / other,B6,Institutional promotion / community news,Institutional / community communication
1897820310294654,839,U01,2018,Finnish,https://www.facebook.com/helsinginseudunymparistopalvelut/posts/pfbid02PrHDZKVjpm4ygpzdts9Pi8uFcnMe3gsAhgibzH3avf3AV6ziEuvw5FuXE98hoHVql,A4,Flood / stormwater / wastewater / sewer,B2,Instruction / advice to public,Risk / incident communication
1454162691738054,840,U09,2022,Italian,https://www.facebook.com/abcacquabenecomunenapoli/posts/pfbid0LTA54j6hYd6QUauRGajVc4E2f9tLcLuV1UPdRoKh54pSmDyDQbj5vW1NvsSGSuW1l,A2,Service disruption / repair / infrastructure,B1,Alert / warning,Risk / incident communication
1464111426945832,841,U03,2017,Portuguese,https://www.facebook.com/EPALaguaslivres/posts/pfbid02Bmb5V17jQPqoUVi1hFze1K6yWQn1e2zW2ewrg8DYT4REKBjEpnwAGPb88jpFtY4kl,A6,Public education / heritage / community engagement,B6,Institutional promotion / community news,Institutional / community communication
2069162983223529,842,U05,2021,German,https://www.facebook.com/photo/?fbid=2069162983223529&set=a.2069162859890208,A7,Routine / institutional / customer service / other,B6,Institutional promotion / community news,Institutional / community communication
2137211386302496,843,U03,2018,Portuguese,https://www.facebook.com/EPALaguaslivres/posts/pfbid031xGuTGnSP2dK5Dn6n6Hw6P2wPJWJ2Tatfk74WZ1HxF1kYKUUFE4Pfxn2ZWHLhG1wl,A3,Water conservation / drought / demand management,B2,Instruction / advice to public,Risk / incident communication
2254461467963868,844,U01,2019,Finnish,https://www.facebook.com/helsinginseudunymparistopalvelut/posts/pfbid02hJ7TF37fAi4vbEMfYuKNevgz3LFZv73Gt82ryLAD2JFzyQR4kggJRgUWGvzWUY9Jl,A5,Environmental sustainability / waste / recycling / biodiversity,B2,Instruction / advice to public,Risk / incident communication
982146291862065,845,U01,2016,Finnish,https://www.facebook.com/helsinginseudunymparistopalvelut/posts/982146291862065,A5,Environmental sustainability / waste / recycling / biodiversity,B6,Institutional promotion / community news,Institutional / community communication
847686739052322,846,U09,2020,Italian,https://www.facebook.com/abcacquabenecomunenapoli/posts/pfbid0nbycGpFbWmYryLDu8n3RfGJm4dHP9RLnbujbD5HwXXQoG11X2JTciH3xu9Qz3cWAl,A6,Public education / heritage / community engagement,B5,Education / awareness,Education / awareness
1112521382104840,847,U03,2016,Portuguese,https://www.facebook.com/photo/?fbid=1112521382104840&set=a.636558505181850,A6,Public education / heritage / community engagement,B5,Education / awareness,Education / awareness
1456912860999022,848,U03,2017,Portuguese,https://www.facebook.com/photo/?fbid=1456912860999022&set=a.636558505181850,A7,Routine / institutional / customer service / other,B5,Education / awareness,Education / awareness
5769235519766713,849,U03,2022,Portuguese,https://www.facebook.com/EPALaguaslivres/posts/pfbid02kU2DtL68YRjgLQHXpchs2fVJrzekkcUmb2BvmFbkmbP6h54eBe8XjpzYfnmjphd3l,A7,Routine / institutional / customer service / other,B5,Education / awareness,Education / awareness
870125773414165,850,U11,2020,Finnish,https://www.facebook.com/tampereenvesi/posts/pfbid0g4gynx4KHPahJt8CReYydt3hAwSPCk8QjBphVuDcVuAV4HMjWVTcMHQoXSyYJxr9l,A3,Water conservation / drought / demand management,B2,Instruction / advice to public,Risk / incident communication
1056584346651163,851,U11,2025,Finnish,https://www.facebook.com/tampereenvesi/posts/pfbid05LxvFxVy5WahEyUAw3pqXPqsFujCaNe4To31tuxLzCuShgtZxguc3WaPXDrTw9pXl,A4,Flood / stormwater / wastewater / sewer,B6,Institutional promotion / community news,Institutional / community communication
2672043312819298,852,U03,2019,Portuguese,https://www.facebook.com/EPALaguaslivres/posts/pfbid02vpTaYbd2iaxegwbqh6ZsWssFjKXsHyZjzBqw8k8EZGk48zMRoKPhKHi4XKgKUAXKl,A6,Public education / heritage / community engagement,B6,Institutional promotion / community news,Institutional / community communication
596974570442385,853,U05,2015,German,https://www.facebook.com/wasserbetriebe/videos/596974570442385/,A4,Flood / stormwater / wastewater / sewer,B1,Alert / warning,Risk / incident communication
1363490530470690,854,U02,2019,German,https://www.facebook.com/HamburgWasser/posts/pfbid0V5EJvk2iZ2sBeGGtGwhZAXXkVdbZ2izeLLtottLzTaXFeQyTZNxhX8Tbh9Yhkms6l,A3,Water conservation / drought / demand management,B2,Instruction / advice to public,Risk / incident communication
1940261256027833,855,U04,2018,Norwegian,https://www.facebook.com/Oslovann/posts/pfbid0bEto3iRioUWnEeJ9aaXSHW3r6TUERzgT8cTB86M4CvpGTEN2kQDpGBUdj94Pkyfbl,A7,Routine / institutional / customer service / other,B6,Institutional promotion / community news,Institutional / community communication
1212836663969717,856,U09,2025,Italian,https://www.facebook.com/abcacquabenecomunenapoli/posts/pfbid0coDAdKbLZi1MMTdY8q8CQKRkzSmC1sewbVG2kW2mAsVbU7Pe9DQcUJtWQtDZeTqml,A2,Service disruption / repair / infrastructure,B1,Alert / warning,Risk / incident communication
2397692900307390,857,U01,2019,Finnish,https://www.facebook.com/helsinginseudunymparistopalvelut/posts/pfbid08dRiSB7pKB3Lccf5mko2s1rgFqWi88V1EE6ipnYi9MTP36Skbht64CrvmpRKx6X2l,A5,Environmental sustainability / waste / recycling / biodiversity,B2,Instruction / advice to public,Risk / incident communication
707872768036724,858,U08,2023,French,https://www.facebook.com/eaudeparis/posts/pfbid0zhS4bKGvb9uy8fYZJGuiCE6APLNJCnMoLruCRcEDET8vqduSDB73UFJvWtj27sk2l,A7,Routine / institutional / customer service / other,B6,Institutional promotion / community news,Institutional / community communication
221223574642849,859,U03,2012,Portuguese,https://www.facebook.com/EPALaguaslivres/posts/221223574642849,A6,Public education / heritage / community engagement,B5,Education / awareness,Education / awareness
492977924175384,860,U05,2014,German,https://www.facebook.com/wasserbetriebe/posts/492977924175384,A1,Water quality / safety / public health,B5,Education / awareness,Education / awareness
2488918467798451,861,U03,2019,Portuguese,https://www.facebook.com/EPALaguaslivres/posts/pfbid02hyeRpQL5EkjiVoqRNM9evUyWwKE6JqTBfZztxx4y5pDUeQ4zDQ8cDeJ8ovJaAm46l,A6,Public education / heritage / community engagement,B6,Institutional promotion / community news,Institutional / community communication
2705368656443173,862,U12,2020,Finnish,https://www.facebook.com/turunvesihuolto/posts/pfbid06yKdZpx9MEU5N9yhjDmMRgGECzQJhytti4rX31nDY8648XqZHCr3Hz4pysqga3Fel,A7,Routine / institutional / customer service / other,B5,Education / awareness,Education / awareness
10154459035456714,863,U10,2017,Swedish,https://www.facebook.com/stockholmvattenochavfall/videos/10154459035456714/,A7,Routine / institutional / customer service / other,B6,Institutional promotion / community news,Institutional / community communication
4192402907448743,864,U07,2021,Dutch,https://www.facebook.com/FARYSmultiservice/posts/pfbid02xzhu4t6VuuXWa1QDM5DMUmU2P3Uen7hW2WTg1nJzf27ymZ24pmSrPQLGYGpGqJGCl,A3,Water conservation / drought / demand management,B5,Education / awareness,Education / awareness
5929641013726162,865,U03,2022,Portuguese,https://www.facebook.com/EPALaguaslivres/posts/pfbid0oMsxAHezibw9pbJpwKMxQAqdMFfkYKJYnPojp6NHj8Gpm86vqTTfZAAhAtjpYiYFl,A7,Routine / institutional / customer service / other,B6,Institutional promotion / community news,Institutional / community communication
1032399463450366,866,U03,2015,Portuguese,https://www.facebook.com/EPALaguaslivres/posts/pfbid02PpXsS5RLy9GCyh3Hvz1cEZRBBRKvYEMaoVn7FmKMooaSqQXpLAWZZyJM25YWVfphl,A6,Public education / heritage / community engagement,B5,Education / awareness,Education / awareness
10157367341389268,867,U08,2019,French,https://www.facebook.com/eaudeparis/posts/pfbid08NnxaFd7khwAN81mG4S7pbKEiMTMPZbCH5SGhG9GcECzNm2GKe28KVpjmFgKEy6vl,A6,Public education / heritage / community engagement,B6,Institutional promotion / community news,Institutional / community communication
10156641885239268,868,U08,2018,French,https://www.facebook.com/eaudeparis/posts/pfbid08t4XAZtiZJUmsMqpecMkaHHAVTaiqkz4szxCUyLpFmqTxvYB2QMTQ2e3CpRePebWl,A5,Environmental sustainability / waste / recycling / biodiversity,B5,Education / awareness,Education / awareness
3787095931367073,869,U01,2021,Finnish,https://www.facebook.com/helsinginseudunymparistopalvelut/posts/pfbid02Bb6zjYfNH9vDuXpekXF7yCiTq29UyhXdxMzaxoL9CXZc9iyVinoYrV27PoBmGqgzl,A6,Public education / heritage / community engagement,B5,Education / awareness,Education / awareness
1118295486994448,870,U08,2025,French,https://www.facebook.com/eaudeparis/posts/pfbid0E26WqeZg5Ry3SnDKrcX5A5jRRC5yMhuvHzgJkPQrug9ESDJtNH3rchsx6uD5LRChl,A6,Public education / heritage / community engagement,B6,Institutional promotion / community news,Institutional / community communication
10158607685746714,871,U10,2022,Swedish,https://www.facebook.com/stockholmvattenochavfall/posts/pfbid02ufBijkhrqnNABcwGT5QSW46dJ9WHiJfWQ87y2hCodc6JXedsCBxjp6Y8iQyCX2Wpl,A4,Flood / stormwater / wastewater / sewer,B5,Education / awareness,Education / awareness
1438020596685597,872,U09,2022,Italian,https://www.facebook.com/abcacquabenecomunenapoli/posts/pfbid023ZYMqaE8eCnCbesATvbJJkqJU5BkuXapommMDiUBP96efV2WnFdiYy9UYnNk4SXml,A2,Service disruption / repair / infrastructure,B1,Alert / warning,Risk / incident communication
3288001977890092,873,U03,2020,Portuguese,https://www.facebook.com/EPALaguaslivres/posts/pfbid039dEUQqekz79oXx1wA2VyWbCBJK3y8HSpTZA3uf1KfDFJpEb9mWe5MJUvkiEHvpYl,A5,Environmental sustainability / waste / recycling / biodiversity,B6,Institutional promotion / community news,Institutional / community communication
658357474304094,874,U05,2015,German,https://www.facebook.com/wasserbetriebe/videos/658357474304094/,A6,Public education / heritage / community engagement,B5,Education / awareness,Education / awareness
970245869718774,875,U01,2016,Finnish,https://www.facebook.com/helsinginseudunymparistopalvelut/posts/970245869718774,A6,Public education / heritage / community engagement,B5,Education / awareness,Education / awareness
476638702823796,876,U09,2018,Italian,https://www.facebook.com/abcacquabenecomunenapoli/posts/pfbid02hX7FEPZwV451cDd3cRKr4TcfYjam1C6UXk8iEgXD1ygfB2Vay181PUK4gD8nBXJCl,A2,Service disruption / repair / infrastructure,B1,Alert / warning,Risk / incident communication
1192934520859626,877,U02,2018,German,https://www.facebook.com/HamburgWasser/posts/pfbid0UAhbEVeDquym2QWzGrHZKUKK7FjpVysBgVKq8HDaVY3NHDHX2tz2MkAbW34Va9fYl,A7,Routine / institutional / customer service / other,B6,Institutional promotion / community news,Institutional / community communication
2695300117160284,878,U03,2019,Portuguese,https://www.facebook.com/EPALaguaslivres/posts/pfbid02MhnFAH6fUroGLQecT9tQ9yvZkcaF3t5nZsrta6gQynYjDxooQ4CKdFbyQ8w7aXjel,A5,Environmental sustainability / waste / recycling / biodiversity,B5,Education / awareness,Education / awareness
750955958725401,879,U09,2020,Italian,https://www.facebook.com/abcacquabenecomunenapoli/posts/pfbid022TsZ6erdF23hmH91SGiKrD3xsRWqJJdUDpJDBr74j5wpMrvCFQv2G9XudGJKUGHxl,A2,Service disruption / repair / infrastructure,B1,Alert / warning,Risk / incident communication
10158482616896714,880,U10,2022,Swedish,https://www.facebook.com/stockholmvattenochavfall/posts/pfbid02jJRPN7YjifgEwEZeR2JL7armNtjAtdjQmspEi3NC8gLgpkAD5y2bf3RTXgB7z6GZl,A3,Water conservation / drought / demand management,B5,Education / awareness,Education / awareness
685017333669300,881,U03,2023,Portuguese,https://www.facebook.com/EPALaguaslivres/posts/pfbid0sFciRCh9f5ra4rKwKMsKakzLNsCM5nYBvmPeK9Tk68vn5GEBVFT5cbymq7icWmEZl,A7,Routine / institutional / customer service / other,B6,Institutional promotion / community news,Institutional / community communication
122235760868089660,882,U06,2025,English,https://www.facebook.com/worldwaternetnl/posts/pfbid02vxsLTSNn3Q2ruhDyGEoCoc4TrV5x2SYksvWPswTHqJ3KqvRvUDkzt2W3GMWz59fjl,A3,Water conservation / drought / demand management,B5,Education / awareness,Education / awareness
10159417498514268,883,U08,2021,French,https://www.facebook.com/eaudeparis/posts/pfbid0yv4ZzYV1WPF9BuUibAQkMxEefygnsuorGVr4yxdijhLdjn1rpA1irAoWxkawBAkl,A3,Water conservation / drought / demand management,B5,Education / awareness,Education / awareness
2457696204307059,884,U01,2019,Finnish,https://www.facebook.com/helsinginseudunymparistopalvelut/posts/pfbid035h4HkoaB2v9cSgBGvkagjvfcCsm8W1tpL6tCsTv821TFEe6bWT4ZNRhx4kwYBPfMl,A5,Environmental sustainability / waste / recycling / biodiversity,B5,Education / awareness,Education / awareness
899765945666338,885,U11,2024,Finnish,https://www.facebook.com/tampereenvesi/posts/pfbid0LBKcZLfNwEgyYdwYeWsrgmyhsdKZ1fx1xW5ADNMXBnf5qhTopGGVGnav3cMsbRc2l,A7,Routine / institutional / customer service / other,B6,Institutional promotion / community news,Institutional / community communication
1629900563753298,886,U01,2018,Finnish,https://www.facebook.com/helsinginseudunymparistopalvelut/posts/pfbid035V9qbUfe1DwX6ig4Tcr9gS9edJxMSEe2gd6VSDsC8bWQVQ2b4QrHV9S8Hz4x9gqyl,A7,Routine / institutional / customer service / other,B6,Institutional promotion / community news,Institutional / community communication
1126509509494303,887,U02,2025,German,https://www.facebook.com/reel/1622822965024730/,A7,Routine / institutional / customer service / other,B6,Institutional promotion / community news,Institutional / community communication
679288037561864,888,U08,2023,French,https://www.facebook.com/eaudeparis/posts/pfbid02LnNrQQfyMGhhAf1CiQQm7ESrZxHgpArWHA3F1cEFyvgFfjpYTQ6Jr3i77qXpuAJAl,A3,Water conservation / drought / demand management,B5,Education / awareness,Education / awareness
990121464808848,889,U09,2020,Italian,https://www.facebook.com/abcacquabenecomunenapoli/posts/pfbid02rJ8tV2PUcTnvZutuYpguuwP3aPn6FRTvQYaM4cio2ghDAHt8gFPYfJE55MSBCbfal,A2,Service disruption / repair / infrastructure,B3,Operational update / resolution,Risk / incident communication
1522340934920229,890,U09,2023,Italian,https://www.facebook.com/abcacquabenecomunenapoli/posts/pfbid0Z5C81D62QisZFp6Vg6BemkQEJLcAMjMB5ix3UqLMS24wc6SCiVq2vMqMoQz5Dt31l,A6,Public education / heritage / community engagement,B6,Institutional promotion / community news,Institutional / community communication
1339590740847293,891,U07,2025,Dutch,https://www.facebook.com/FARYSmultiservice/posts/pfbid02rkM6MfXPRRttVsaPpPPfCmSVLQrkibghucXtskAh42cnVD4NSam5X54UcNpNk7m3l,A3,Water conservation / drought / demand management,B5,Education / awareness,Education / awareness
2765635943490356,892,U04,2020,Norwegian,https://www.facebook.com/Oslovann/posts/pfbid02fw3XXYKvsMSu5XARHXa2jGJmgrtGLSjjj6jgzBLRw2sA8tmoTpKENMzLemCiEnXol,A7,Routine / institutional / customer service / other,B6,Institutional promotion / community news,Institutional / community communication
324798934210426,893,U03,2012,Portuguese,https://www.facebook.com/EPALaguaslivres/posts/pfbid02c4HmiT5kHJySadC97rGeLSNu9dHPfP46irHgRRBwcfJRRJKj6mL3nAWHTwKm3YZml,A2,Service disruption / repair / infrastructure,B1,Alert / warning,Risk / incident communication
902378298348890,894,U09,2024,Italian,https://www.facebook.com/abcacquabenecomunenapoli/posts/pfbid02d7LahjymF492vJKJLbbr75NbNtmLdFS4T97EFzvB3koPAVrVzzxZyLZuAa1V79nKl,A2,Service disruption / repair / infrastructure,B1,Alert / warning,Risk / incident communication
2111387695841275,895,U12,2018,Finnish,https://www.facebook.com/turunvesihuolto/posts/pfbid02otZoG1qWA2CPeU1UgtmcD9f5qWAZSqtHFBsWTDgT9M2NgD9crLBhjmqr9ivY3W6wl,A6,Public education / heritage / community engagement,B6,Institutional promotion / community news,Institutional / community communication
1268095200344805,896,U09,2022,Italian,https://www.facebook.com/abcacquabenecomunenapoli/posts/pfbid0XScjvw8JHKxEKFtNCp1yTZ2gbyvdLQVF2ro3nEqeuRbETUnGyqTebEjJYJpzm7VVl,A2,Service disruption / repair / infrastructure,B1,Alert / warning,Risk / incident communication
10153150270276714,897,U10,2015,Swedish,https://www.facebook.com/stockholmvattenochavfall/posts/10153150270276714,A7,Routine / institutional / customer service / other,B6,Institutional promotion / community news,Institutional / community communication
1050747233756103,898,U01,2025,Finnish,https://www.facebook.com/helsinginseudunymparistopalvelut/videos/1695164538068049/,A5,Environmental sustainability / waste / recycling / biodiversity,B5,Education / awareness,Education / awareness
1211428424354649,899,U01,2025,Finnish,https://www.facebook.com/helsinginseudunymparistopalvelut/posts/pfbid022iWJxaMKoZmLF16gQy36tSxkLHNuLhBpedgqXmwe9U5xvjmb4SEUsedyivkQPz7Xl,A7,Routine / institutional / customer service / other,B6,Institutional promotion / community news,Institutional / community communication
2155611811159442,900,U04,2019,Norwegian,https://www.facebook.com/Oslovann/posts/pfbid0FuxgWJBrB8Q19WGMWCgMHkg8RK4QmE8AWHuaCkJ5v7UYAZL73HkoHtivQQy7YhQQl,A5,Environmental sustainability / waste / recycling / biodiversity,B5,Education / awareness,Education / awareness
838487726174875,901,U03,2014,Portuguese,https://www.facebook.com/photo/?fbid=838487726174875&set=a.636558505181850,A6,Public education / heritage / community engagement,B6,Institutional promotion / community news,Institutional / community communication
10159043301061714,902,U10,2023,Swedish,https://www.facebook.com/stockholmvattenochavfall/videos/968573837444677/,A3,Water conservation / drought / demand management,B5,Education / awareness,Education / awareness
10160225721724268,903,U08,2022,French,https://www.facebook.com/eaudeparis/posts/pfbid0dXUULX3212qbUrinB1xQ99HQisk1Kjss6SKScyMfY6Khe3PNQ2rUceX2TMpdWMsDl,A3,Water conservation / drought / demand management,B2,Instruction / advice to public,Risk / incident communication
363842379081246,904,U12,2022,Finnish,https://www.facebook.com/turunvesihuolto/posts/pfbid023X2g2usKHgXMKViaaLFRGZ6tTFB9CsMd7eVA3aqe4aAhHWGK1oJ93Psvc6PEivz1l,A7,Routine / institutional / customer service / other,B6,Institutional promotion / community news,Institutional / community communication
901737111746342,905,U09,2024,Italian,https://www.facebook.com/abcacquabenecomunenapoli/posts/pfbid0o81V7KAWyXXyhRNDzVptFeum2ohUQdV1be6BEixBoJR2kLRmzZCW51c531AHfsaAl,A2,Service disruption / repair / infrastructure,B1,Alert / warning,Risk / incident communication
776103125746669,906,U03,2014,Portuguese,https://www.facebook.com/photo/?fbid=776103125746669&set=a.636558505181850,A7,Routine / institutional / customer service / other,B6,Institutional promotion / community news,Institutional / community communication
3468484636508491,907,U03,2020,Portuguese,https://www.facebook.com/EPALaguaslivres/posts/pfbid0TuJSpgau7E4zrCCSkHwdZrWJzxs8RWQVfq2ofMzxRyi1kFPoUHBbwSdYvVygGUynl,A6,Public education / heritage / community engagement,B5,Education / awareness,Education / awareness
683080188498489,908,U05,2015,German,https://www.facebook.com/photo/?fbid=683080188498489&set=a.632073468958361,A4,Flood / stormwater / wastewater / sewer,B5,Education / awareness,Education / awareness
545728638784120,909,U03,2013,Portuguese,https://www.facebook.com/photo/?fbid=545728638784120&set=a.636558505181850,A7,Routine / institutional / customer service / other,B6,Institutional promotion / community news,Institutional / community communication
3508605592549443,910,U01,2020,Finnish,https://www.facebook.com/helsinginseudunymparistopalvelut/posts/pfbid0U8QaCEnxMCbQJdcTjDsE69Pfa2VXxLcDFbY7DHAvUA4mCBXYSc4fvJ9p2BDemoMHl,A7,Routine / institutional / customer service / other,B6,Institutional promotion / community news,Institutional / community communication
2738289616224989,911,U04,2020,Norwegian,https://www.facebook.com/Oslovann/posts/pfbid022X9aajVs6JxhhNJzubL6PnT1Ge5rAuTGN9wNjbdGUunYJxcYYbVueAHsXMHBtZvjl,A7,Routine / institutional / customer service / other,B6,Institutional promotion / community news,Institutional / community communication
1968680793445300,912,U12,2018,Finnish,https://www.facebook.com/turunvesihuolto/posts/pfbid02Adqu2zmQXS2N9v5Hb9MeMu8AX6tDDmbofeJqZqLDywZCSWikjyetHTieiogSyJQQl,A1,Water quality / safety / public health,B6,Institutional promotion / community news,Institutional / community communication
772827281303993,913,U09,2023,Italian,https://www.facebook.com/abcacquabenecomunenapoli/posts/pfbid0tkSNK64ssYwuuGtrJiF6YZu6Ka1GZFB6b7YrCdcbyQxRqoCpMpxsiseoJnXoizjgl,A2,Service disruption / repair / infrastructure,B1,Alert / warning,Risk / incident communication
643695082373856,914,U01,2014,Finnish,https://www.facebook.com/photo/?fbid=643695082373856&set=a.476477601183072,A7,Routine / institutional / customer service / other,B6,Institutional promotion / community news,Institutional / community communication
462573927215784,915,U05,2014,German,https://www.facebook.com/wasserbetriebe/posts/462573927215784,A6,Public education / heritage / community engagement,B5,Education / awareness,Education / awareness
2553090135004360,916,U12,2020,Finnish,https://www.facebook.com/turunvesihuolto/posts/pfbid0xKAyxjnFGrbKb9qqZZ4sS6E5W1qZu3avE4hGD2wYqN46tJXKsjVKoh7D1SrCrpStl,A4,Flood / stormwater / wastewater / sewer,B5,Education / awareness,Education / awareness
4016642788359337,917,U03,2021,Portuguese,https://www.facebook.com/EPALaguaslivres/videos/729413664425457/,A7,Routine / institutional / customer service / other,B5,Education / awareness,Education / awareness
788631911276649,918,U05,2016,German,https://www.facebook.com/wasserbetriebe/posts/788631911276649,A4,Flood / stormwater / wastewater / sewer,B6,Institutional promotion / community news,Institutional / community communication
2468268703227083,919,U04,2019,Norwegian,https://www.facebook.com/Oslovann/posts/pfbid02shHAUNWvZ799E4GS7b6jxwG3sJm5DvF12hjDcMQ235VusrJmKvmzimwA6ydvzvXyl,A1,Water quality / safety / public health,B5,Education / awareness,Education / awareness
615859241771059,920,U03,2013,Portuguese,https://www.facebook.com/photo/?fbid=615859241771059&set=a.636558505181850,A5,Environmental sustainability / waste / recycling / biodiversity,B5,Education / awareness,Education / awareness
1698048093552163,921,U03,2017,Portuguese,https://www.facebook.com/EPALaguaslivres/posts/pfbid036DJrnwdkC6WWQdTzqm8GFkiGW5egXdFPvTP6DYXRp2z5HTVTuzJHYRgWN9R6jajnl,A6,Public education / heritage / community engagement,B6,Institutional promotion / community news,Institutional / community communication
177545619028590,922,U03,2012,Portuguese,https://www.facebook.com/EPALaguaslivres/posts/177545619028590,A6,Public education / heritage / community engagement,B6,Institutional promotion / community news,Institutional / community communication
1091024154370755,923,U05,2017,German,https://www.facebook.com/wasserbetriebe/posts/pfbid0SEYP6MXgQf1WjtdEtfvrMnEvVkjFkNXKQGx4ZhRS8nh6RFuCeyJfPbi8zrpPetV1l,A5,Environmental sustainability / waste / recycling / biodiversity,B2,Instruction / advice to public,Risk / incident communication
774582539232061,924,U03,2014,Portuguese,https://www.facebook.com/photo/?fbid=774582539232061&set=a.636558505181850,A3,Water conservation / drought / demand management,B6,Institutional promotion / community news,Institutional / community communication
1069038658574722,925,U02,2025,German,https://www.facebook.com/HamburgWasser/posts/pfbid0SeEsj6fg2cTWKJnyqd6xQ562LokjesEwe2bW8mNad8veXLWDVqPHSmrToFyX1Uwbl,A4,Flood / stormwater / wastewater / sewer,B5,Education / awareness,Education / awareness
649328757224459,926,U08,2023,French,https://www.facebook.com/eaudeparis/posts/pfbid07yXn35s81WV6xJUtDumQeUii6DpVPe5qnKd4F2k8anEq7bpjDZZyLKdZsa8dYjKtl,A1,Water quality / safety / public health,B5,Education / awareness,Education / awareness
627234017764263,927,U09,2019,Italian,https://www.facebook.com/abcacquabenecomunenapoli/posts/pfbid0SYzrnc5bJawqxrtzCGG8cPBaqoH6nRAuA15276ZiyabdpbgpEgojCmDNHAbG5pbwl,A2,Service disruption / repair / infrastructure,B1,Alert / warning,Risk / incident communication
5869007899789474,928,U03,2022,Portuguese,https://www.facebook.com/EPALaguaslivres/posts/pfbid0qJUUQ19Y2U3cUpzUjmuy5qnCCy3J724dH1ENdL17ajSHKD8FAbpgrU7biemvnEael,A6,Public education / heritage / community engagement,B6,Institutional promotion / community news,Institutional / community communication
1480892341934407,929,U03,2017,Portuguese,https://www.facebook.com/photo/?fbid=1480892341934407&set=a.636558505181850,A1,Water quality / safety / public health,B2,Instruction / advice to public,Risk / incident communication
1413160790603969,930,U09,2026,Italian,https://www.facebook.com/abcacquabenecomunenapoli/posts/pfbid09qkvxhAgBfhM7DefDsezFX1voHiebtBGeKRFtnwxxySSm2NVwordZFHM4XPRPjKBl,A2,Service disruption / repair / infrastructure,B1,Alert / warning,Risk / incident communication
1427134885873226,931,U09,2026,Italian,https://www.facebook.com/abcacquabenecomunenapoli/posts/pfbid0HEjccmmQpYuBvV7Vxefa8VTrbZAjAjFvJ7ujj9WmAojZC25GQAYibzocwk4apURVl,A7,Routine / institutional / customer service / other,B6,Institutional promotion / community news,Institutional / community communication
555601154463535,932,U03,2013,Portuguese,https://www.facebook.com/photo/?fbid=555601154463535&set=a.636558505181850,A6,Public education / heritage / community engagement,B6,Institutional promotion / community news,Institutional / community communication
663839467003358,933,U04,2014,Norwegian,https://www.facebook.com/photo/?fbid=663839467003358&set=a.485581470263619,A2,Service disruption / repair / infrastructure,B1,Alert / warning,Risk / incident communication
1120649951291983,934,U03,2016,Portuguese,https://www.facebook.com/photo/?fbid=1120649951291983&set=a.636558505181850,A6,Public education / heritage / community engagement,B6,Institutional promotion / community news,Institutional / community communication
1788560584500913,935,U03,2018,Portuguese,https://www.facebook.com/EPALaguaslivres/posts/pfbid02Q3rfa38x4vSwNwY8yJ4RiEacw82xByZv1JybvCBDFsfrowZ333ZDbRBS2ja9ZT4Fl,A6,Public education / heritage / community engagement,B6,Institutional promotion / community news,Institutional / community communication
962554629387469,936,U11,2025,Finnish,https://www.facebook.com/tampereenvesi/posts/pfbid02nPxmG4h87xrgVLPe3p86HPHG5qFLcTq5PM6BswruMrsdo7GUd2W2C5qYsdHFEEXWl,A7,Routine / institutional / customer service / other,B6,Institutional promotion / community news,Institutional / community communication
994022593954720,937,U03,2015,Portuguese,https://www.facebook.com/photo/?fbid=994022593954720&set=a.636558505181850,A3,Water conservation / drought / demand management,B2,Instruction / advice to public,Risk / incident communication
2913840082026000,938,U01,2020,Finnish,https://www.facebook.com/helsinginseudunymparistopalvelut/posts/pfbid02LnGVayH6adt52Y5897bzzmDGJ7dgKejujqNs6te575DmdTsQEiVBbeFp32wkNQk6l,A7,Routine / institutional / customer service / other,B6,Institutional promotion / community news,Institutional / community communication
764995135420541,939,U09,2023,Italian,https://www.facebook.com/abcacquabenecomunenapoli/posts/pfbid035atk9Z6FNGLTPyKhet3Hp1X7NRwcJMWJXhKGczTffgZ1ayeuP3EK9ZGwa4zp78Zl,A2,Service disruption / repair / infrastructure,B1,Alert / warning,Risk / incident communication
1550488465027842,940,U01,2017,Finnish,https://www.facebook.com/helsinginseudunymparistopalvelut/posts/pfbid0J15J34Bujn87Q1DvQj8iRLqQ7tdRdofLMj3RLTX2qRE2oK2E6SoNxSAPNMWVk4Rvl,A7,Routine / institutional / customer service / other,B6,Institutional promotion / community news,Institutional / community communication
1479515005458522,941,U01,2017,Finnish,https://www.facebook.com/helsinginseudunymparistopalvelut/posts/pfbid02QeUaV3kQXPNg9CN1Rj2qSCTUDE65NUJpUrjUtSkhXnBJJGjehFjMhJeRjnXKjBkTl,A5,Environmental sustainability / waste / recycling / biodiversity,B6,Institutional promotion / community news,Institutional / community communication
3923847701025228,942,U01,2021,Finnish,https://www.facebook.com/helsinginseudunymparistopalvelut/posts/pfbid02s61FG9NpXg9k8CxjNpT8YEFTVsdpsj1ZZt6gtm5t6BvsNjpkWdLPKitWEzdBm3tgl,A7,Routine / institutional / customer service / other,B6,Institutional promotion / community news,Institutional / community communication
5914625015227762,943,U03,2022,Portuguese,https://www.facebook.com/EPALaguaslivres/posts/pfbid02EVj1DhcVXGEovU5atzMi1MHtfFFQwpKVuUGbtiKMqDT7Pf8N9EEoEfCL1BPRtrstl,A6,Public education / heritage / community engagement,B6,Institutional promotion / community news,Institutional / community communication
1719719464771407,944,U01,2018,Finnish,https://www.facebook.com/helsinginseudunymparistopalvelut/posts/pfbid0SiVw6Ejz5EJjwmbanfiiee3wfUJytLaf2pniVLPPa3sE3P44fC9sdidtRPbb5371l,A7,Routine / institutional / customer service / other,B6,Institutional promotion / community news,Institutional / community communication
1276644331311829,945,U11,2026,Finnish,https://www.facebook.com/tampereenvesi/posts/pfbid02ptStiCCxMVv4vycoHWjEHgZgYgzD5kVUAS8Jjk3fYXahzNmbFabXngH5GDJCu3BVl,A5,Environmental sustainability / waste / recycling / biodiversity,B5,Education / awareness,Education / awareness
10159053210829268,946,U08,2020,French,https://www.facebook.com/eaudeparis/posts/pfbid0JZQDM3bCXywtZG6TKNpKUsoLzHM63xxU7NVmyaegKnEJ4997DHPum76VqkpvY1GJl,A1,Water quality / safety / public health,B2,Instruction / advice to public,Risk / incident communication
4110697035619331,947,U07,2021,Dutch,https://www.facebook.com/FARYSmultiservice/posts/pfbid0GBgq4iWVhkyKMiSvzN9VW9PusRfcp92xFaWy982c9uz9PbHRnZLR5h7S7Nj9RcWsl,A7,Routine / institutional / customer service / other,B6,Institutional promotion / community news,Institutional / community communication
5359984150691854,948,U03,2022,Portuguese,https://www.facebook.com/EPALaguaslivres/posts/pfbid0aMTPkFwsYC3LteCwFYJPpQ68ENx2PHB1ezVSYvB4Ps5i1bDpLku3prDMeVV41yhGl,A7,Routine / institutional / customer service / other,B6,Institutional promotion / community news,Institutional / community communication
10154777223841714,949,U10,2017,Swedish,https://www.facebook.com/stockholmvattenochavfall/posts/pfbid0XLHLHwiGbY2XbxLBvQfUvhjEiR7vpSZPR2HTcps45mu21MZHL8PNov7AErCreenol,A5,Environmental sustainability / waste / recycling / biodiversity,B2,Instruction / advice to public,Risk / incident communication
4727680410588901,950,U03,2021,Portuguese,https://www.facebook.com/EPALaguaslivres/posts/pfbid0oWHfCf8YMsGuyU7t6d8Xr9X2XaoEZnEFHifoqBsy5unSBJjmmFA99s6b1SDLWAoEl,A7,Routine / institutional / customer service / other,B5,Education / awareness,Education / awareness
3987985984558351,951,U03,2021,Portuguese,https://www.facebook.com/EPALaguaslivres/posts/pfbid0S7zL8CFCi62uKTD4HffrkR4BMmmsi9sVqxTpenKXB3SQfFaHd2do7qTYhNjcvA69l,A7,Routine / institutional / customer service / other,B6,Institutional promotion / community news,Institutional / community communication
561070340613605,952,U04,2013,Norwegian,https://www.facebook.com/photo/?fbid=561070340613605&set=a.561065093947463,A6,Public education / heritage / community engagement,B6,Institutional promotion / community news,Institutional / community communication
761678772644047,953,U02,2023,German,https://www.facebook.com/HamburgWasser/videos/662889419167389/,A4,Flood / stormwater / wastewater / sewer,B6,Institutional promotion / community news,Institutional / community communication
1753353068151099,954,U02,2020,German,https://www.facebook.com/HamburgWasser/posts/pfbid02tAFi2RwFrpLtqeZvWrsvZ4pEqvV9ngDtfryJbZDkXnbuNgpvUwhYWKRau8MEqvGSl,A2,Service disruption / repair / infrastructure,B1,Alert / warning,Risk / incident communication
1192066507536708,955,U01,2016,Finnish,https://www.facebook.com/photo/?fbid=1192066507536708&set=a.476477601183072,A2,Service disruption / repair / infrastructure,B3,Operational update / resolution,Risk / incident communication
2719674941442516,956,U01,2020,Finnish,https://www.facebook.com/helsinginseudunymparistopalvelut/posts/pfbid06hbWSeGbfWdJCBagtKLwjjjTyzAhVGzinZzQZmcjucm9BXCcU1tuJPBZ9tJGFVMQl,A7,Routine / institutional / customer service / other,B6,Institutional promotion / community news,Institutional / community communication
2693123481001024,957,U12,2020,Finnish,https://www.facebook.com/turunvesihuolto/posts/pfbid02KPZZ8SAkMZeFutaWcYjDyYRdLCZN7pZhHeiHbrGvJicGup1ag1eD8wQSgHuAgZJQl,A7,Routine / institutional / customer service / other,B6,Institutional promotion / community news,Institutional / community communication
286967487993571,958,U03,2011,Portuguese,https://www.facebook.com/photo/?fbid=286967487993571&set=a.636558505181850,A3,Water conservation / drought / demand management,B6,Institutional promotion / community news,Institutional / community communication
794551453901836,959,U03,2014,Portuguese,https://www.facebook.com/photo/?fbid=794551453901836&set=a.636558505181850,A3,Water conservation / drought / demand management,B2,Instruction / advice to public,Risk / incident communication
10159429718871714,960,U10,2023,Swedish,https://www.facebook.com/stockholmvattenochavfall/posts/pfbid0cFKar9D9Ui3muFpSESm3aFDt6m5fVvoTJXDFi68o22Y3WNFXSmpTNhGoRpkQBkPUl,A5,Environmental sustainability / waste / recycling / biodiversity,B5,Education / awareness,Education / awareness
2267904933522883,961,U12,2019,Finnish,https://www.facebook.com/turunvesihuolto/posts/pfbid0eGwW8R4RLHLmZNFCxD5onqDCCASzhWbBeVVZJAM4x5jguW4We9nfogyM41SDqQMwl,A6,Public education / heritage / community engagement,B6,Institutional promotion / community news,Institutional / community communication
840058001637133,962,U11,2024,Finnish,https://www.facebook.com/tampereenvesi/posts/pfbid06UpQevxy3guQFrr9c9sJFGMvXfSdfTaaMHxWSjMwd8xA7MtMmC8h8tLaxmDdWFypl,A7,Routine / institutional / customer service / other,B6,Institutional promotion / community news,Institutional / community communication
2014231668729903,963,U02,2021,German,https://www.facebook.com/HamburgWasser/posts/pfbid0Dy9U4wYfAp6RbiVfy4AbPXefYT3t7ehW3vQTjcDg5STWsyS8rEWHZYu81RJ5nmejl,A4,Flood / stormwater / wastewater / sewer,B6,Institutional promotion / community news,Institutional / community communication
1944559882363749,964,U02,2021,German,https://www.facebook.com/HamburgWasser/posts/pfbid02VGNLWC7ZpA2zdye4wmmrpKYSn8Aq1sSW9p79CK8kTXh65ju6v4cTUsvLx38nTesal,A3,Water conservation / drought / demand management,B5,Education / awareness,Education / awareness
660077279480703,965,U04,2023,Norwegian,https://www.facebook.com/Oslovann/posts/pfbid0yBC3HZT2U5dVx6r5npkDzn6Gpy1ahYHXF1QTAohwABFpWS5M9Pxm68ik54FFTjNPl,A4,Flood / stormwater / wastewater / sewer,B5,Education / awareness,Education / awareness
763064659197900,966,U03,2023,Portuguese,https://www.facebook.com/EPALaguaslivres/posts/pfbid0MZGEmh8QW4oAGRhwAicZMdLAdZmqhAdAuuZ86HfcKddVqQxqtYNRehpcNj4VymBLl,A3,Water conservation / drought / demand management,B5,Education / awareness,Education / awareness
1281649550665869,967,U01,2025,Finnish,https://www.facebook.com/helsinginseudunymparistopalvelut/posts/pfbid0UoHX39qd1VZ9PZ8x7QbGpJA74wqDGpgnVtQ4nvW9ZjQqFRJoFHSTmJytdBpN2aa8l,A7,Routine / institutional / customer service / other,B6,Institutional promotion / community news,Institutional / community communication
10157574958211714,968,U10,2020,Swedish,https://www.facebook.com/stockholmvattenochavfall/posts/pfbid0GDS9kiwniatwjb81mtwELUS2QHLVimnmzccokLjyteC133rDGMqSwDyn6jf1EYY4l,A6,Public education / heritage / community engagement,B6,Institutional promotion / community news,Institutional / community communication
783742008780129,969,U09,2020,Italian,https://www.facebook.com/abcacquabenecomunenapoli/posts/pfbid02jUo7J8cE5Rpa49zfhA56Pa9L9hQYFownFQXiPYFE1FXKBtcqVhjDdUDNR9Hxp4qSl,A2,Service disruption / repair / infrastructure,B1,Alert / warning,Risk / incident communication
5863036573719940,970,U03,2022,Portuguese,https://www.facebook.com/EPALaguaslivres/posts/pfbid0YPmWFHGV7A69DTU6SLg6X2KxcSfAocG9WyYX4LDkSjHimmRhxbMQbXx1YfurT5kTl,A1,Water quality / safety / public health,B5,Education / awareness,Education / awareness
1117878248699835,971,U09,2021,Italian,https://www.facebook.com/abcacquabenecomunenapoli/posts/pfbid0A1v1ZYMiXK6PSkEQxenNgv7fuFBwee3zA6ovcTfMDFdSQy2MCSEMMMxMwxb1AyYKl,A2,Service disruption / repair / infrastructure,B1,Alert / warning,Risk / incident communication
2107112136108522,972,U02,2021,German,https://www.facebook.com/HamburgWasser/posts/pfbid02LbM5Jhodk35cPJ16LGpwd8WyXuLC2hGR9f1agHe5ZSnxwxRZDniYPyYShtY5DfRFl,A7,Routine / institutional / customer service / other,B6,Institutional promotion / community news,Institutional / community communication
1356958910994418,973,U03,2016,Portuguese,https://www.facebook.com/photo/?fbid=1356958910994418&set=a.1356252384398404,A7,Routine / institutional / customer service / other,B6,Institutional promotion / community news,Institutional / community communication
1841656532524651,974,U03,2018,Portuguese,https://www.facebook.com/EPALaguaslivres/posts/pfbid0K2hnUwuxUAMFpakQY8ZPfpCziNt4uK18SkVGpd5suM1badoTjqcHgCexvCAN3E2Vl,A6,Public education / heritage / community engagement,B6,Institutional promotion / community news,Institutional / community communication
10155249101091714,975,U10,2018,Swedish,https://www.facebook.com/photo/?fbid=10155249101091714&set=a.10155210591496714,A5,Environmental sustainability / waste / recycling / biodiversity,B6,Institutional promotion / community news,Institutional / community communication
931601797327482,976,U09,2020,Italian,https://www.facebook.com/abcacquabenecomunenapoli/posts/pfbid02s3btqgmn6uah8PmJDm4GiWwybyPZvZFEwWQ6DCwnEWUgMQum4oiqJZyKuAHbjoJal,A2,Service disruption / repair / infrastructure,B1,Alert / warning,Risk / incident communication
1828807377272334,977,U02,2020,German,https://www.facebook.com/HamburgWasser/posts/pfbid02cWPcmepnKksCX5XtDXqZaYqfAkS4kBgrpz1Cis2CPCXuPWZjDkvPxYDvcXLxE9r7l,A5,Environmental sustainability / waste / recycling / biodiversity,B5,Education / awareness,Education / awareness
1220436590101594,978,U02,2025,German,https://www.facebook.com/HamburgWasser/posts/pfbid02h2c2KVamBDN3989SjiQ1kCWHwuF3AyK7Vvkcyp48sDoazjtDmATWGJhyH9kDNeH5l,A4,Flood / stormwater / wastewater / sewer,B5,Education / awareness,Education / awareness
1344962786976755,979,U07,2025,Dutch,https://www.facebook.com/FARYSmultiservice/posts/pfbid0XnbsYnbxLKy66cYEWFhNGtJTjfAGFn4XDKDYkB1JB7xmBmyiDp8WmPPuPqG2ncHBl,A1,Water quality / safety / public health,B5,Education / awareness,Education / awareness
3306084169415206,980,U03,2020,Portuguese,https://www.facebook.com/EPALaguaslivres/posts/pfbid0Y5rhU3VSrYymYuPQ7QFV7ZTZHKnqP37F2eGf7dSWy6bDaTpdJBvU5vxdemHHJCvPl,A7,Routine / institutional / customer service / other,B6,Institutional promotion / community news,Institutional / community communication
2337910776285603,981,U01,2019,Finnish,https://www.facebook.com/helsinginseudunymparistopalvelut/posts/pfbid02EkMm5d7C5ugq1RkM2ptnzPi6qq5RR8FnZymXW34qPc3BBaTyqbbwyY5FRt4CLDfpl,A7,Routine / institutional / customer service / other,B6,Institutional promotion / community news,Institutional / community communication
1317304775012880,982,U01,2017,Finnish,https://www.facebook.com/helsinginseudunymparistopalvelut/posts/1317304775012880,A7,Routine / institutional / customer service / other,B6,Institutional promotion / community news,Institutional / community communication
925779434165418,983,U01,2015,Finnish,https://www.facebook.com/helsinginseudunymparistopalvelut/posts/925779434165418,A7,Routine / institutional / customer service / other,B6,Institutional promotion / community news,Institutional / community communication
10156544999701714,984,U10,2019,Swedish,https://www.facebook.com/stockholmvattenochavfall/videos/780710975724319/,A5,Environmental sustainability / waste / recycling / biodiversity,B2,Instruction / advice to public,Risk / incident communication
1119220209998030,985,U09,2025,Italian,https://www.facebook.com/abcacquabenecomunenapoli/posts/pfbid0bTLtgpU2duZETkS9NhfVRNPLReNVLeZmpHCYF7UYmo4oE1zpMUMyrwXGWPSqK2VJl,A2,Service disruption / repair / infrastructure,B1,Alert / warning,Risk / incident communication
1036837504902968,986,U09,2024,Italian,https://www.facebook.com/abcacquabenecomunenapoli/posts/pfbid02FneFpjMtPGPCo6yqdwAiwr4WYhHm5ThjgFqNnapnSFZGVGHL3m41Wmoa9ArTisgvl,A2,Service disruption / repair / infrastructure,B1,Alert / warning,Risk / incident communication
889340713236960,987,U03,2024,Portuguese,https://www.facebook.com/EPALaguaslivres/posts/pfbid02Lk5ovvBc1iet1PDXsFVCsYMUybo9eWdJ5wjhhZHysY8g9sVVFZBkC7tG393TUtKAl,A7,Routine / institutional / customer service / other,B7,Other / unclear,Other / unclear
4290585564351438,988,U01,2021,Finnish,https://www.facebook.com/helsinginseudunymparistopalvelut/posts/pfbid02xHyGiXDfUHa3mjMUPo2ndTETtzSAY82aoACi2xUqdDAogjqGstE6mAh17wvzqpjSl,A5,Environmental sustainability / waste / recycling / biodiversity,B5,Education / awareness,Education / awareness
1041863206301340,989,U09,2021,Italian,https://www.facebook.com/abcacquabenecomunenapoli/posts/pfbid0JXytoeREJmxNhJcXpKdkgHxc76kbwL4EpiH8ajMmVEWXyWh32vvreqDCsj7LkpSJl,A2,Service disruption / repair / infrastructure,B1,Alert / warning,Risk / incident communication
10156118364491714,990,U10,2019,Swedish,https://www.facebook.com/stockholmvattenochavfall/videos/952001995131062/,A5,Environmental sustainability / waste / recycling / biodiversity,B5,Education / awareness,Education / awareness
1414002705406230,991,U05,2019,German,https://www.facebook.com/photo/?fbid=1414002705406230&set=a.632073468958361,A6,Public education / heritage / community engagement,B5,Education / awareness,Education / awareness
680890617415305,992,U03,2023,Portuguese,https://www.facebook.com/EPALaguaslivres/posts/pfbid026jfoFGi9sa3XxQ84uVLEyPng88wj9rSZqTfLYoYK1pzGWXDsbcQR1rVfRw5TBKjql,A6,Public education / heritage / community engagement,B6,Institutional promotion / community news,Institutional / community communication
10160224409604268,993,U08,2022,French,https://www.facebook.com/eaudeparis/videos/1401415213658911/,A7,Routine / institutional / customer service / other,B2,Instruction / advice to public,Risk / incident communication
969269786483049,994,U01,2016,Finnish,https://www.facebook.com/photo/?fbid=969269786483049&set=a.476477601183072,A7,Routine / institutional / customer service / other,B6,Institutional promotion / community news,Institutional / community communication
1210477310872319,995,U09,2025,Italian,https://www.facebook.com/abcacquabenecomunenapoli/posts/pfbid0P1gZgMYC8UkAFdpR9VrUMa1SZQW33QVhvUsuhN2ZeNdmTNv84h6frC3a4qeNg4oPl,A2,Service disruption / repair / infrastructure,B1,Alert / warning,Risk / incident communication
1251488415338817,996,U09,2022,Italian,https://www.facebook.com/abcacquabenecomunenapoli/posts/pfbid02XreCgJGZ6FxdzKWNnMuPB2Y6tuN7GkCDbuJqKXucoEJxgt1kkgCpu7X6EZHHjFGul,A2,Service disruption / repair / infrastructure,B1,Alert / warning,Risk / incident communication
10159233909126714,997,U10,2023,Swedish,https://www.facebook.com/stockholmvattenochavfall/posts/pfbid02fUqKeuC24HyJrabKADV94o1xysQmREdDtMRJXXtQSzjRTbXtwnVbt3gESq97WbKJl,A3,Water conservation / drought / demand management,B5,Education / awareness,Education / awareness
663850267002278,998,U04,2014,Norwegian,https://www.facebook.com/photo/?fbid=663850267002278&set=a.485581470263619,A7,Routine / institutional / customer service / other,B5,Education / awareness,Education / awareness
1368513978401984,999,U09,2025,Italian,https://www.facebook.com/abcacquabenecomunenapoli/posts/pfbid02w4mP8P8cB2zSPSmv7F2qvdRfACvrcRaF8CJcm3nnxLsto5NB12zxSH6NT2KmLKobl,A2,Service disruption / repair / infrastructure,B1,Alert / warning,Risk / incident communication
1089192456579791,1000,U05,2025,German,https://www.facebook.com/wasserbetriebe/posts/pfbid02Ai6vxuCcjSa9EgGfv3M1yRQpFHPdpAEgoLSsZbuNMTCo1R5ujf5ZoQjbPZm4m6m8l,A4,Flood / stormwater / wastewater / sewer,B5,Education / awareness,Education / awareness
819150087061258,1001,U11,2024,Finnish,https://www.facebook.com/tampereenvesi/posts/pfbid02u9hWpGZp28fTwMPRMptbCbzFEZhxFqcbBBNYjgaFphfo9bm8Z2zjNG8TpUyPoN4Pl,A7,Routine / institutional / customer service / other,B6,Institutional promotion / community news,Institutional / community communication
983369323972666,1002,U11,2025,Finnish,https://www.facebook.com/tampereenvesi/posts/pfbid0ATuYfmz5UZnoD4htJGgTeMRiiZm1wXsN9WftZd3JTy8Ma3LCDRznbkD4oLQE4X1Tl,A7,Routine / institutional / customer service / other,B6,Institutional promotion / community news,Institutional / community communication
1173357989818527,1003,U09,2021,Italian,https://www.facebook.com/abcacquabenecomunenapoli/posts/pfbid0253P2isSzLcxwPLdXpSrMJE39GqGkd4ZEjYtL3v2CNxEi3nwkB3xTsMqK8b3XYJoKl,A2,Service disruption / repair / infrastructure,B1,Alert / warning,Risk / incident communication
1019520525202275,1004,U09,2021,Italian,https://www.facebook.com/abcacquabenecomunenapoli/posts/pfbid0YrxiZkCNGjsZAtk7KzwCD5LbVwbGBjU1zVBkHgocFa9gE2etUHrkksKBWwf67zq8l,A2,Service disruption / repair / infrastructure,B1,Alert / warning,Risk / incident communication
1371427335022967,1005,U05,2026,German,https://www.facebook.com/wasserbetriebe/posts/pfbid02YbtWqKWCtFTFFx1CfQr4FWu7TZ4ZbE1CaHCLL35JB9Xte5gQ3MXLxDcq7qNrevGzl,A6,Public education / heritage / community engagement,B5,Education / awareness,Education / awareness
886448770179122,1006,U08,2024,French,https://www.facebook.com/eaudeparis/videos/992693522500106/,A3,Water conservation / drought / demand management,B6,Institutional promotion / community news,Institutional / community communication
2258375280852772,1007,U03,2019,Portuguese,https://www.facebook.com/EPALaguaslivres/posts/pfbid02B6ASHqf6G8H4YoHtAAXtRseNTXWooEXhx1WrpqFjf9Z5MygvMnCCw2Q57Vh513Fbl,A6,Public education / heritage / community engagement,B5,Education / awareness,Education / awareness
5058697477540239,1008,U01,2022,Finnish,https://www.facebook.com/helsinginseudunymparistopalvelut/posts/pfbid037g4AQyfkmZjUyTM8FUiREH1UHv8eC4xzfFGsKQGicv1R9zgvUWuS7sWrioAsW8wsl,A4,Flood / stormwater / wastewater / sewer,B2,Instruction / advice to public,Risk / incident communication
1532300670590922,1009,U09,2023,Italian,https://www.facebook.com/abcacquabenecomunenapoli/posts/pfbid02QHBSGmDTLDmx9ew1HvUe5XmW79U5RTCsV4eDEo3w8Zw7aLHqLXRMZ6QBLB4jaN2Pl,A2,Service disruption / repair / infrastructure,B1,Alert / warning,Risk / incident communication
4745050558904934,1010,U01,2022,Finnish,https://www.facebook.com/helsinginseudunymparistopalvelut/posts/pfbid05ju5DHMYCKo73H5yVVnTGMck8Hp9sDuqKzRhLhEUxUjGDxfGh9H6hfZXpJnVEBQrl,A4,Flood / stormwater / wastewater / sewer,B2,Instruction / advice to public,Risk / incident communication
10158045179319268,1011,U08,2019,French,https://www.facebook.com/eaudeparis/videos/709914826168246/,A7,Routine / institutional / customer service / other,B5,Education / awareness,Education / awareness
595180243955151,1012,U05,2015,German,https://www.facebook.com/photo/?fbid=595180243955151&set=a.632073468958361,A2,Service disruption / repair / infrastructure,B6,Institutional promotion / community news,Institutional / community communication
692167340806915,1013,U03,2014,Portuguese,https://www.facebook.com/photo/?fbid=692167340806915&set=a.653490278007955,A7,Routine / institutional / customer service / other,B6,Institutional promotion / community news,Institutional / community communication
5932542550102675,1014,U03,2022,Portuguese,https://www.facebook.com/EPALaguaslivres/posts/pfbid0s9wLWfSsP8LiSDd61YQ3cn2TzkjFRvswFouHMFz4CXyMd7ikUt6qnoRzZh4vEtqFl,A6,Public education / heritage / community engagement,B6,Institutional promotion / community news,Institutional / community communication
1182058962281763,1015,U09,2021,Italian,https://www.facebook.com/abcacquabenecomunenapoli/posts/pfbid02XvaETbSSWbUA2vUTjkT4Kws8zNwtgiK5hnpVFFvpFYpLPqLhZRkDPSANNEZPC6r8l,A2,Service disruption / repair / infrastructure,B1,Alert / warning,Risk / incident communication
2049236841896052,1016,U02,2021,German,https://www.facebook.com/HamburgWasser/videos/367824861589556/,A7,Routine / institutional / customer service / other,B6,Institutional promotion / community news,Institutional / community communication
3952198148137135,1017,U03,2021,Portuguese,https://www.facebook.com/EPALaguaslivres/videos/266823635050330/,A3,Water conservation / drought / demand management,B5,Education / awareness,Education / awareness
502829823104324,1018,U04,2013,Norwegian,https://www.facebook.com/Oslovann/posts/502829823104324,A4,Flood / stormwater / wastewater / sewer,B5,Education / awareness,Education / awareness
4737074156316193,1019,U03,2021,Portuguese,https://www.facebook.com/EPALaguaslivres/posts/pfbid02jjsE86m8C4792quAwpoBgh1QnLbWDRikV25G4ZVgeEXW34FHkyu4DueJoFGZRjqRl,A6,Public education / heritage / community engagement,B6,Institutional promotion / community news,Institutional / community communication
957670574309637,1020,U01,2016,Finnish,https://www.facebook.com/photo/?fbid=957670574309637&set=a.957670564309638,A7,Routine / institutional / customer service / other,B5,Education / awareness,Education / awareness
2216338761852525,1021,U02,2022,German,https://www.facebook.com/HamburgWasser/posts/pfbid02wNgBucueRhpgAaNRB7mhRBzGZrjFuozPw8bi7gN5LLcRXTatZdNB61LZWTuuEGHKl,A6,Public education / heritage / community engagement,B5,Education / awareness,Education / awareness
1044057022284610,1022,U03,2015,Portuguese,https://www.facebook.com/EPALaguaslivres/posts/1044057022284610,A6,Public education / heritage / community engagement,B5,Education / awareness,Education / awareness
416449181761878,1023,U03,2012,Portuguese,https://www.facebook.com/EPALaguaslivres/posts/416449181761878,A6,Public education / heritage / community engagement,B5,Education / awareness,Education / awareness
10157328676019268,1024,U08,2019,French,https://www.facebook.com/eaudeparis/posts/pfbid02SRF58zbRxWXACJkEXzktUEUumDFA2NwmVPG9mfMzG7kqq7dPa13xn9SV3bai2qztl,A6,Public education / heritage / community engagement,B6,Institutional promotion / community news,Institutional / community communication
3209308462426111,1025,U03,2020,Portuguese,https://www.facebook.com/EPALaguaslivres/posts/pfbid0hPMZ5zF1ABy2DdqkPL6bCNSSbHQofQx5unM1Us8hNzakxgRZZT7zuqSp334JuWB1l,A7,Routine / institutional / customer service / other,B2,Instruction / advice to public,Risk / incident communication
334632580357743,1026,U09,2018,Italian,https://www.facebook.com/abcacquabenecomunenapoli/posts/pfbid02FmzE6HC8yYzCx6n5duQW4iLfiofJmQtD1ZpPzDHtwCGvWKcYR1eCJZk2kdAh6rhSl,A2,Service disruption / repair / infrastructure,B1,Alert / warning,Risk / incident communication
2790315954325366,1027,U03,2019,Portuguese,https://www.facebook.com/EPALaguaslivres/posts/pfbid02Y1badgWyNs7P9bGMLG5ZjMr5RDBGFv6Uph4s9oNzZusxD3fAHuYUzx7vqGCs9cL3l,A6,Public education / heritage / community engagement,B6,Institutional promotion / community news,Institutional / community communication
1154559160041576,1028,U01,2025,Finnish,https://www.facebook.com/helsinginseudunymparistopalvelut/posts/pfbid0tCL9CjpEmXUz4sHgkkDVSTqeThTCYDT3nL67j2ntq5jM2nvoUGQNjL9kYREETYSpl,A7,Routine / institutional / customer service / other,B5,Education / awareness,Education / awareness
772405608263805,1029,U03,2023,Portuguese,https://www.facebook.com/EPALaguaslivres/posts/pfbid02XtVrkWTd2nXHk5PnnjXtznPrCA4ydRM6dcXt6Yi1BuLrgdomdhLfjxFu3AzC266dl,A7,Routine / institutional / customer service / other,B2,Instruction / advice to public,Risk / incident communication
5852350324788565,1030,U03,2022,Portuguese,https://www.facebook.com/EPALaguaslivres/videos/449195154030259/,A5,Environmental sustainability / waste / recycling / biodiversity,B2,Instruction / advice to public,Risk / incident communication
1293526706109347,1031,U10,2025,Swedish,https://www.facebook.com/stockholmvattenochavfall/posts/pfbid0342QWYCzXb1wBY1NWvwDkMeHr8WxwQThdgcNjKDApFVGemHPLmajREKp8eE7dp3tRl,A6,Public education / heritage / community engagement,B6,Institutional promotion / community news,Institutional / community communication
1012703812139646,1032,U01,2016,Finnish,https://www.facebook.com/helsinginseudunymparistopalvelut/posts/1012703812139646,A4,Flood / stormwater / wastewater / sewer,B2,Instruction / advice to public,Risk / incident communication
1645768382113468,1033,U03,2017,Portuguese,https://www.facebook.com/EPALaguaslivres/posts/pfbid02DNR8sGeAX5hS1QdXFXZ7LreCVNE5pwUjivBUx9M5MJz3KD4G6d544n3ht6oppvBnl,A7,Routine / institutional / customer service / other,B6,Institutional promotion / community news,Institutional / community communication
145633082229964,1034,U03,2012,Portuguese,https://www.facebook.com/EPALaguaslivres/posts/145633082229964,A3,Water conservation / drought / demand management,B6,Institutional promotion / community news,Institutional / community communication
1374875256333465,1035,U09,2022,Italian,https://www.facebook.com/abcacquabenecomunenapoli/posts/pfbid02z2zNNki6NeQo6UdZHP4g82RaGTg66cbsPJPwsiF8CWZqj49PA7YEHaFbZaadCDVtl,A2,Service disruption / repair / infrastructure,B1,Alert / warning,Risk / incident communication
1078112201019606,1036,U01,2025,Finnish,https://www.facebook.com/helsinginseudunymparistopalvelut/posts/pfbid02b21GyLq3z2BProFicwpH3cktgyiMBgdMJt6P2b2JafU9WJkb8A9TVSLKuYxuDgkGl,A4,Flood / stormwater / wastewater / sewer,B5,Education / awareness,Education / awareness
10158815892056714,1037,U10,2022,Swedish,https://www.facebook.com/stockholmvattenochavfall/videos/1183212115640817/,A3,Water conservation / drought / demand management,B5,Education / awareness,Education / awareness
10160267893204268,1038,U08,2022,French,https://www.facebook.com/photo/?fbid=10160267893204268&set=a.643560364467965,A7,Routine / institutional / customer service / other,B6,Institutional promotion / community news,Institutional / community communication
2580174572122365,1039,U05,2022,German,https://www.facebook.com/wasserbetriebe/videos/693136162234420/,A4,Flood / stormwater / wastewater / sewer,B5,Education / awareness,Education / awareness
1020295790134581,1040,U01,2025,Finnish,https://www.facebook.com/helsinginseudunymparistopalvelut/posts/pfbid02XWsgxP2FDSeQT4CCN3QWu2mk3VQRay3xref8ijzb2Jf3AFL9MfAWYc4T7UsPMKAMl,A5,Environmental sustainability / waste / recycling / biodiversity,B5,Education / awareness,Education / awareness
1057722490918063,1041,U03,2015,Portuguese,https://www.facebook.com/photo/?fbid=1057722490918063&set=a.636558505181850,A3,Water conservation / drought / demand management,B5,Education / awareness,Education / awareness
1085192151557478,1042,U01,2016,Finnish,https://www.facebook.com/helsinginseudunymparistopalvelut/posts/1085192151557478,A6,Public education / heritage / community engagement,B6,Institutional promotion / community news,Institutional / community communication
3523197037702670,1043,U07,2020,Dutch,https://www.facebook.com/FARYSmultiservice/videos/770826620435300/,A7,Routine / institutional / customer service / other,B6,Institutional promotion / community news,Institutional / community communication
10159199598281714,1044,U10,2023,Swedish,https://www.facebook.com/stockholmvattenochavfall/posts/pfbid02sEXHgic96qGwAEKY1N3qrUPt9BCj8AC4fJa2ixrJwYHGCeBVZaNbaUB4myVUPxLDl,A4,Flood / stormwater / wastewater / sewer,B5,Education / awareness,Education / awareness
655152901175026,1045,U03,2013,Portuguese,https://www.facebook.com/photo/?fbid=655152901175026&set=a.655152867841696,A7,Routine / institutional / customer service / other,B6,Institutional promotion / community news,Institutional / community communication
2648451201898224,1046,U01,2019,Finnish,https://www.facebook.com/helsinginseudunymparistopalvelut/posts/pfbid02LrkCHHDreMZ2N1GMHzWSgE352Uhw1Nn3ggmDqtEfw1QCGpDyj1HN8TFQBm8ArzjVl,A5,Environmental sustainability / waste / recycling / biodiversity,B5,Education / awareness,Education / awareness
10159226792046714,1047,U10,2023,Swedish,https://www.facebook.com/stockholmvattenochavfall/posts/pfbid0dDZgzWu5bAHfh3xTqrZKjSeFYsqXX8TjPtQWeBtaea73HgnSnx5bunxEMisJTEgHl,A2,Service disruption / repair / infrastructure,B5,Education / awareness,Education / awareness
1343695342351097,1048,U04,2017,Norwegian,https://www.facebook.com/Oslovann/posts/1343695342351097,A7,Routine / institutional / customer service / other,B7,Other / unclear,Other / unclear
4049432795080336,1049,U03,2021,Portuguese,https://www.facebook.com/EPALaguaslivres/posts/pfbid02U4N88HL2jLZDYQhTUgbQChrdQhp1hN3oJdKRqHCPptFNrdqnfaJPTeCwPVQKUpyhl,A2,Service disruption / repair / infrastructure,B6,Institutional promotion / community news,Institutional / community communication
10159280944271714,1050,U10,2023,Swedish,https://www.facebook.com/stockholmvattenochavfall/posts/pfbid0wR5aN4mkSdeqCKaZLdTi57EmRzpD9v11D424jVryDJ1BzG68aRY4pS3ZiKkj1aSVl,A3,Water conservation / drought / demand management,B2,Instruction / advice to public,Risk / incident communication
4253545031334530,1051,U07,2021,Dutch,https://www.facebook.com/FARYSmultiservice/posts/pfbid0xA7FBv8xDp9YMyHZp19J2jk5enXyfWdmTobKM4UPivjX6tUi8S7Bbdo2mVU2kEK3l,A7,Routine / institutional / customer service / other,B6,Institutional promotion / community news,Institutional / community communication
3184126458277645,1052,U03,2020,Portuguese,https://www.facebook.com/EPALaguaslivres/videos/274282197035693/,A7,Routine / institutional / customer service / other,B6,Institutional promotion / community news,Institutional / community communication
660096416122506,1053,U12,2023,Finnish,https://www.facebook.com/turunvesihuolto/posts/pfbid0sMJ6KjwRvzk45tUQEHGqBDrnJvfAd9dsQ32kFZ67tofBfvEouvSuvVNvMUP8mkmyl,A3,Water conservation / drought / demand management,B6,Institutional promotion / community news,Institutional / community communication
1310586219429036,1054,U09,2022,Italian,https://www.facebook.com/abcacquabenecomunenapoli/posts/pfbid0Kov8xrNep7sAG2t3PDuRoD7oj8coZq3SKFvNBNXuE5FSzh4LJoiZM8H7Zf4RuikYl,A2,Service disruption / repair / infrastructure,B1,Alert / warning,Risk / incident communication
4148170731926256,1055,U01,2021,Finnish,https://www.facebook.com/helsinginseudunymparistopalvelut/posts/pfbid0AGso1JkqiDXz7VxV2RCTuDoj4h9USTTMsSrt1oHMRy6Px6HFjvDopBjdG5EBCkHTl,A3,Water conservation / drought / demand management,B5,Education / awareness,Education / awareness
1552700185217637,1056,U09,2023,Italian,https://www.facebook.com/abcacquabenecomunenapoli/posts/pfbid0CGkNALXiiBoHPDgR2WL59HWyqH7gDST5zdJAJoNutcUC7CYKh3FnQQkiKF4RMh7Ml,A2,Service disruption / repair / infrastructure,B1,Alert / warning,Risk / incident communication
782015628952767,1057,U09,2020,Italian,https://www.facebook.com/abcacquabenecomunenapoli/posts/pfbid028oN4oPu9N9hj2rMRNAFzeetRJNsaRXf92BbDUSEv8MHVdLW7mhfkWpXqPrmPfPoql,A2,Service disruption / repair / infrastructure,B1,Alert / warning,Risk / incident communication
1070590700095257,1058,U09,2021,Italian,https://www.facebook.com/abcacquabenecomunenapoli/posts/pfbid02amNX7RLMRSCMARoFWtJmfZRTFnupT6HUnqS2pdXZKciH4u7tbcKL4M3CmgrVy8jul,A7,Routine / institutional / customer service / other,B6,Institutional promotion / community news,Institutional / community communication
10157482009919268,1059,U08,2019,French,https://www.facebook.com/eaudeparis/posts/pfbid02mUZNWCGRzCxLzhWMNSM3VBhqqbsJiZRNyrVs5TL5WDtLwPys887Ac22XhV74W7g6l,A6,Public education / heritage / community engagement,B6,Institutional promotion / community news,Institutional / community communication
2198418073804903,1060,U12,2019,Finnish,https://www.facebook.com/turunvesihuolto/posts/pfbid02kvETCCs9C15y3sctakf83dZAnAQTW1kDstvptMmnATyQyYAnw6Rbn1CLtkDvaubJl,A7,Routine / institutional / customer service / other,B5,Education / awareness,Education / awareness
1086185016880535,1061,U05,2025,German,https://www.facebook.com/reel/986843300092630/,A4,Flood / stormwater / wastewater / sewer,B5,Education / awareness,Education / awareness
458169227570444,1062,U03,2013,Portuguese,https://www.facebook.com/EPALaguaslivres/posts/458169227570444,A3,Water conservation / drought / demand management,B5,Education / awareness,Education / awareness
3846946318715367,1063,U01,2021,Finnish,https://www.facebook.com/helsinginseudunymparistopalvelut/posts/pfbid0VcntZK9arDNAx6wDpwnQCzoJTL3TvucTMRzo15avVoNiB5t21R1ecDDXfC2aXMn9l,A1,Water quality / safety / public health,B5,Education / awareness,Education / awareness
3706605009363118,1064,U03,2020,Portuguese,https://www.facebook.com/EPALaguaslivres/posts/pfbid0oxHDk8Q19wckUju1GCpDfca8GkDQHFMkDKu4poz1J5pLUAXyqx1M7TkJkP6fpKvNl,A3,Water conservation / drought / demand management,B6,Institutional promotion / community news,Institutional / community communication
370727126334045,1065,U03,2012,Portuguese,https://www.facebook.com/EPALaguaslivres/posts/370727126334045,A6,Public education / heritage / community engagement,B5,Education / awareness,Education / awareness
1141009893053337,1066,U09,2021,Italian,https://www.facebook.com/abcacquabenecomunenapoli/posts/pfbid02G2jNCsip9HHWfA172bejZzXYsmmpZwMHNcvLpaKHuAL1rEAhNWcjCnaLbHjKxmg9l,A2,Service disruption / repair / infrastructure,B1,Alert / warning,Risk / incident communication
515569517264814,1067,U04,2022,Norwegian,https://www.facebook.com/Oslovann/posts/pfbid0iYjmiGZ3oWXwVoaLBUpxPNMudEi9zrSKPM2H65vAuzWP1GyXqhTgazTxcXEN26tMl,A2,Service disruption / repair / infrastructure,B5,Education / awareness,Education / awareness
1325549974135312,1068,U03,2016,Portuguese,https://www.facebook.com/photo/?fbid=1325549974135312&set=a.636558505181850,A7,Routine / institutional / customer service / other,B6,Institutional promotion / community news,Institutional / community communication
3595751513834850,1069,U01,2020,Finnish,https://www.facebook.com/helsinginseudunymparistopalvelut/posts/pfbid02LG1wz4rdGCLzzGdg6w9V9u4GM6Vj9NPvj6ptdGcYCYisxc3mjyQMSnLQ2XUjFszZl,A5,Environmental sustainability / waste / recycling / biodiversity,B5,Education / awareness,Education / awareness
1055949156325136,1070,U09,2024,Italian,https://www.facebook.com/abcacquabenecomunenapoli/posts/pfbid0T5FRpk9ATkkMC6aWnYkpHHUiqZ9f6RRQExi17bxFdAya3no1YDGW6G6zSuVtk1Xxl,A2,Service disruption / repair / infrastructure,B1,Alert / warning,Risk / incident communication
1540555238073158,1071,U10,2026,Swedish,https://www.facebook.com/reel/1406723404539805/,A5,Environmental sustainability / waste / recycling / biodiversity,B6,Institutional promotion / community news,Institutional / community communication
695689915921676,1072,U08,2023,French,https://www.facebook.com/eaudeparis/videos/282039531229127/,A1,Water quality / safety / public health,B2,Instruction / advice to public,Risk / incident communication
3826278367395781,1073,U03,2020,Portuguese,https://www.facebook.com/EPALaguaslivres/posts/pfbid0EEKvH7TLDVYoNQ3tBd5BRzhg27LPWiQ6wvHRuYp9MDKcwLvVLtTH5TpasX7LQKyLl,A7,Routine / institutional / customer service / other,B6,Institutional promotion / community news,Institutional / community communication
819705664719748,1074,U03,2014,Portuguese,https://www.facebook.com/EPALaguaslivres/posts/pfbid0yNz8dSxgjUCbeiEr7NBwrTdqMqMoUfvfBRmG1UbNFtHxPZHi283TuzeysonJ3wqol,A3,Water conservation / drought / demand management,B6,Institutional promotion / community news,Institutional / community communication
1309321029144588,1075,U01,2017,Finnish,https://www.facebook.com/helsinginseudunymparistopalvelut/posts/1309321029144588,A5,Environmental sustainability / waste / recycling / biodiversity,B5,Education / awareness,Education / awareness
1002267423128990,1076,U07,2015,Dutch,https://www.facebook.com/FARYSmultiservice/posts/pfbid02K9ukqsBpUBMH6B7eV4YQXiY5VgfVkByBWA8DCBb93SQNJA5V4v1mbxEz867P4VeMl,A2,Service disruption / repair / infrastructure,B3,Operational update / resolution,Risk / incident communication
1133234700497523,1077,U09,2021,Italian,https://www.facebook.com/abcacquabenecomunenapoli/posts/pfbid0T3PkKJJzgYX5ro3vdqNt5BjgjZn1RdHc2BmXjekFNJJJALVLjSS5LGZTuvEqdDmal,A2,Service disruption / repair / infrastructure,B1,Alert / warning,Risk / incident communication
1507339754519405,1078,U09,2026,Italian,https://www.facebook.com/abcacquabenecomunenapoli/posts/pfbid02krX6BKCodGsFU1DoMXkdm3KUjKrJBWSuwjgEWEfhhRfD4hqFpzG3QvXkRpH5oCpel,A2,Service disruption / repair / infrastructure,B1,Alert / warning,Risk / incident communication
4418006124889666,1079,U03,2021,Portuguese,https://www.facebook.com/EPALaguaslivres/posts/pfbid0hvNToYazpHGgtFALySyHgxMBHuzzwLSMi7NhggVKN3XEWxLb9VXXLjWKMicquVSXl,A7,Routine / institutional / customer service / other,B5,Education / awareness,Education / awareness
1381137298629627,1080,U01,2017,Finnish,https://www.facebook.com/helsinginseudunymparistopalvelut/posts/1381137298629627,A2,Service disruption / repair / infrastructure,B6,Institutional promotion / community news,Institutional / community communication
400249368773880,1081,U12,2022,Finnish,https://www.facebook.com/turunvesihuolto/posts/pfbid0hXeycdEyZJ17UCK7gg9dFfZWb6HqrhidoUBXuB9TfaBH8ppUtpvE1gvEfJFW1BCrl,A2,Service disruption / repair / infrastructure,B1,Alert / warning,Risk / incident communication
680269402049757,1082,U01,2014,Finnish,https://www.facebook.com/helsinginseudunymparistopalvelut/posts/680269402049757,A7,Routine / institutional / customer service / other,B5,Education / awareness,Education / awareness
814985618989101,1083,U09,2020,Italian,https://www.facebook.com/abcacquabenecomunenapoli/posts/pfbid02UWaKzvTwYB5jVqmP1SnkYFKJ6CpXNdt8W9eAy36WA5APnMxABfjiYvtM8xMEJ4iXl,A2,Service disruption / repair / infrastructure,B1,Alert / warning,Risk / incident communication
5161056167251321,1084,U03,2022,Portuguese,https://www.facebook.com/EPALaguaslivres/videos/1362348670875354/,A3,Water conservation / drought / demand management,B6,Institutional promotion / community news,Institutional / community communication
2620134451633261,1085,U12,2020,Finnish,https://www.facebook.com/turunvesihuolto/posts/pfbid0DHqBhDUtoE6SghEtJKyCoFN1vSMksBvJzYa7crnMVBfzWSwqKAbFNsdx8ZyfHpbnl,A6,Public education / heritage / community engagement,B6,Institutional promotion / community news,Institutional / community communication
3083261898417150,1086,U01,2020,Finnish,https://www.facebook.com/helsinginseudunymparistopalvelut/posts/pfbid0v14bsry1EnTSXxGkLMfsMhSyXA5woXM7jvaz3kjBCJf4LJ46i8vWNLesPJuEccdhl,A5,Environmental sustainability / waste / recycling / biodiversity,B6,Institutional promotion / community news,Institutional / community communication
1764245627048601,1087,U05,2020,German,https://www.facebook.com/wasserbetriebe/posts/pfbid0ctnBiRSk59znsfk4imWamyrJ5gMT3aAMyHNJsfm3mNRFoR3eBgPctLwwcQznUi31l,A7,Routine / institutional / customer service / other,B6,Institutional promotion / community news,Institutional / community communication
1985462018144101,1088,U03,2018,Portuguese,https://www.facebook.com/EPALaguaslivres/posts/pfbid0gDePBZwqQmwqH5oW6EALaZbtnj9Au2xvpg7qXiHCyHgQ93kHvT7VQKftjt79hUd3l,A1,Water quality / safety / public health,B5,Education / awareness,Education / awareness
10153798790456714,1089,U10,2016,Swedish,https://www.facebook.com/stockholmvattenochavfall/posts/10153798790456714,A5,Environmental sustainability / waste / recycling / biodiversity,B2,Instruction / advice to public,Risk / incident communication
895682960508399,1090,U01,2015,Finnish,https://www.facebook.com/helsinginseudunymparistopalvelut/posts/895682960508399,A5,Environmental sustainability / waste / recycling / biodiversity,B2,Instruction / advice to public,Risk / incident communication
2499371723472840,1091,U01,2019,Finnish,https://www.facebook.com/helsinginseudunymparistopalvelut/posts/pfbid0SgXtmMWwXKauh1VvH5pAGaxnA5GhCwRfoss4qL1D3wiUvBXEkef9uhggUVYkbLhsl,A4,Flood / stormwater / wastewater / sewer,B5,Education / awareness,Education / awareness
10159242106491714,1092,U10,2023,Swedish,https://www.facebook.com/stockholmvattenochavfall/posts/pfbid0evwmui4tZqCT4juEcxTQfb3S4scRK18Q7ScG6jfP5AQBzjfqByA3Aq3QKBsuGBjyl,A5,Environmental sustainability / waste / recycling / biodiversity,B6,Institutional promotion / community news,Institutional / community communication
852702344753413,1093,U03,2014,Portuguese,https://www.facebook.com/EPALaguaslivres/posts/852702344753413,A7,Routine / institutional / customer service / other,B6,Institutional promotion / community news,Institutional / community communication
3105531389470486,1094,U03,2020,Portuguese,https://www.facebook.com/EPALaguaslivres/posts/pfbid02UVNgDvoXAVBsoiRYZ87p36Lfj6WoZ4pfniZqkwjusR5uAQqTDFiqPSd5rf6xMU2tl,A7,Routine / institutional / customer service / other,B6,Institutional promotion / community news,Institutional / community communication
2933271950028518,1095,U07,2020,Dutch,https://www.facebook.com/FARYSmultiservice/posts/pfbid0aVY6e2A6QCEJd1HnMgkY3hFpfrdp8t1wwsbJnNnn95oBSq1bBR1mRvGzZBUCMd9cl,A7,Routine / institutional / customer service / other,B6,Institutional promotion / community news,Institutional / community communication
778193808870934,1096,U03,2014,Portuguese,https://www.facebook.com/EPALaguaslivres/posts/778193808870934,A3,Water conservation / drought / demand management,B6,Institutional promotion / community news,Institutional / community communication
2913782632031745,1097,U01,2020,Finnish,https://www.facebook.com/helsinginseudunymparistopalvelut/posts/pfbid0FkTcCfXTQa31bktFz4MgeHLVJCcvsxoVdxo1SGCPvSErue2gqNxSM4fLaFbaew7dl,A5,Environmental sustainability / waste / recycling / biodiversity,B2,Instruction / advice to public,Risk / incident communication
1344657535610937,1098,U01,2017,Finnish,https://www.facebook.com/helsinginseudunymparistopalvelut/posts/1344657535610937,A6,Public education / heritage / community engagement,B5,Education / awareness,Education / awareness
4246199142070366,1099,U03,2021,Portuguese,https://www.facebook.com/EPALaguaslivres/posts/pfbid0R8DYcyzRbizNhacsLC34WEmFs8BE2LdH8SJKTqGfynEA8QywHzNEYakZ9UTjr9acl,A7,Routine / institutional / customer service / other,B6,Institutional promotion / community news,Institutional / community communication
1342697312473626,1100,U01,2017,Finnish,https://www.facebook.com/photo/?fbid=1342697312473626&set=a.476477601183072,A7,Routine / institutional / customer service / other,B5,Education / awareness,Education / awareness
1473250404820210,1101,U02,2026,German,https://www.facebook.com/reel/4421389421478817/,A7,Routine / institutional / customer service / other,B6,Institutional promotion / community news,Institutional / community communication
1387743396032027,1102,U07,2025,Dutch,https://www.facebook.com/FARYSmultiservice/posts/pfbid0Vb3ZsJiHqQBTbbUx5aweoX4z2NHRzNw36EZdBdZzuDi6NVFhjEwkHuhqgvkXPrrLl,A3,Water conservation / drought / demand management,B5,Education / awareness,Education / awareness
1481673325653657,1103,U09,2023,Italian,https://www.facebook.com/abcacquabenecomunenapoli/posts/pfbid02FTrkYduYsDGsCYJ75vCt3tCwVEvgfB74c4ibQWGcrWzYgseE1Ku2A81oRUGAm4wWl,A2,Service disruption / repair / infrastructure,B1,Alert / warning,Risk / incident communication
1410986255721117,1104,U02,2019,German,https://www.facebook.com/HamburgWasser/posts/pfbid0kwsXQU5vYj5dMh3ohekcQCxPZgZMGdpDgCVpMsyPbP7imxpyUo9g8gYt3dkwYrthl,A4,Flood / stormwater / wastewater / sewer,B5,Education / awareness,Education / awareness
988187108001036,1105,U02,2018,German,https://www.facebook.com/HamburgWasser/videos/988187108001036/,A6,Public education / heritage / community engagement,B5,Education / awareness,Education / awareness
1285751040011612,1106,U09,2025,Italian,https://www.facebook.com/abcacquabenecomunenapoli/posts/pfbid0o2mUApaSFdGqAHBk19uHXp6SosHyNrL4Mc4AaWrv18xTgxZW6fqZfr52LqnEurGal,A7,Routine / institutional / customer service / other,B6,Institutional promotion / community news,Institutional / community communication
628131023877214,1107,U03,2013,Portuguese,https://www.facebook.com/photo/?fbid=628131023877214&set=a.636558505181850,A3,Water conservation / drought / demand management,B5,Education / awareness,Education / awareness
1561749640515343,1108,U03,2017,Portuguese,https://www.facebook.com/EPALaguaslivres/posts/pfbid02ztnnNQWRYgfDTB2iZVwkCWX7zn9yRq6352snD8r3HZ3ymUHcmuUdMjP1o1ZtJZxMl,A3,Water conservation / drought / demand management,B5,Education / awareness,Education / awareness
1989628671350512,1109,U12,2018,Finnish,https://www.facebook.com/turunvesihuolto/posts/pfbid0558SKLRYdKcUdkbZS4st3PoovqAzxpai1LBpeF2dcPkEVMzBs7zRPRKvv2bPBdLhl,A4,Flood / stormwater / wastewater / sewer,B5,Education / awareness,Education / awareness
4052007174875946,1110,U01,2021,Finnish,https://www.facebook.com/helsinginseudunymparistopalvelut/posts/pfbid0B9fDSnM9F4b34PxbYwDjRdEFp56mXQ2mHKWQnVWpb5wTMvrN3XaXCWH5vXq1ivNyl,A7,Routine / institutional / customer service / other,B6,Institutional promotion / community news,Institutional / community communication
736484273041888,1111,U03,2014,Portuguese,https://www.facebook.com/photo/?fbid=736484273041888&set=a.636558505181850,A3,Water conservation / drought / demand management,B5,Education / awareness,Education / awareness
1138264509529280,1112,U07,2016,Dutch,https://www.facebook.com/FARYSmultiservice/posts/1138264509529280,A2,Service disruption / repair / infrastructure,B3,Operational update / resolution,Risk / incident communication
677659121064918,1113,U01,2023,Finnish,https://www.facebook.com/helsinginseudunymparistopalvelut/posts/pfbid03JoJdSEijykNS25RtovpPiBRTgU2J46SafNm8Mp9ujwNhpsNM3cBgc6JDp5Wksr7l,A4,Flood / stormwater / wastewater / sewer,B2,Instruction / advice to public,Risk / incident communication
4947185712024750,1114,U01,2022,Finnish,https://www.facebook.com/helsinginseudunymparistopalvelut/posts/pfbid029DVwqRLSNferFvevJRNdjR7impFPRLhDP7btjv6DD943aDJNbj1PCnX5oRKWPgBwl,A6,Public education / heritage / community engagement,B6,Institutional promotion / community news,Institutional / community communication
1503973651522682,1115,U09,2026,Italian,https://www.facebook.com/abcacquabenecomunenapoli/posts/pfbid0XZ4TWtf141oxtXAwWLZDwWajSwxYwgz636MbjP2oa5SVLnzhVZxk84ryqLLEzb8yl,A2,Service disruption / repair / infrastructure,B1,Alert / warning,Risk / incident communication
1332757862223248,1116,U05,2026,German,https://www.facebook.com/reel/886028604292778/,A7,Routine / institutional / customer service / other,B6,Institutional promotion / community news,Institutional / community communication
1921676137972215,1117,U05,2020,German,https://www.facebook.com/wasserbetriebe/posts/pfbid02Co7D7TSuNDgC5s8U71D8bcG1ix16HASkEvDqZ6ugKStMrJmDLhC4yo5fywH4MscNl,A4,Flood / stormwater / wastewater / sewer,B6,Institutional promotion / community news,Institutional / community communication
362217903801862,1118,U03,2012,Portuguese,https://www.facebook.com/photo/?fbid=362217903801862&set=a.636558505181850,A7,Routine / institutional / customer service / other,B6,Institutional promotion / community news,Institutional / community communication
3243561748999535,1119,U07,2020,Dutch,https://www.facebook.com/FARYSmultiservice/videos/893361024519111/,A3,Water conservation / drought / demand management,B2,Instruction / advice to public,Risk / incident communication
1719101861477108,1120,U04,2018,Norwegian,https://www.facebook.com/Oslovann/posts/pfbid023w4CFVujXk59hCLavRvrKBTwFURMprFibFQEbEQt5uy1P1yd1kL75TJMFPLCqiubl,A3,Water conservation / drought / demand management,B3,Operational update / resolution,Risk / incident communication
1110305962790397,1121,U09,2021,Italian,https://www.facebook.com/abcacquabenecomunenapoli/posts/pfbid0pS8QvaDS3hu9BYY74ztFxaNv9GyvVJkKdDGSrYZDM7AcPFHS9pBc67hvXY5QnuLkl,A2,Service disruption / repair / infrastructure,B1,Alert / warning,Risk / incident communication
1330084160348560,1122,U03,2016,Portuguese,https://www.facebook.com/photo/?fbid=1330084160348560&set=a.636558505181850,A7,Routine / institutional / customer service / other,B6,Institutional promotion / community news,Institutional / community communication
1249026255174066,1123,U01,2017,Finnish,https://www.facebook.com/helsinginseudunymparistopalvelut/posts/1249026255174066,A5,Environmental sustainability / waste / recycling / biodiversity,B2,Instruction / advice to public,Risk / incident communication
3705236209553046,1124,U01,2021,Finnish,https://www.facebook.com/helsinginseudunymparistopalvelut/posts/pfbid025MwqoKkgATFm7hbmy8uprWPSiroF8UzNVhivvevc94TNBRKMds5h3aZ4xjHo3TTul,A6,Public education / heritage / community engagement,B6,Institutional promotion / community news,Institutional / community communication
731758363544801,1125,U04,2014,Norwegian,https://www.facebook.com/Oslovann/posts/731758363544801,A3,Water conservation / drought / demand management,B2,Instruction / advice to public,Risk / incident communication
1443912176096439,1126,U09,2022,Italian,https://www.facebook.com/abcacquabenecomunenapoli/posts/pfbid0B4k9nRkBdGHkHTd6A6dtnkNtQmVsdraaBRhny5eoUYq7Zyxe5i4HXbrpuRQnLsezl,A7,Routine / institutional / customer service / other,B7,Other / unclear,Other / unclear
949917462162582,1127,U09,2020,Italian,https://www.facebook.com/abcacquabenecomunenapoli/posts/pfbid02ucg2w6M3VHmeZoRALuMMgqeHFuTuhSxytVFSQqhSk97DiSFPeyMwW99m8b5kVZRYl,A2,Service disruption / repair / infrastructure,B1,Alert / warning,Risk / incident communication
3038756129534394,1128,U01,2020,Finnish,https://www.facebook.com/helsinginseudunymparistopalvelut/posts/pfbid08J6b7YAoqCdbrcBFDbzQbdFc6EFE5V5XtrMU8bcCdMWVyDdr4dCYVb7qddWFKRGkl,A7,Routine / institutional / customer service / other,B6,Institutional promotion / community news,Institutional / community communication
789220681101580,1129,U03,2014,Portuguese,https://www.facebook.com/photo/?fbid=789220681101580&set=a.636558505181850,A7,Routine / institutional / customer service / other,B6,Institutional promotion / community news,Institutional / community communication
672125698291797,1130,U03,2023,Portuguese,https://www.facebook.com/EPALaguaslivres/posts/pfbid0cgDn8MHm9ZVtEbqfnNYbCBKf65LFHaHMXNViB5y3M6bvzhRN5CpQV2V1UkxpfDWPl,A7,Routine / institutional / customer service / other,B6,Institutional promotion / community news,Institutional / community communication
1188285794657832,1131,U02,2018,German,https://www.facebook.com/HamburgWasser/posts/pfbid02TZ6ZXy4RvjArr9jpwe4eHuW7Tv8qDtb6nHTPcJeZREfaE11fWXQTL4x64fPgtLXEl,A7,Routine / institutional / customer service / other,B6,Institutional promotion / community news,Institutional / community communication
2950811904942436,1132,U03,2020,Portuguese,https://www.facebook.com/EPALaguaslivres/posts/pfbid02ogmhv8KqtpUkYezKwbGq8jb6LzXCzuiUv8LM3FwuK7uuRQU4hw14H3XbG8ka5jqyl,A7,Routine / institutional / customer service / other,B6,Institutional promotion / community news,Institutional / community communication
990760821063756,1133,U05,2017,German,https://www.facebook.com/photo/?fbid=990760821063756&set=a.632073468958361,A2,Service disruption / repair / infrastructure,B6,Institutional promotion / community news,Institutional / community communication
10157809488334268,1134,U08,2019,French,https://www.facebook.com/photo/?fbid=10157809488334268&set=a.643560364467965,A7,Routine / institutional / customer service / other,B6,Institutional promotion / community news,Institutional / community communication
486593024697682,1135,U03,2012,Portuguese,https://www.facebook.com/photo/?fbid=486593024697682&set=a.636558505181850,A5,Environmental sustainability / waste / recycling / biodiversity,B6,Institutional promotion / community news,Institutional / community communication
1044614745615219,1136,U01,2016,Finnish,https://www.facebook.com/helsinginseudunymparistopalvelut/posts/1044614745615219,A3,Water conservation / drought / demand management,B5,Education / awareness,Education / awareness
1470544189666211,1137,U04,2017,Norwegian,https://www.facebook.com/Oslovann/posts/pfbid0369GUCD4z1AM3KeyscyoqKjfmC9LuMCyxQMsw63LHjVdvHPATECE5wpwz6VD4EJBLl,A7,Routine / institutional / customer service / other,B6,Institutional promotion / community news,Institutional / community communication
1484073645413625,1138,U09,2023,Italian,https://www.facebook.com/abcacquabenecomunenapoli/posts/pfbid027qzdieFQgWoYXBaA4DK3rF3RdvW7ki8VFyMuqxmbGmXhC9QrzAUM1XiteitZ6wVtl,A2,Service disruption / repair / infrastructure,B1,Alert / warning,Risk / incident communication
2229470604032983,1139,U12,2019,Finnish,https://www.facebook.com/turunvesihuolto/posts/pfbid0QnZNHGVtes1sdEbC95ZxHG1P6adsN8Prwa7pVQz7azbAwApSF9nLw5jNvJ71uZWcl,A6,Public education / heritage / community engagement,B6,Institutional promotion / community news,Institutional / community communication
1522476021573387,1140,U09,2023,Italian,https://www.facebook.com/abcacquabenecomunenapoli/posts/pfbid02JEWN5zm8LNHvN3sRPH31xV3sN1arvjyeMa6Ysio1x62KK3hasaFjQ4VH56CLDxLpl,A2,Service disruption / repair / infrastructure,B1,Alert / warning,Risk / incident communication
671123949694113,1141,U05,2015,German,https://www.facebook.com/photo/?fbid=671123949694113&set=a.632073468958361,A7,Routine / institutional / customer service / other,B6,Institutional promotion / community news,Institutional / community communication
1573207742733188,1142,U04,2018,Norwegian,https://www.facebook.com/Oslovann/posts/pfbid0377wusPn1q1HE2rzS2QMmfSEUNFjfCLErZ9MQEeezhWvzZvGL4BgPLV4Jmz7yS5oel,A7,Routine / institutional / customer service / other,B6,Institutional promotion / community news,Institutional / community communication
3586104921413128,1143,U03,2020,Portuguese,https://www.facebook.com/EPALaguaslivres/posts/pfbid02BngRK2fUgpP7h1nhNwzcJgeVtTpLYHkN67Eer138tenkbdkens8TjDEvMcDxmsAEl,A1,Water quality / safety / public health,B6,Institutional promotion / community news,Institutional / community communication
2825948427481833,1144,U01,2020,Finnish,https://www.facebook.com/helsinginseudunymparistopalvelut/posts/pfbid02FKT3WGS1DjpW6eut6L6cwpkRjohwSGm61od46P68Uu72pedYu66h2CtQona83j1xl,A7,Routine / institutional / customer service / other,B6,Institutional promotion / community news,Institutional / community communication
1066329002179021,1145,U02,2025,German,https://www.facebook.com/HamburgWasser/posts/pfbid02WQzDT49BxXd5QvD9koEKttYRS6oxmnVSBFnVc6Z2qK6T2831r4Ta7M6ogXi5vCmql,A7,Routine / institutional / customer service / other,B6,Institutional promotion / community news,Institutional / community communication
376742682349384,1146,U03,2012,Portuguese,https://www.facebook.com/EPALaguaslivres/posts/pfbid02vsxJEKQvGFmsNePTdyRLMb7U1vbtG6EmKhs8L3SuiEfMYdZBrKjiSAZgyhRCqRPTl,A1,Water quality / safety / public health,B5,Education / awareness,Education / awareness
1750620468294925,1147,U03,2017,Portuguese,https://www.facebook.com/EPALaguaslivres/posts/pfbid031qisvM94X59rj3Yb4V6vWLR4EzLkLm7d9ZpbM2BGwJ36yzHX5iVm1H4XCAX51L8ul,A6,Public education / heritage / community engagement,B6,Institutional promotion / community news,Institutional / community communication
1360941972492518,1148,U09,2025,Italian,https://www.facebook.com/abcacquabenecomunenapoli/posts/pfbid02z1gMnKeoETKZ9x58weWur89tamNJBVViGVa4ph5b1rFMZdrVeMm5KeB3z7xngo8yl,A2,Service disruption / repair / infrastructure,B1,Alert / warning,Risk / incident communication
3582478368442450,1149,U03,2020,Portuguese,https://www.facebook.com/EPALaguaslivres/posts/pfbid0NqJqkLUhmuUsAVWNiTC77FCEVmxoduHw15NnqdoSJvQCMirghDt2iQBbBPssHBgql,A5,Environmental sustainability / waste / recycling / biodiversity,B5,Education / awareness,Education / awareness
705314338290330,1150,U04,2023,Norwegian,https://www.facebook.com/Oslovann/posts/pfbid0MaTuyvRviEKCFD43GmCeXUMdJLtAJ8sHpXjjjHw51d8VLBpXHHWJ5taduJu9dLLTl,A4,Flood / stormwater / wastewater / sewer,B1,Alert / warning,Risk / incident communication
519255138098137,1151,U03,2013,Portuguese,https://www.facebook.com/photo/?fbid=519255138098137&set=a.636558505181850,A5,Environmental sustainability / waste / recycling / biodiversity,B4,Reassurance / safety information,Risk / incident communication
681323637365133,1152,U01,2023,Finnish,https://www.facebook.com/helsinginseudunymparistopalvelut/posts/pfbid02xdX4oZgDovvqGJcfAGd1KiDcibWXJVPF3g53bCAZW5uSei3ZBB54JY71heSwVe2Zl,A7,Routine / institutional / customer service / other,B6,Institutional promotion / community news,Institutional / community communication
924209222832464,1153,U09,2024,Italian,https://www.facebook.com/abcacquabenecomunenapoli/posts/pfbid0PWd884YU9VUmkosrCZEpYT8YsAWD7zjwgx3HQJUiMqKmLZqgGhhD9GMiGJjixiZ4l,A2,Service disruption / repair / infrastructure,B1,Alert / warning,Risk / incident communication
122144019686089660,1154,U06,2024,English,https://www.facebook.com/worldwaternetnl/posts/pfbid02day8Z1vk7uTAu1A9u5ToQiEhgouez4RfgBH65BkAEbL1Fiy6FGXb3mmRTmYg4ccql,A1,Water quality / safety / public health,B6,Institutional promotion / community news,Institutional / community communication
1923905941082568,1155,U05,2020,German,https://www.facebook.com/wasserbetriebe/posts/pfbid02HUpfXhEB9dQrHzibcLbZUqvNEt5A7XgWP2yXbmBG5dpXcB6ZzkikdYbtyBg2DncKl,A6,Public education / heritage / community engagement,B5,Education / awareness,Education / awareness
2525008007522830,1156,U03,2019,Portuguese,https://www.facebook.com/EPALaguaslivres/posts/pfbid0ZXWfG3yi9X3q9BaKPGKe86Xqa5BfqamYcDdhWW2eCTttxArtTiyPedupUXs3AeS5l,A7,Routine / institutional / customer service / other,B6,Institutional promotion / community news,Institutional / community communication
10160236569889268,1157,U08,2022,French,https://www.facebook.com/eaudeparis/videos/1905119143025821/,A6,Public education / heritage / community engagement,B6,Institutional promotion / community news,Institutional / community communication
4159444410798888,1158,U01,2021,Finnish,https://www.facebook.com/helsinginseudunymparistopalvelut/posts/pfbid05dthA8qw8s251DQLN3J1wh4tVcQcAogHczP1iAun2bRx7AguFVVtqumxb2bwsDJHl,A5,Environmental sustainability / waste / recycling / biodiversity,B5,Education / awareness,Education / awareness
3759698594106807,1159,U01,2021,Finnish,https://www.facebook.com/helsinginseudunymparistopalvelut/posts/pfbid02wXdbJEoAZ2KkzJGN397PnXUXDqVC6dxZF1Ls9Nuc6pJoWGUaw6pwYJx6xoD2ytNzl,A7,Routine / institutional / customer service / other,B6,Institutional promotion / community news,Institutional / community communication
1979023518904143,1160,U05,2020,German,https://www.facebook.com/wasserbetriebe/posts/pfbid02ZdC18bxvq2VREafUirDhSd2msH5pa5R4dfmnR1TWUEzUugQJh8SEvpyAezX1D8Gsl,A4,Flood / stormwater / wastewater / sewer,B5,Education / awareness,Education / awareness
1100742793282699,1161,U03,2016,Portuguese,https://www.facebook.com/photo/?fbid=1100742793282699&set=a.636558505181850,A3,Water conservation / drought / demand management,B5,Education / awareness,Education / awareness
1462093672377347,1162,U09,2026,Italian,https://www.facebook.com/abcacquabenecomunenapoli/posts/pfbid0SPc6RwXsdLcMin78BExCFMFaMPtWRjXF6tir561dBXMGeBcLWsZdSXNjNYeZubMfl,A2,Service disruption / repair / infrastructure,B1,Alert / warning,Risk / incident communication
10159078304981714,1163,U10,2023,Swedish,https://www.facebook.com/stockholmvattenochavfall/posts/pfbid036C7BaiLDym1uF33EgkLurNpDafPufkTkhqDTJfYbw82nXxEttd5jBa49yS5Y9tAhl,A3,Water conservation / drought / demand management,B5,Education / awareness,Education / awareness
3988602847883046,1164,U01,2021,Finnish,https://www.facebook.com/helsinginseudunymparistopalvelut/posts/pfbid02WuVQviVGRXMC3KLXZkD1EKFA5M8AmsXentRAckVNfHBBeBckjE1fw8BV6vCxRs5hl,A5,Environmental sustainability / waste / recycling / biodiversity,B2,Instruction / advice to public,Risk / incident communication
817425598745103,1165,U09,2020,Italian,https://www.facebook.com/abcacquabenecomunenapoli/posts/pfbid033GWAejb8P8QEu6DKsM8HcPg3WZJ73oz7LZTwXEjrvGBCX9PrAAtaPVsJKbxkAWtYl,A2,Service disruption / repair / infrastructure,B1,Alert / warning,Risk / incident communication
834099715566295,1166,U11,2024,Finnish,https://www.facebook.com/tampereenvesi/posts/pfbid027fnkP8UvUBfjqVqp3sZkAcZh8jXTVCXFu9DrjFeswJqF7SYV8LpGE1oEeATwkfsl,A6,Public education / heritage / community engagement,B6,Institutional promotion / community news,Institutional / community communication
10157864232599268,1167,U08,2019,French,https://www.facebook.com/photo/?fbid=10157864232599268&set=a.643560364467965,A3,Water conservation / drought / demand management,B5,Education / awareness,Education / awareness
3530478313695504,1168,U01,2020,Finnish,https://www.facebook.com/helsinginseudunymparistopalvelut/posts/pfbid02FTy7N5JRdi3BWALyTT3ywTSWxpL81fNyFGov2tMYYKNc7dghSrdBNZS1pUp5VaB7l,A2,Service disruption / repair / infrastructure,B5,Education / awareness,Education / awareness
743802082774122,1169,U09,2020,Italian,https://www.facebook.com/abcacquabenecomunenapoli/posts/pfbid0rfsT8aUnntQYozqWEJj8jgaNtar6YaTnF9NSXArkuuqqarsxvaQpjm5Cp6dWZXEvl,A2,Service disruption / repair / infrastructure,B1,Alert / warning,Risk / incident communication
1941609109249107,1170,U01,2018,Finnish,https://www.facebook.com/helsinginseudunymparistopalvelut/posts/pfbid02x1G99Wk9Ryz98NrTgk9mx9NyxCe7VF7Akij183Fea2jSxms6qDDDo6sFXTkmvAZWl,A7,Routine / institutional / customer service / other,B6,Institutional promotion / community news,Institutional / community communication
1335955343094775,1171,U03,2016,Portuguese,https://www.facebook.com/photo/?fbid=1335955343094775&set=a.636558505181850,A3,Water conservation / drought / demand management,B6,Institutional promotion / community news,Institutional / community communication
490760199745746,1172,U04,2022,Norwegian,https://www.facebook.com/Oslovann/posts/pfbid0w7w7GFH8gv3gsX5hWo81FFjHLcHnkouQ35vbZduSDZxeZxk7QPtp14zU4qaZ74cil,A4,Flood / stormwater / wastewater / sewer,B5,Education / awareness,Education / awareness
1337868675034890,1173,U04,2026,Norwegian,https://www.facebook.com/Oslovann/posts/pfbid025frg1oApFcyLBjMQYKJM86FtbqgtpnNZBo3HkcENgESBF15fBvtLD8hVmhFexASfl,A4,Flood / stormwater / wastewater / sewer,B5,Education / awareness,Education / awareness
1246821034294159,1174,U11,2026,Finnish,https://www.facebook.com/reel/26056895520669729/,A4,Flood / stormwater / wastewater / sewer,B5,Education / awareness,Education / awareness
10159426078271714,1175,U10,2023,Swedish,https://www.facebook.com/stockholmvattenochavfall/videos/844784890591152/,A5,Environmental sustainability / waste / recycling / biodiversity,B2,Instruction / advice to public,Risk / incident communication
683925131747328,1176,U05,2015,German,https://www.facebook.com/photo/?fbid=683925131747328&set=a.632073468958361,A7,Routine / institutional / customer service / other,B6,Institutional promotion / community news,Institutional / community communication
380723051951347,1177,U03,2012,Portuguese,https://www.facebook.com/photo/?fbid=380723051951347&set=a.636558505181850,A1,Water quality / safety / public health,B6,Institutional promotion / community news,Institutional / community communication
4900487319973628,1178,U07,2022,Dutch,https://www.facebook.com/FARYSmultiservice/posts/pfbid0BnnpATKR3hbEQos47XGHRdctz2cpYgP71LpKk4wJrQeeTyoaPzTaz92MhhWXemjGl,A3,Water conservation / drought / demand management,B5,Education / awareness,Education / awareness
10159436680441714,1179,U10,2023,Swedish,https://www.facebook.com/stockholmvattenochavfall/videos/674593367612370/,A5,Environmental sustainability / waste / recycling / biodiversity,B2,Instruction / advice to public,Risk / incident communication
265942050136045,1180,U03,2012,Portuguese,https://www.facebook.com/EPALaguaslivres/posts/265942050136045,A7,Routine / institutional / customer service / other,B5,Education / awareness,Education / awareness
1665151060175200,1181,U03,2017,Portuguese,https://www.facebook.com/EPALaguaslivres/posts/pfbid02UUieVUdmkkaX3zvSbzagircvuBEdwf1yR9JZYbSfRfcZ97Nd2ZdfvPAX1KKYFkMwl,A1,Water quality / safety / public health,B5,Education / awareness,Education / awareness
4862571073766500,1182,U03,2021,Portuguese,https://www.facebook.com/EPALaguaslivres/posts/pfbid0YFU5ieGWiHLWRtF58WFJWRMK4DwJhXAEZrJ7Sy3zPLR4EmHJaibXTXoHRjMx9J5fl,A6,Public education / heritage / community engagement,B5,Education / awareness,Education / awareness
974504722626222,1183,U01,2016,Finnish,https://www.facebook.com/helsinginseudunymparistopalvelut/posts/974504722626222,A6,Public education / heritage / community engagement,B6,Institutional promotion / community news,Institutional / community communication
2435867936726581,1184,U12,2020,Finnish,https://www.facebook.com/turunvesihuolto/posts/pfbid02QjAwwmCiSih94Vue7JhUgWJyLUmQQE6aSU1LZ9jPQN3nMBLFr4xzbxDz1Cvi6wBTl,A7,Routine / institutional / customer service / other,B6,Institutional promotion / community news,Institutional / community communication
2035387593204591,1185,U01,2018,Finnish,https://www.facebook.com/helsinginseudunymparistopalvelut/posts/pfbid02c8YnD7sreedpHmg16WSc56sxdLcMZNzDv5uYwavAWHLwHur3yH8PFcWp5oBJTdUel,A7,Routine / institutional / customer service / other,B6,Institutional promotion / community news,Institutional / community communication
957972586347997,1186,U02,2024,German,https://www.facebook.com/reel/862742542075720/,A4,Flood / stormwater / wastewater / sewer,B5,Education / awareness,Education / awareness
1977912535695150,1187,U02,2021,German,https://www.facebook.com/HamburgWasser/posts/pfbid0bqJ3CKXdQ32CqYysfPmxZr4fb3doFu7X9RSp2PhFAwBkWDXcVvwZcYqMcv5SoGDQl,A3,Water conservation / drought / demand management,B5,Education / awareness,Education / awareness
1365244490218908,1188,U01,2017,Finnish,https://www.facebook.com/helsinginseudunymparistopalvelut/posts/1365244490218908,A7,Routine / institutional / customer service / other,B6,Institutional promotion / community news,Institutional / community communication
1133257811927603,1189,U09,2025,Italian,https://www.facebook.com/abcacquabenecomunenapoli/posts/pfbid034sLE317ZVtEyNL3qHqsN8FjyWzu2AWbiRz993GwYCwxXkfHrfLt4KbhthPbZXg6xl,A2,Service disruption / repair / infrastructure,B1,Alert / warning,Risk / incident communication
668792456477737,1190,U03,2013,Portuguese,https://www.facebook.com/photo/?fbid=668792456477737&set=a.653490278007955,A7,Routine / institutional / customer service / other,B7,Other / unclear,Other / unclear
1369219444551089,1191,U07,2025,Dutch,https://www.facebook.com/FARYSmultiservice/posts/pfbid02RH4XiwauXdFHjtNbK7ViwF5dUmAEkLUfKQ8pKmP7avpHrwmKHNDFmWdWVoF7N4Abl,A7,Routine / institutional / customer service / other,B1,Alert / warning,Risk / incident communication
5207118832645054,1192,U03,2022,Portuguese,https://www.facebook.com/EPALaguaslivres/posts/pfbid0GefNcmvq1Th2j1KRT8jvKknNEQzAzH8SZEdrpuJYn1kNeE5A7yHwStKXTUCfQAV8l,A6,Public education / heritage / community engagement,B6,Institutional promotion / community news,Institutional / community communication
2631779320232079,1193,U01,2019,Finnish,https://www.facebook.com/helsinginseudunymparistopalvelut/posts/pfbid02UwurowZevLcnjrm6MM24e9guHCj8HfedLTji64d9ZiZ5WhL4xDH2nbcHjVntULeXl,A7,Routine / institutional / customer service / other,B6,Institutional promotion / community news,Institutional / community communication
10156060161331714,1194,U10,2019,Swedish,https://www.facebook.com/stockholmvattenochavfall/posts/pfbid02ADbjVErYGPrBfGKAHg3G73EQwebU5dEd9BXYctrVthDprFKR9tcnKQS7nxDtQ27yl,A6,Public education / heritage / community engagement,B5,Education / awareness,Education / awareness
215134458510208,1195,U03,2011,Portuguese,https://www.facebook.com/EPALaguaslivres/posts/pfbid01ChgerSgprtQRbXTkkunyoVGY38z3r6vMQy4r8T1pwYG2oFq1XpEePWRzJGXr2jgl,A2,Service disruption / repair / infrastructure,B1,Alert / warning,Risk / incident communication
1432373350172688,1196,U01,2017,Finnish,https://www.facebook.com/helsinginseudunymparistopalvelut/posts/1432373350172688,A1,Water quality / safety / public health,B1,Alert / warning,Risk / incident communication
677177115639271,1197,U03,2013,Portuguese,https://www.facebook.com/photo/?fbid=677177115639271&set=a.636558505181850,A6,Public education / heritage / community engagement,B5,Education / awareness,Education / awareness
968062856550694,1198,U03,2015,Portuguese,https://www.facebook.com/photo/?fbid=968062856550694&set=a.636558505181850,A7,Routine / institutional / customer service / other,B6,Institutional promotion / community news,Institutional / community communication
586629698027347,1199,U03,2013,Portuguese,https://www.facebook.com/EPALaguaslivres/posts/586629698027347,A5,Environmental sustainability / waste / recycling / biodiversity,B5,Education / awareness,Education / awareness
1330081283682181,1200,U03,2016,Portuguese,https://www.facebook.com/photo/?fbid=1330081283682181&set=a.636558505181850,A6,Public education / heritage / community engagement,B5,Education / awareness,Education / awareness
3980253792051285,1201,U01,2021,Finnish,https://www.facebook.com/helsinginseudunymparistopalvelut/posts/pfbid0QAJSdDZpGtGEiX4kk2yUj9yMMFNvJsjEUb4WzVxriAZSaTbTeSQk6uicLDwiiWdol,A4,Flood / stormwater / wastewater / sewer,B5,Education / awareness,Education / awareness
4826559660700975,1202,U03,2021,Portuguese,https://www.facebook.com/EPALaguaslivres/posts/pfbid0RMkxeswNsujmRZianbMPuWApdv6DisLPTNWR7sU4quXDQgwMGxgbCAdJuQkv17Nsl,A6,Public education / heritage / community engagement,B5,Education / awareness,Education / awareness
2589562827787062,1203,U01,2019,Finnish,https://www.facebook.com/helsinginseudunymparistopalvelut/posts/pfbid02M5rJDbnp3mjbyRzwdw9AtxWKghyKEzx8ERL7fK6bsoSBkk2Q1ihfqRfDV7u3CFcnl,A6,Public education / heritage / community engagement,B6,Institutional promotion / community news,Institutional / community communication
1431870146866949,1204,U04,2017,Norwegian,https://www.facebook.com/Oslovann/posts/pfbid0GZrfmrikAMTGaMFM2jioc3WWf87mCrRUWBMie6qAUEQmFyKdhw5vWpn2Lko6xLYml,A7,Routine / institutional / customer service / other,B6,Institutional promotion / community news,Institutional / community communication
1481151641908477,1205,U03,2017,Portuguese,https://www.facebook.com/photo/?fbid=1481151641908477&set=a.636558505181850,A6,Public education / heritage / community engagement,B6,Institutional promotion / community news,Institutional / community communication
1334357388037295,1206,U07,2025,Dutch,https://www.facebook.com/FARYSmultiservice/posts/pfbid02YxChUFXPQHBQcer82D6LUxhkLpmLxyqtt44cK8LkA7hNh2uzVExY3xGcXnWKFPpnl,A7,Routine / institutional / customer service / other,B6,Institutional promotion / community news,Institutional / community communication
342602789096707,1207,U03,2012,Portuguese,https://www.facebook.com/photo/?fbid=342602789096707&set=a.636558505181850,A7,Routine / institutional / customer service / other,B5,Education / awareness,Education / awareness
5999935266696736,1208,U03,2022,Portuguese,https://www.facebook.com/EPALaguaslivres/posts/pfbid0pLzhw3k2QvrL8fhqTRrLTcEsZw48xiJJQYUUf1vKyYUo6R5hVVX4KpdPyyfcHp8ul,A7,Routine / institutional / customer service / other,B6,Institutional promotion / community news,Institutional / community communication
1228968171909551,1209,U07,2024,Dutch,https://www.facebook.com/FARYSmultiservice/posts/pfbid031KrpF7t3PTfZ9RCPrgp2Yj4nXodtHjM2vE3Vmt84Lm6Lmos6viCfSDNVZLB358Rl,A7,Routine / institutional / customer service / other,B6,Institutional promotion / community news,Institutional / community communication
1370372778216104,1210,U09,2025,Italian,https://www.facebook.com/abcacquabenecomunenapoli/posts/pfbid028ZPKEgw6NbxhU2Cjtk6R6Lsa14tkmuN8vVHAQMrVNB9DEVMxhfJhRDZDyLmE1K5bl,A6,Public education / heritage / community engagement,B5,Education / awareness,Education / awareness
1049853163601402,1211,U09,2024,Italian,https://www.facebook.com/abcacquabenecomunenapoli/posts/pfbid02JG33SqKyLCnQprtcmcG3qupg7gdjsPznXZRg5XcGrmv29BiT1QxnHjtPaDuac9kXl,A2,Service disruption / repair / infrastructure,B1,Alert / warning,Risk / incident communication
1375137825843193,1212,U03,2017,Portuguese,https://www.facebook.com/photo/?fbid=1375137825843193&set=a.636558505181850,A5,Environmental sustainability / waste / recycling / biodiversity,B2,Instruction / advice to public,Risk / incident communication
4458417197515225,1213,U03,2021,Portuguese,https://www.facebook.com/EPALaguaslivres/posts/pfbid02szrzYEfjriWHeTker9nh88sC6nbqN6yToBE7FoY1vnoEyoAok2pyinyhpqncsQHul,A3,Water conservation / drought / demand management,B5,Education / awareness,Education / awareness
1357032026425481,1214,U10,2025,Swedish,https://www.facebook.com/stockholmvattenochavfall/videos/1088900860045718/,A7,Routine / institutional / customer service / other,B5,Education / awareness,Education / awareness
798270773993919,1215,U09,2020,Italian,https://www.facebook.com/abcacquabenecomunenapoli/posts/pfbid02h4F1dJGHGGRiziqeFZgNLaPLrUt3S9ohrDfpM5cPg96ufi8Snd2cm2MFGm4GXQicl,A7,Routine / institutional / customer service / other,B6,Institutional promotion / community news,Institutional / community communication
10156060877596714,1216,U10,2019,Swedish,https://www.facebook.com/stockholmvattenochavfall/posts/pfbid02joacaE4ZbScWLLy7vQKzLhuCfj6pzJxpy8Lpnwz94V33J2wuGWMS5U8a4mC5iudAl,A7,Routine / institutional / customer service / other,B6,Institutional promotion / community news,Institutional / community communication
2424193117657368,1217,U01,2019,Finnish,https://www.facebook.com/helsinginseudunymparistopalvelut/posts/pfbid0rcGQ4ew8KBspiSDYRi9bF9N4CGvNVQd9rzwXzRAXW6VyyFdKWKixUGfuYpSVeqHxl,A7,Routine / institutional / customer service / other,B6,Institutional promotion / community news,Institutional / community communication
2775791369400901,1218,U12,2021,Finnish,https://www.facebook.com/turunvesihuolto/posts/pfbid02GQuCv1w4c2V5RY4y86rJgCxWzbZ9g3omApebRHMsoyJBEc6cEvhfgik1CcnEW5asl,A7,Routine / institutional / customer service / other,B6,Institutional promotion / community news,Institutional / community communication
1223305148096224,1219,U11,2021,Finnish,https://www.facebook.com/tampereenvesi/posts/pfbid02TY1F9B9nUtcbYfbKUDX26gK9syopbRtdnwEGDay6U2NREtcy1phmmtidWLq57Yrtl,A2,Service disruption / repair / infrastructure,B6,Institutional promotion / community news,Institutional / community communication
10150888137301714,1220,U10,2012,Swedish,https://www.facebook.com/stockholmvattenochavfall/posts/pfbid0YouLQqRaSPtzUCzCyrv9BoKcnoBqBJDwLkKotbTBfyaYFggkmAfg5jxr91Xo74z8l,A4,Flood / stormwater / wastewater / sewer,B6,Institutional promotion / community news,Institutional / community communication
2854189071324435,1221,U01,2020,Finnish,https://www.facebook.com/helsinginseudunymparistopalvelut/posts/pfbid02Fx2yJvdQPLcsoAgscRwTcR8WrgVs9vBvyXuqnu2q7pTxW6s7iAtw1ayNuyZv4zeql,A7,Routine / institutional / customer service / other,B3,Operational update / resolution,Risk / incident communication
1031597702318818,1222,U02,2024,German,https://www.facebook.com/reel/1118627959846241/,A4,Flood / stormwater / wastewater / sewer,B2,Instruction / advice to public,Risk / incident communication
1011153090357728,1223,U07,2024,Dutch,https://www.facebook.com/reel/1125280385292835/,A7,Routine / institutional / customer service / other,B6,Institutional promotion / community news,Institutional / community communication
10202943327240608,1224,U01,2014,Finnish,https://www.facebook.com/helsinginseudunymparistopalvelut/posts/10202943327240608,A7,Routine / institutional / customer service / other,B6,Institutional promotion / community news,Institutional / community communication
10159216619509268,1225,U08,2020,French,https://www.facebook.com/eaudeparis/posts/pfbid0poCwEvX34ed1v7upQrfuTdFM9RdTnyH9innzpnM9N7x3fWecNTHVknvCCsmVQEsbl,A7,Routine / institutional / customer service / other,B5,Education / awareness,Education / awareness
866285285542503,1226,U03,2024,Portuguese,https://www.facebook.com/EPALaguaslivres/posts/pfbid0Y3EgHBNraF7dmUecfzneyWjVR1epJ51AZ2Vr5w5TQoh6eDj1kwtGiKpcUXQwsbvjl,A7,Routine / institutional / customer service / other,B6,Institutional promotion / community news,Institutional / community communication
923514866486211,1227,U03,2024,Portuguese,https://www.facebook.com/EPALaguaslivres/posts/pfbid0UBuGSiwk4Qex9rVA2i2qK2gzhBwCBwgZWhXeV7sZdpvLViYVK39UAsgTvc6NXDpyl,A7,Routine / institutional / customer service / other,B6,Institutional promotion / community news,Institutional / community communication
1957324837753920,1228,U02,2021,German,https://www.facebook.com/HamburgWasser/posts/pfbid09R5Rt8EiDFfKRYLFX2Ku8saNJoqLSLnPfHftcM6Rmn6mMC21vHmTPC2rC17FX6rBl,A3,Water conservation / drought / demand management,B5,Education / awareness,Education / awareness
10159981541074268,1229,U08,2022,French,https://www.facebook.com/eaudeparis/videos/408739504336097/,A7,Routine / institutional / customer service / other,B6,Institutional promotion / community news,Institutional / community communication
853950288015000,1230,U01,2015,Finnish,https://www.facebook.com/helsinginseudunymparistopalvelut/posts/853950288015000,A5,Environmental sustainability / waste / recycling / biodiversity,B6,Institutional promotion / community news,Institutional / community communication
10159246793629268,1231,U08,2021,French,https://www.facebook.com/eaudeparis/posts/pfbid0AAYSEnd1hqGvQyatWpGLC2By83YjrZ7tkQGGh5B5fAGUqARnmPwCzBqCXie6HUT1l,A7,Routine / institutional / customer service / other,B5,Education / awareness,Education / awareness
1341542989202677,1232,U03,2016,Portuguese,https://www.facebook.com/photo/?fbid=1341542989202677&set=a.636558505181850,A3,Water conservation / drought / demand management,B6,Institutional promotion / community news,Institutional / community communication
1065891396897273,1233,U02,2018,German,https://www.facebook.com/HamburgWasser/posts/pfbid0f5aB9ih5ugmGPaXogmVZLAAm829CLcR9DLZWyjz4z6e9F7CSwJpAzdgKvACEmvvKl,A7,Routine / institutional / customer service / other,B6,Institutional promotion / community news,Institutional / community communication
978151444313543,1234,U10,2024,Swedish,https://www.facebook.com/stockholmvattenochavfall/videos/822323029943803/,A3,Water conservation / drought / demand management,B2,Instruction / advice to public,Risk / incident communication
260970657331765,1235,U03,2012,Portuguese,https://www.facebook.com/EPALaguaslivres/posts/260970657331765,A6,Public education / heritage / community engagement,B5,Education / awareness,Education / awareness
5280575868632683,1236,U03,2022,Portuguese,https://www.facebook.com/EPALaguaslivres/posts/pfbid0bM1WV4h6nn3LPdqs3X5HUnAdaaAm7EK4g8NVvrDRPz1PraLwBfUt2iLSkgeLjV83l,A6,Public education / heritage / community engagement,B5,Education / awareness,Education / awareness
1149816005095092,1237,U01,2016,Finnish,https://www.facebook.com/helsinginseudunymparistopalvelut/posts/1149816005095092,A7,Routine / institutional / customer service / other,B6,Institutional promotion / community news,Institutional / community communication
1004613181458734,1238,U09,2024,Italian,https://www.facebook.com/abcacquabenecomunenapoli/posts/pfbid06Qzjh5BxPmjNicf8kozJNe3huyXd9TkbBkphVBGdx9zr6KN6muyDtcntkM48sWDil,A2,Service disruption / repair / infrastructure,B1,Alert / warning,Risk / incident communication
1173503702802708,1239,U02,2018,German,https://www.facebook.com/photo/?fbid=1173503702802708&set=a.488838489928078,A7,Routine / institutional / customer service / other,B5,Education / awareness,Education / awareness
3961821783894486,1240,U01,2021,Finnish,https://www.facebook.com/helsinginseudunymparistopalvelut/posts/pfbid0RBiDSEW7UC8HRPXkchjCFuHVhNk3z8cpNmjce3tUEB8fYPFBHvGiSUBL3vFsTVKal,A7,Routine / institutional / customer service / other,B6,Institutional promotion / community news,Institutional / community communication
1712987272187679,1241,U02,2020,German,https://www.facebook.com/HamburgWasser/posts/pfbid0bFSTxjCbSheVJ8T27ATWb3HZuDZDBiHdFe5K46k9dkS9hrhaK5gbjTC8gaNXhKiYl,A1,Water quality / safety / public health,B5,Education / awareness,Education / awareness
837663531712237,1242,U02,2024,German,https://www.facebook.com/HamburgWasser/posts/pfbid0J5fL7ZtSjHiNy5xLx1pRAhP1RboUie2FHzk9EYTckGr3kcG2CHvANPo2K8H5DecTl,A7,Routine / institutional / customer service / other,B5,Education / awareness,Education / awareness
3610466208976999,1243,U03,2020,Portuguese,https://www.facebook.com/EPALaguaslivres/posts/pfbid0omaUEGS6Ay7wYaTLsNbo6fbHhBEWLYJ4YCRbypHAVNPwNYyuEbQSzTKMiWF6XECal,A7,Routine / institutional / customer service / other,B6,Institutional promotion / community news,Institutional / community communication
721692107884760,1244,U04,2014,Norwegian,https://www.facebook.com/photo/?fbid=721692107884760&set=a.485581483596951,A7,Routine / institutional / customer service / other,B6,Institutional promotion / community news,Institutional / community communication
4276130089077271,1245,U03,2021,Portuguese,https://www.facebook.com/EPALaguaslivres/posts/pfbid0TXtyECJAz4gAZM9HNtQ4FXdVSHhybUY344AM9T5L4m8KofC2ZdfG7NXNwLb5BRXEl,A5,Environmental sustainability / waste / recycling / biodiversity,B6,Institutional promotion / community news,Institutional / community communication
1115260540602632,1246,U10,2024,Swedish,https://www.facebook.com/stockholmvattenochavfall/posts/pfbid0GB98iU6XDpbwDNM6QUMADDdXUBVGWYdmA4UNXtrtbqau6fHmDYG27ndDD37zj8hFl,A1,Water quality / safety / public health,B6,Institutional promotion / community news,Institutional / community communication
586414436856054,1247,U01,2023,Finnish,https://www.facebook.com/helsinginseudunymparistopalvelut/posts/pfbid0HKyezVzbP97bQjM3iDYhUkJx4jAJViBGb58fMmqyoLTfbQ6sF68znBH3QCMAk7m9l,A7,Routine / institutional / customer service / other,B6,Institutional promotion / community news,Institutional / community communication
1304442343042176,1248,U02,2019,German,https://www.facebook.com/HamburgWasser/posts/pfbid02q9JLmkrJcTidTi7GRC7yb5CVH4PFc9VbSCBp39WwteMMspMX4nTfV13qVQshkq7Bl,A7,Routine / institutional / customer service / other,B6,Institutional promotion / community news,Institutional / community communication
486692085151791,1249,U09,2018,Italian,https://www.facebook.com/abcacquabenecomunenapoli/posts/pfbid0XZPTfVvKqcqHLYqiYiBwpbHf2sdaJXYDooXP95KPW4pUs7HkwMEPfk6To74exYS8l,A2,Service disruption / repair / infrastructure,B1,Alert / warning,Risk / incident communication
5059728594049499,1250,U07,2022,Dutch,https://www.facebook.com/FARYSmultiservice/posts/pfbid0EM6e1gFMmwP5G6ZGYuQ5hRMaturNjMKMd2eHR92F5jJjurzDdindaN11JEogbnvRl,A7,Routine / institutional / customer service / other,B6,Institutional promotion / community news,Institutional / community communication
1027141730642806,1251,U03,2015,Portuguese,https://www.facebook.com/photo/?fbid=1027141730642806&set=a.636558505181850,A7,Routine / institutional / customer service / other,B6,Institutional promotion / community news,Institutional / community communication
938086005015398,1252,U08,2024,French,https://www.facebook.com/eaudeparis/posts/pfbid033rU6hmK373fUXRxbQuGNehtuHi9aeWr7DervEGoeM8uxBpTVspAbUBz4cTnDNJNyl,A7,Routine / institutional / customer service / other,B5,Education / awareness,Education / awareness
952051461538215,1253,U01,2016,Finnish,https://www.facebook.com/helsinginseudunymparistopalvelut/posts/952051461538215,A5,Environmental sustainability / waste / recycling / biodiversity,B6,Institutional promotion / community news,Institutional / community communication
1298966456923098,1254,U02,2019,German,https://www.facebook.com/HamburgWasser/posts/pfbid0aKANi16c3bfJ8dbdguVPzGGt9BXEnmAx4Zmis9AHHUKH6q8EWFkbiwt1Jv4k6rFWl,A7,Routine / institutional / customer service / other,B6,Institutional promotion / community news,Institutional / community communication
2351798514896829,1255,U01,2019,Finnish,https://www.facebook.com/helsinginseudunymparistopalvelut/posts/pfbid0gXfXM1UebDncPoN2dy3pvw6x98M2MyxkZ48LNBPYBnbGb4yipxEZvwQLjKK3TMUXl,A5,Environmental sustainability / waste / recycling / biodiversity,B5,Education / awareness,Education / awareness
1541153719294650,1256,U01,2017,Finnish,https://www.facebook.com/helsinginseudunymparistopalvelut/posts/pfbid038EpRFn69HDBku6JqJUdU6FRrrBkvUqmDkLFQPZCb53baHvsyxzCABpssLFmfm5EUl,A5,Environmental sustainability / waste / recycling / biodiversity,B6,Institutional promotion / community news,Institutional / community communication
10156813955059268,1257,U08,2018,French,https://www.facebook.com/eaudeparis/posts/pfbid02GcNGg4YJEvnjK3m8SEjbMmE2yQ5DUtB9k2CpphwXru6DvznJLDze2uq1Pxze2sthl,A7,Routine / institutional / customer service / other,B5,Education / awareness,Education / awareness
4161359227221025,1258,U03,2021,Portuguese,https://www.facebook.com/EPALaguaslivres/posts/pfbid031NxyhTbBEBCGFuBGkAyfDQ2KanQjC3Pr5bKQZMR8YsVsNvRTQ6QFM4z1dB9XJZqjl,A6,Public education / heritage / community engagement,B5,Education / awareness,Education / awareness
10158054270109268,1259,U08,2019,French,https://www.facebook.com/photo/?fbid=10158054270109268&set=a.643560364467965,A7,Routine / institutional / customer service / other,B6,Institutional promotion / community news,Institutional / community communication
3492904094119593,1260,U01,2020,Finnish,https://www.facebook.com/helsinginseudunymparistopalvelut/posts/pfbid02r6n7EiFpDvmFMX2MkUjh7F6LoEXkW4ebBipgZ1JJktaUAJfwL5Goicdi1v7ZEN1kl,A3,Water conservation / drought / demand management,B5,Education / awareness,Education / awareness
5943519475671649,1261,U03,2022,Portuguese,https://www.facebook.com/EPALaguaslivres/posts/pfbid02Nt37QwooiNjvkrL1qLceZR6z8PrUzUqWZ6gB9qEUZAF4y8GqTkzsB4CSrN7cwhDBl,A7,Routine / institutional / customer service / other,B6,Institutional promotion / community news,Institutional / community communication
706982918123472,1262,U04,2023,Norwegian,https://www.facebook.com/Oslovann/posts/pfbid02sT5ii2QDsB2TxXKw4YzyvrEMi9JcAs4nwPTkv933v6KV8DWmh6RC1mjPMngskU6dl,A4,Flood / stormwater / wastewater / sewer,B5,Education / awareness,Education / awareness
628978702590561,1263,U04,2023,Norwegian,https://www.facebook.com/Oslovann/videos/624933763018797/,A4,Flood / stormwater / wastewater / sewer,B5,Education / awareness,Education / awareness
1221718339301201,1264,U07,2024,Dutch,https://www.facebook.com/FARYSmultiservice/posts/pfbid0MfGcpqe1ZXMCNqvpEQQmaxbiXECqnBpLGTwqH3H5xegYqAJ1UFpgRWynu7ZGSedHl,A7,Routine / institutional / customer service / other,B6,Institutional promotion / community news,Institutional / community communication
790795098074820,1265,U09,2020,Italian,https://www.facebook.com/abcacquabenecomunenapoli/posts/pfbid0252HgtquF48x9eFZ1oRPzercJF5UcsdBq9WVWgHfHUgDnymEKucjJeZfRg6RmWawZl,A1,Water quality / safety / public health,B4,Reassurance / safety information,Risk / incident communication
1280240110115690,1266,U07,2025,Dutch,https://www.facebook.com/FARYSmultiservice/posts/pfbid02pwBFHG5KZd7ZC3UViiGCZVECcNoS2717XRTg1asnSJRurnFKTVdbmQxyX4d5F8mZl,A2,Service disruption / repair / infrastructure,B4,Reassurance / safety information,Risk / incident communication
1293104359276280,1267,U09,2025,Italian,https://www.facebook.com/abcacquabenecomunenapoli/posts/pfbid02L7PXJpbL5aVLhqV7RtkXPwR92cduPDrCqVRyf87n4TvVLGhiUTrD2bMtBPPa5etxl,A2,Service disruption / repair / infrastructure,B1,Alert / warning,Risk / incident communication
243906117918994,1268,U11,2022,Finnish,https://www.facebook.com/tampereenvesi/posts/pfbid0Dx48EuzutNxE3oiJsygqx6KpbXy164gXnJ7h43TiVMh3psu3qjdX5p6gy2SktPTal,A4,Flood / stormwater / wastewater / sewer,B5,Education / awareness,Education / awareness
3944572498899700,1269,U03,2021,Portuguese,https://www.facebook.com/EPALaguaslivres/posts/pfbid025EX9Cn56sXUME3QJNedCpMPkJQA2nD8mR1zEPgU1fCN7BbNmuHoBtQJFwHA8cK3Nl,A7,Routine / institutional / customer service / other,B6,Institutional promotion / community news,Institutional / community communication
4543008509056093,1270,U03,2021,Portuguese,https://www.facebook.com/EPALaguaslivres/posts/pfbid02cQVa6i4xC4WB41AqEtfW9QLrqDnpqZAtgrfd5hEktwF6KRbLLtkCnjFRa3jbW5xGl,A7,Routine / institutional / customer service / other,B6,Institutional promotion / community news,Institutional / community communication
1583040675052906,1271,U03,2017,Portuguese,https://www.facebook.com/EPALaguaslivres/posts/1583040675052906,A7,Routine / institutional / customer service / other,B5,Education / awareness,Education / awareness
667125565458477,1272,U03,2023,Portuguese,https://www.facebook.com/EPALaguaslivres/posts/pfbid0VSR9C4Szeu7YnV4GXr68c66WWmxoFDTgLKiEWEPyNkXgHzaxWxD93jBjrTG15FoLl,A3,Water conservation / drought / demand management,B5,Education / awareness,Education / awareness
5470902609630329,1273,U04,2022,Norwegian,https://www.facebook.com/Oslovann/posts/pfbid02TAVPJ1q5keBWS6RHv3C9tuh8YZDvnu4rcZCWFuVWmHuy3h6qLes5jF76MyyaehUPl,A7,Routine / institutional / customer service / other,B6,Institutional promotion / community news,Institutional / community communication
3298468320175544,1274,U07,2020,Dutch,https://www.facebook.com/FARYSmultiservice/posts/pfbid02T9BQ8pQtTGKxExoDEScVhcYy811GDrdWdFYhhX8LLebF3e4fkiR85RhwU6TZPwZPl,A7,Routine / institutional / customer service / other,B6,Institutional promotion / community news,Institutional / community communication
1222789401207471,1275,U02,2019,German,https://www.facebook.com/HamburgWasser/videos/235471457339806/,A7,Routine / institutional / customer service / other,B5,Education / awareness,Education / awareness
4589674107722866,1276,U03,2021,Portuguese,https://www.facebook.com/EPALaguaslivres/posts/pfbid033hd48apPkEQ1G8xkfDfnVKNfSe6H9TcDaHKEDumFbdgJNdGX73tPzyfU4fNRcpbAl,A1,Water quality / safety / public health,B6,Institutional promotion / community news,Institutional / community communication
2677259775920728,1277,U12,2020,Finnish,https://www.facebook.com/turunvesihuolto/posts/pfbid0t2W3KGFRNrDaVjLTDUSHCVK878Fpvoqw4rWeCtYZZ8FCNd8nKdZNsAWZA5wwDnfzl,A7,Routine / institutional / customer service / other,B6,Institutional promotion / community news,Institutional / community communication
10155379341481714,1278,U10,2018,Swedish,https://www.facebook.com/stockholmvattenochavfall/posts/pfbid02ASvUkjHwgybTy3LTbDu3ynWTnvN1Ek4fh9ST3DeAgfAnbuKbpAb5AxoSsfyPCPNtl,A5,Environmental sustainability / waste / recycling / biodiversity,B2,Instruction / advice to public,Risk / incident communication
1150694767059209,1279,U10,2024,Swedish,https://www.facebook.com/stockholmvattenochavfall/posts/pfbid0SVcUV63UghzUkqSjFyxG5G4mKDfHgSPJGkqwf6HknJymXG1Q66gYVsNzkZWhdZRYl,A7,Routine / institutional / customer service / other,B6,Institutional promotion / community news,Institutional / community communication
1104239308406895,1280,U01,2025,Finnish,https://www.facebook.com/helsinginseudunymparistopalvelut/posts/pfbid0unqB1ASFFzjRD1Jtt7KEgFqFgkHeUUGxCfkeNCjVc3FG5RYMgtsJayxk1Hh2erAWl,A4,Flood / stormwater / wastewater / sewer,B5,Education / awareness,Education / awareness
205746101557542,1281,U12,2021,Finnish,https://www.facebook.com/turunvesihuolto/posts/pfbid0RAwuC3rnoxNxWRzHv8GvLRsHpf5oCF9TkoZcYdYr6FZfcnBr1LzNtnb7NwqkmCYil,A7,Routine / institutional / customer service / other,B5,Education / awareness,Education / awareness
10151495450961240,1282,U04,2013,Norwegian,https://www.facebook.com/Oslovann/videos/10151495450961240/,A1,Water quality / safety / public health,B6,Institutional promotion / community news,Institutional / community communication
982532571770389,1283,U03,2015,Portuguese,https://www.facebook.com/photo/?fbid=982532571770389&set=a.636558505181850,A7,Routine / institutional / customer service / other,B6,Institutional promotion / community news,Institutional / community communication
1518699882936377,1284,U07,2025,Dutch,https://www.facebook.com/FARYSmultiservice/posts/pfbid02MbStPkxqUXsy48DAYVBa7tkoyY88wt66THAvfY1cPnnzXKTHkbw2EhmXD6r9EqqZl,A7,Routine / institutional / customer service / other,B2,Instruction / advice to public,Risk / incident communication
683833033089737,1285,U07,2022,Dutch,https://www.facebook.com/FARYSmultiservice/posts/pfbid034DYbasyYHDUHzGeLoc3ZKaTyNM96mVCUxPgcrfuS81pCHF2EJUdEv7YHB7p1cAaxl,A3,Water conservation / drought / demand management,B5,Education / awareness,Education / awareness
4086958637994418,1286,U03,2021,Portuguese,https://www.facebook.com/EPALaguaslivres/posts/pfbid02FkEsy37k7yXj433ZDbMBvguXwHHMStnm6skqZycPPCj4GtpYkaoDekkBxdHmPT3Bl,A3,Water conservation / drought / demand management,B5,Education / awareness,Education / awareness
674340204723314,1287,U08,2023,French,https://www.facebook.com/eaudeparis/posts/pfbid026MAxPXEadKqctqmxJs5uHbiv6o4W24pYbR3Jxw95DiZR3fLbVc6z9zipa8rZtUNWl,A3,Water conservation / drought / demand management,B5,Education / awareness,Education / awareness
1576774379065917,1288,U01,2018,Finnish,https://www.facebook.com/helsinginseudunymparistopalvelut/posts/pfbid02PYb6yisMGWvEr99MJixbMUcS4xrmtDQRzfAnQRopPAEfEa9m3BwWviQAn3qLX6pHl,A5,Environmental sustainability / waste / recycling / biodiversity,B2,Instruction / advice to public,Risk / incident communication
5916545428369054,1289,U03,2022,Portuguese,https://www.facebook.com/EPALaguaslivres/posts/pfbid0fxFEmktWfwzEWPvGAEu7BKY8vccga3d4dz88aPREes7v5QRb9uuKgMqoi99AKBRvl,A7,Routine / institutional / customer service / other,B6,Institutional promotion / community news,Institutional / community communication
5357066027680655,1290,U04,2022,Norwegian,https://www.facebook.com/Oslovann/posts/pfbid02S4iFAthoRfSTBNiFXn7ZDbX5NskxwXdWRVGrpGcooe3figUZWtExbb4ukHXhfV8kl,A3,Water conservation / drought / demand management,B4,Reassurance / safety information,Risk / incident communication
603104276410211,1291,U04,2013,Norwegian,https://www.facebook.com/Oslovann/posts/pfbid02RTKy9EApdfFDrXZ7LsixC867fKsegYFxCTfPp9YoA5HKhWAhjdB6CkCr9mnsb4d5l,A7,Routine / institutional / customer service / other,B5,Education / awareness,Education / awareness
1356935114330131,1292,U03,2016,Portuguese,https://www.facebook.com/EPALaguaslivres/posts/pfbid02uc8PTKDGgqNgHrWpGWupMbQ8PVi1xN4KrFkFuGXjujjVuKHdGsqCojw4b3JoHBial,A7,Routine / institutional / customer service / other,B6,Institutional promotion / community news,Institutional / community communication
2375012196145489,1293,U12,2019,Finnish,https://www.facebook.com/turunvesihuolto/posts/pfbid0WzJCg6EcYRAztkbyjjZwLebkFQBjR6FKuLB2CzQCXtiW4fMBkUpfwej64vN5Kjdol,A7,Routine / institutional / customer service / other,B6,Institutional promotion / community news,Institutional / community communication
1441865056301151,1294,U09,2022,Italian,https://www.facebook.com/abcacquabenecomunenapoli/posts/pfbid08TbfRAqCbmymoEa3HMgmJU5MtozNC1vTK2xnYgkYVGsYrzWQbvfK9ww5aMjsfvxWl,A2,Service disruption / repair / infrastructure,B1,Alert / warning,Risk / incident communication
548314402322892,1295,U09,2019,Italian,https://www.facebook.com/abcacquabenecomunenapoli/posts/pfbid0zTTK2cJsbobJvZtaV56RXXfJVhPZuay8bRXA46hXq3668rHcaB5EdGT4H4UaZknDl,A2,Service disruption / repair / infrastructure,B1,Alert / warning,Risk / incident communication
10159510418789268,1296,U08,2021,French,https://www.facebook.com/photo/?fbid=10159510418789268&set=a.643560364467965,A6,Public education / heritage / community engagement,B6,Institutional promotion / community news,Institutional / community communication
578611595612016,1297,U05,2015,German,https://www.facebook.com/photo/?fbid=578611595612016&set=a.632073468958361,A7,Routine / institutional / customer service / other,B6,Institutional promotion / community news,Institutional / community communication
173162749471393,1298,U03,2012,Portuguese,https://www.facebook.com/EPALaguaslivres/posts/173162749471393,A3,Water conservation / drought / demand management,B5,Education / awareness,Education / awareness
999990383821956,1299,U09,2021,Italian,https://www.facebook.com/abcacquabenecomunenapoli/posts/pfbid0tGG9YoM2MKpDqqoGCbfu7XE4RHJqFJVTyGGgoyJJXCRsTZR3iooyaLD8iKYtNhCql,A2,Service disruption / repair / infrastructure,B1,Alert / warning,Risk / incident communication
1240566016096476,1300,U02,2019,German,https://www.facebook.com/HamburgWasser/posts/pfbid02VD6K27UKxujpA4E9zVS7FJZs3nEGjhNR56FLUkZx99YrypFsGiULgkdgZ4v59ic8l,A7,Routine / institutional / customer service / other,B2,Instruction / advice to public,Risk / incident communication
1079292645480762,1301,U01,2016,Finnish,https://www.facebook.com/helsinginseudunymparistopalvelut/videos/1079292645480762/,A7,Routine / institutional / customer service / other,B5,Education / awareness,Education / awareness
3034244149985592,1302,U01,2020,Finnish,https://www.facebook.com/helsinginseudunymparistopalvelut/videos/262658118502048/,A6,Public education / heritage / community engagement,B6,Institutional promotion / community news,Institutional / community communication
1338789786143417,1303,U07,2017,Dutch,https://www.facebook.com/photo/?fbid=1338789786143417&set=a.604897090983332,A7,Routine / institutional / customer service / other,B6,Institutional promotion / community news,Institutional / community communication
4129069273836402,1304,U01,2021,Finnish,https://www.facebook.com/helsinginseudunymparistopalvelut/posts/pfbid02UtxqUUBjrUSCGUaZuND7mcmdQYV4PSdcuLn6gLfYcvSR18FtHZcK6cT9G4vukSwzl,A5,Environmental sustainability / waste / recycling / biodiversity,B2,Instruction / advice to public,Risk / incident communication
10158542118116714,1305,U10,2022,Swedish,https://www.facebook.com/stockholmvattenochavfall/posts/pfbid02ag29MVMPvzgjU9h7m95neYyAiLV1BWr5KmiKRgxxe7g8cVi9TP7DCTDb114zNaULl,A3,Water conservation / drought / demand management,B5,Education / awareness,Education / awareness
4346294602113867,1306,U01,2021,Finnish,https://www.facebook.com/helsinginseudunymparistopalvelut/posts/pfbid0zybYgYcfpwaSgU2krPoa47YP6UCDbkUqsdi33A5J4xxk2SqvDqtpPc3AuopcpvdXl,A5,Environmental sustainability / waste / recycling / biodiversity,B5,Education / awareness,Education / awareness
888363567907005,1307,U01,2015,Finnish,https://www.facebook.com/helsinginseudunymparistopalvelut/posts/888363567907005,A4,Flood / stormwater / wastewater / sewer,B5,Education / awareness,Education / awareness
5201518799871724,1308,U03,2022,Portuguese,https://www.facebook.com/EPALaguaslivres/posts/pfbid0YwmRQfQT7wFDQJJB8zcemdb8f2RJ69VQHhK7ScL7P3n8QCmGUCVbm9pWHnUJ5j87l,A7,Routine / institutional / customer service / other,B5,Education / awareness,Education / awareness
10155827716504268,1309,U08,2017,French,https://www.facebook.com/photo/?fbid=10155827716504268&set=a.643560364467965,A5,Environmental sustainability / waste / recycling / biodiversity,B5,Education / awareness,Education / awareness
2314250591931907,1310,U03,2019,Portuguese,https://www.facebook.com/EPALaguaslivres/posts/pfbid09gFt6J9PFnq4uveABHzGhp8R3myEDvVFtubXidVYQw1GEfE1fDjzhZgCQHNRz5Rzl,A7,Routine / institutional / customer service / other,B6,Institutional promotion / community news,Institutional / community communication
5009961429080511,1311,U01,2022,Finnish,https://www.facebook.com/helsinginseudunymparistopalvelut/posts/pfbid02QGxk584odg6w1xm3V9FNyRix1yJwWDKPmBiBQTR98nt9sFRNtSfveuiysE2DVnmkl,A2,Service disruption / repair / infrastructure,B2,Instruction / advice to public,Risk / incident communication
2188287134581302,1312,U01,2019,Finnish,https://www.facebook.com/helsinginseudunymparistopalvelut/posts/pfbid02i3MnqHzQoNadku9bMMNh5hUVCc3sVvFY4gJN85iEUjRLNWxGRyfUMaWTqpQQ52cql,A5,Environmental sustainability / waste / recycling / biodiversity,B2,Instruction / advice to public,Risk / incident communication
10158133015239268,1313,U08,2019,French,https://www.facebook.com/eaudeparis/videos/606633753471611/,A7,Routine / institutional / customer service / other,B6,Institutional promotion / community news,Institutional / community communication
1278997945457182,1314,U03,2016,Portuguese,https://www.facebook.com/photo/?fbid=1278997945457182&set=a.636558505181850,A7,Routine / institutional / customer service / other,B6,Institutional promotion / community news,Institutional / community communication
1960404113983225,1315,U03,2018,Portuguese,https://www.facebook.com/EPALaguaslivres/posts/pfbid0upUBkCksBh3EhDKWmrkAtdoefFSSPHy3BSnvCvqNVi5z8wtn8nnaDFK3d5j36FZLl,A7,Routine / institutional / customer service / other,B6,Institutional promotion / community news,Institutional / community communication
270874579602862,1316,U03,2011,Portuguese,https://www.facebook.com/EPALaguaslivres/posts/pfbid02Nth7iALTHSqp2gwcEtKvmMoUD73ThTegxagTbhEARtv9EoW9AfC2K3XQcNdtH9CEl,A2,Service disruption / repair / infrastructure,B2,Instruction / advice to public,Risk / incident communication
688309694526013,1317,U03,2013,Portuguese,https://www.facebook.com/EPALaguaslivres/posts/688309694526013,A6,Public education / heritage / community engagement,B6,Institutional promotion / community news,Institutional / community communication
2168038153219819,1318,U03,2018,Portuguese,https://www.facebook.com/EPALaguaslivres/posts/pfbid0S2xw5dtUARXjNXY8Xi79Nm9kZBfTm2wD7BQ7qiqum5qhzH6hNJrsfMywSVRgnWdxl,A7,Routine / institutional / customer service / other,B6,Institutional promotion / community news,Institutional / community communication
980489684116736,1319,U05,2024,German,https://www.facebook.com/reel/1599572227646178/,A4,Flood / stormwater / wastewater / sewer,B5,Education / awareness,Education / awareness
672224456134537,1320,U03,2013,Portuguese,https://www.facebook.com/photo/?fbid=672224456134537&set=a.653490278007955,A7,Routine / institutional / customer service / other,B6,Institutional promotion / community news,Institutional / community communication
5497875843622398,1321,U01,2022,Finnish,https://www.facebook.com/helsinginseudunymparistopalvelut/posts/pfbid0TiP3yekY7HKXP3TAVEXCk88b8mU6fJp9jrVyGLL3z13R7wGWkftcJuxSg5yunVGml,A7,Routine / institutional / customer service / other,B6,Institutional promotion / community news,Institutional / community communication
5793236014033330,1322,U03,2022,Portuguese,https://www.facebook.com/EPALaguaslivres/posts/pfbid0EzSxNE1P7bY6HvE3RfxZiiR3CuiDbj5JK472XXxCDpP5Lrw2c5XtDU6wy7fsUvmpl,A7,Routine / institutional / customer service / other,B6,Institutional promotion / community news,Institutional / community communication
1348707383715977,1323,U09,2025,Italian,https://www.facebook.com/abcacquabenecomunenapoli/posts/pfbid02TbVwPfJaC2FtzS344r8QcncYeJXwMopUMBxBC2Mhupcn3WNUsYVjcWQwX1mwpQLVl,A2,Service disruption / repair / infrastructure,B1,Alert / warning,Risk / incident communication
4578063912270267,1324,U01,2021,Finnish,https://www.facebook.com/helsinginseudunymparistopalvelut/videos/276223301216858/,A4,Flood / stormwater / wastewater / sewer,B2,Instruction / advice to public,Risk / incident communication
480000215387285,1325,U04,2013,Norwegian,https://www.facebook.com/photo/?fbid=480000215387285&set=a.485581470263619,A4,Flood / stormwater / wastewater / sewer,B5,Education / awareness,Education / awareness
962979687112059,1326,U01,2016,Finnish,https://www.facebook.com/photo/?fbid=962979687112059&set=a.476477601183072,A7,Routine / institutional / customer service / other,B6,Institutional promotion / community news,Institutional / community communication
2138385473141497,1327,U12,2019,Finnish,https://www.facebook.com/turunvesihuolto/posts/pfbid02nozHUejYMwQGDy9vqT5CRDMivP1JgifKdM6FXthvZLhTdHnJ8YYktaKnFmuHpvj6l,A6,Public education / heritage / community engagement,B6,Institutional promotion / community news,Institutional / community communication
721182796693645,1328,U02,2023,German,https://www.facebook.com/HamburgWasser/videos/203327496081565/,A4,Flood / stormwater / wastewater / sewer,B5,Education / awareness,Education / awareness
2064210553892323,1329,U12,2018,Finnish,https://www.facebook.com/turunvesihuolto/posts/pfbid02RkakC1n7UZrTF6WcbtZXje1hqmJfiMamzXYoHxn3xaiE2oJrxGmKtApWQJqLnprjl,A7,Routine / institutional / customer service / other,B6,Institutional promotion / community news,Institutional / community communication
1520438598109215,1330,U02,2020,German,https://www.facebook.com/HamburgWasser/posts/pfbid0ozTsxwrPt26Azcx2bko4zy67jQaiRLkNzCedEo6aKhHxBpPTDGouQiR9yBkJRrgtl,A7,Routine / institutional / customer service / other,B6,Institutional promotion / community news,Institutional / community communication
1319332706862080,1331,U10,2025,Swedish,https://www.facebook.com/stockholmvattenochavfall/videos/10093566700741930/,A7,Routine / institutional / customer service / other,B5,Education / awareness,Education / awareness
4064128370276198,1332,U07,2021,Dutch,https://www.facebook.com/FARYSmultiservice/videos/315175303542729/,A7,Routine / institutional / customer service / other,B6,Institutional promotion / community news,Institutional / community communication
775998399090475,1333,U03,2014,Portuguese,https://www.facebook.com/EPALaguaslivres/posts/pfbid02ZSdeycCBMjceFEP1QE5rEPPSEgw9tzHSsb2vYrp1QGv1p5frGmk43zJj5dBPLu3l,A7,Routine / institutional / customer service / other,B6,Institutional promotion / community news,Institutional / community communication
850649588292022,1334,U03,2014,Portuguese,https://www.facebook.com/EPALaguaslivres/posts/850649588292022,A7,Routine / institutional / customer service / other,B6,Institutional promotion / community news,Institutional / community communication
4269294756427471,1335,U03,2021,Portuguese,https://www.facebook.com/EPALaguaslivres/videos/3938825272874795/,A3,Water conservation / drought / demand management,B2,Instruction / advice to public,Risk / incident communication
1333651402132350,1336,U01,2026,Finnish,https://www.facebook.com/helsinginseudunymparistopalvelut/posts/pfbid02Pg1oaGYvZHRYuVFNDfo5cgPmEWJiudm9bUrNqS77VATNLwZSxSGNMwvFYTjHGW6Nl,A6,Public education / heritage / community engagement,B6,Institutional promotion / community news,Institutional / community communication
1589356781141010,1337,U01,2018,Finnish,https://www.facebook.com/helsinginseudunymparistopalvelut/posts/pfbid02Jq1y43FuhWgU5FmFBZmabhaf6ns2GTzEWE8aHeFKwtKwGZr6U4jBMiVdGwPzk8nel,A7,Routine / institutional / customer service / other,B6,Institutional promotion / community news,Institutional / community communication
1208963575923387,1338,U02,2019,German,https://www.facebook.com/HamburgWasser/videos/481988078995046/,A4,Flood / stormwater / wastewater / sewer,B6,Institutional promotion / community news,Institutional / community communication
1621971527955921,1339,U02,2020,German,https://www.facebook.com/HamburgWasser/posts/pfbid0e95SZpieVXAe5vRpUNz92D3bmAdV5PqJayaJ3nQVifNqKRNbzxbiRJtDZvyXL1Tjl,A7,Routine / institutional / customer service / other,B6,Institutional promotion / community news,Institutional / community communication
3881750585234940,1340,U01,2021,Finnish,https://www.facebook.com/helsinginseudunymparistopalvelut/posts/pfbid02JNG6GPM8FUXUsarpz3VZWG3194T1CScEkG4Uq5ErWU6JKsXN2oqNNpCvBJ61Aw6xl,A4,Flood / stormwater / wastewater / sewer,B5,Education / awareness,Education / awareness
1843135745710063,1341,U03,2018,Portuguese,https://www.facebook.com/EPALaguaslivres/posts/pfbid0Pn2GXsbntW14ESG6Mm6fgQmnmfYcgqTTP2auW1737AmDZmf3wL6tvD3PJu1MC8wSl,A6,Public education / heritage / community engagement,B6,Institutional promotion / community news,Institutional / community communication
1650360561654250,1342,U03,2017,Portuguese,https://www.facebook.com/EPALaguaslivres/posts/pfbid0359H1vbJf3K85cWS7m71RGsnRns3H118TDcWrqG6CQRVFAXmP76P6Z8msTWUbeexDl,A7,Routine / institutional / customer service / other,B6,Institutional promotion / community news,Institutional / community communication
4312079128815700,1343,U03,2021,Portuguese,https://www.facebook.com/EPALaguaslivres/posts/pfbid02Ybfr4uzf2dQFrTwmgAjnXVT8EKEFuweU2zFXKFobmMXdziMva78aNFaE3PAwdR75l,A7,Routine / institutional / customer service / other,B6,Institutional promotion / community news,Institutional / community communication
1187629325058060,1344,U09,2021,Italian,https://www.facebook.com/abcacquabenecomunenapoli/posts/pfbid0zFzCQ6RSH9pJg7WrUrDcs5BStrmgBgPuGLUWLZyny1gNHibuKttjUrHGZ9Vj9DYtl,A2,Service disruption / repair / infrastructure,B1,Alert / warning,Risk / incident communication
10160402524304268,1345,U08,2022,French,https://www.facebook.com/eaudeparis/posts/pfbid0CbyCyF19wc7ryhqL7hmG5Sh6buiQbw7NyB81R1CYADAbqkZf6rz4oVgsJoyqB7Dvl,A6,Public education / heritage / community engagement,B6,Institutional promotion / community news,Institutional / community communication
1544339266053729,1346,U09,2023,Italian,https://www.facebook.com/abcacquabenecomunenapoli/posts/pfbid0DDTpP7HufQufk82fLQVL3fb1HZZNfuLmCogMY8LRyZkTqaY6Rzdodo8nZDEwxKa2l,A2,Service disruption / repair / infrastructure,B1,Alert / warning,Risk / incident communication
1039792142827290,1347,U05,2017,German,https://www.facebook.com/wasserbetriebe/posts/pfbid0fZK4PCPqiLjjFmGBvPw8a5LV7REbY4pM3aRuVXd6HadfDUpn2xWJq4yMoAufLbq4l,A6,Public education / heritage / community engagement,B6,Institutional promotion / community news,Institutional / community communication
3061629217224359,1348,U04,2020,Norwegian,https://www.facebook.com/Oslovann/posts/pfbid02MjJwxMJcKWd3pFiTiiZhYcBVVffGnqHKdB7AzxCPMHJvteBwUUb1TQQppaudTgwdl,A4,Flood / stormwater / wastewater / sewer,B5,Education / awareness,Education / awareness
1330187620467648,1349,U02,2019,German,https://www.facebook.com/HamburgWasser/posts/pfbid027tHeku6gBFZaxsSGeCQDFkHCtP6D4ynCaXgs4CeravZ5wBFBcDhGA5wWcP3umuGAl,A7,Routine / institutional / customer service / other,B6,Institutional promotion / community news,Institutional / community communication
668175335346630,1350,U01,2023,Finnish,https://www.facebook.com/helsinginseudunymparistopalvelut/posts/pfbid02j9uJ553DU3AjRRVN8aGvehoDLZg1tpukEEsfgDR8eXSMu15RbtQ2vj2spteiEdk6l,A7,Routine / institutional / customer service / other,B6,Institutional promotion / community news,Institutional / community communication
1155140801640246,1351,U09,2021,Italian,https://www.facebook.com/abcacquabenecomunenapoli/posts/pfbid0MwDS9fUCwiACXddzpyQxpmNxWrosh2i8rYy7w1WRuS8VPHi47jrYB6v7T8YEXWhtl,A2,Service disruption / repair / infrastructure,B1,Alert / warning,Risk / incident communication
10158863584539268,1352,U08,2020,French,https://www.facebook.com/eaudeparis/posts/pfbid028nvjGat3epYnEWeSkZ4yeHTdk4uVwwmE3pJpYd2Fmv2ESWvV121H3LLJWzerm46Tl,A6,Public education / heritage / community engagement,B6,Institutional promotion / community news,Institutional / community communication
732887405543633,1353,U05,2023,German,https://www.facebook.com/reel/7452225558125333/,A4,Flood / stormwater / wastewater / sewer,B1,Alert / warning,Risk / incident communication
10160859989469268,1354,U08,2023,French,https://www.facebook.com/eaudeparis/posts/pfbid031suZaQEZ5u6fJUGZUB9odDFUBE58wnAK1Nc4dFHZFQxB69FQHibvCu5JuVNSbGHxl,A7,Routine / institutional / customer service / other,B6,Institutional promotion / community news,Institutional / community communication
1072403431590483,1355,U01,2025,Finnish,https://www.facebook.com/helsinginseudunymparistopalvelut/posts/pfbid0ybDZW9VSiByc1jf9YRfWHYfh4RtqrgkL7v8Sacr2Zv7sRiLU2DeEd75Cc3SFek5cl,A4,Flood / stormwater / wastewater / sewer,B2,Instruction / advice to public,Risk / incident communication
1715852301802064,1356,U04,2018,Norwegian,https://www.facebook.com/Oslovann/posts/pfbid08MGFnBRAvAofxSzshcYZ2DfAbQrt4qbeqzHVLQw8Q2s9Y7si9H1htas4jrU3vtGfl,A5,Environmental sustainability / waste / recycling / biodiversity,B6,Institutional promotion / community news,Institutional / community communication
10158006658626714,1357,U10,2021,Swedish,https://www.facebook.com/stockholmvattenochavfall/videos/327744835559462/,A3,Water conservation / drought / demand management,B5,Education / awareness,Education / awareness
10155768618906714,1358,U10,2018,Swedish,https://www.facebook.com/stockholmvattenochavfall/posts/pfbid02oHjC9N5Q1UJh3EB5QvgfUhYMtP76Srscy3bf8LhXsiJrvLzV1NSSQbY6YPRsvqjjl,A5,Environmental sustainability / waste / recycling / biodiversity,B5,Education / awareness,Education / awareness
420824447941207,1359,U03,2012,Portuguese,https://www.facebook.com/photo/?fbid=420824447941207&set=a.636558505181850,A2,Service disruption / repair / infrastructure,B5,Education / awareness,Education / awareness
1552136601940662,1360,U09,2023,Italian,https://www.facebook.com/abcacquabenecomunenapoli/posts/pfbid0etYSvV6wytcYgeM9f95mgAvt5t2e13S6QXkkn5iNToy87HvHpKKnrH2pNMt8Suiel,A2,Service disruption / repair / infrastructure,B1,Alert / warning,Risk / incident communication
5615559691800964,1361,U03,2022,Portuguese,https://www.facebook.com/EPALaguaslivres/posts/pfbid0TSyuZqhDNS5BD3raoahf22P6uZBcaC7YMLehsvY7XVZKgwLR6F9CDf2ESu9Lut1Al,A3,Water conservation / drought / demand management,B1,Alert / warning,Risk / incident communication
4360983440591935,1362,U03,2021,Portuguese,https://www.facebook.com/EPALaguaslivres/posts/pfbid02q4vzttJRKNupFMm3CFqub3qij3cceAZQhWyxU4iCQ2cC1SVZfn4H5C9jcqY8ZFnJl,A3,Water conservation / drought / demand management,B5,Education / awareness,Education / awareness
792773869309334,1363,U09,2023,Italian,https://www.facebook.com/abcacquabenecomunenapoli/posts/pfbid07jDyTJMYZ9rXq2bHw5r2w2LM7WqdYLVyeLKmDmjC5VrcAbbivdMtb38iJNzJShzBl,A2,Service disruption / repair / infrastructure,B1,Alert / warning,Risk / incident communication
661308067279224,1364,U01,2014,Finnish,https://www.facebook.com/helsinginseudunymparistopalvelut/posts/661308067279224,A7,Routine / institutional / customer service / other,B6,Institutional promotion / community news,Institutional / community communication
759859569656977,1365,U11,2024,Finnish,https://www.facebook.com/tampereenvesi/posts/pfbid0k477xQLkVwEzBWt1WqQ3VQtyp4bxzbqmDHtqWbugBHAtgdTnHfLxSZtgWqipa5Uil,A7,Routine / institutional / customer service / other,B6,Institutional promotion / community news,Institutional / community communication
5402654949758107,1366,U03,2022,Portuguese,https://www.facebook.com/EPALaguaslivres/posts/pfbid0sRmmapF6A4UmJ9At9dUTXrtCJ5x8RL6Lt5dHVJUoGpXhF86qsKRwvewVNFdUz9Xdl,A6,Public education / heritage / community engagement,B6,Institutional promotion / community news,Institutional / community communication
3615175941892407,1367,U01,2021,Finnish,https://www.facebook.com/helsinginseudunymparistopalvelut/posts/pfbid02etyhYqanReCbB5Y2sVUM5zTb78KH8ZuYqxMhzPGM1uCbbwNYCr6EAMJJkyfAfMWNl,A5,Environmental sustainability / waste / recycling / biodiversity,B2,Instruction / advice to public,Risk / incident communication
3153403768046903,1368,U04,2020,Norwegian,https://www.facebook.com/Oslovann/posts/pfbid029XjkmGNoQmBoqVPMPsRDHtYHez9u78iUNe8Z8dffZnVV4HGy6gy9iy4HF3mkMQFEl,A4,Flood / stormwater / wastewater / sewer,B1,Alert / warning,Risk / incident communication
5270154339705158,1369,U04,2022,Norwegian,https://www.facebook.com/Oslovann/posts/pfbid02gfCVrY1qNrifQHjk9q3N1JSUYL4B2V4w1mFr7apzrE9CwhEd7qAEhthT8dadHVmfl,A4,Flood / stormwater / wastewater / sewer,B5,Education / awareness,Education / awareness
3428048457271824,1370,U01,2020,Finnish,https://www.facebook.com/helsinginseudunymparistopalvelut/posts/pfbid0TeZL9KhKmty7seXKDLtY9LN55h8qXA8jB4bjK5s7Na6K8L5Yq1SNR7g3jHvf6WXUl,A5,Environmental sustainability / waste / recycling / biodiversity,B2,Instruction / advice to public,Risk / incident communication
910498612423311,1371,U05,2017,German,https://www.facebook.com/wasserbetriebe/posts/910498612423311,A4,Flood / stormwater / wastewater / sewer,B5,Education / awareness,Education / awareness
610412125679426,1372,U04,2014,Norwegian,https://www.facebook.com/photo/?fbid=610412125679426&set=a.485581470263619,A4,Flood / stormwater / wastewater / sewer,B5,Education / awareness,Education / awareness
2095868067103495,1373,U03,2018,Portuguese,https://www.facebook.com/EPALaguaslivres/posts/pfbid0219rwEMvPFkxZM5c6kJ8MFjbbfP6rpuSMKYbpV25nqpD85SNchzY7Bwr1A6D89Ssul,A7,Routine / institutional / customer service / other,B6,Institutional promotion / community news,Institutional / community communication
143068152493698,1374,U03,2012,Portuguese,https://www.facebook.com/EPALaguaslivres/posts/143068152493698,A6,Public education / heritage / community engagement,B6,Institutional promotion / community news,Institutional / community communication
1627166687423163,1375,U05,2019,German,https://www.facebook.com/wasserbetriebe/posts/pfbid0Rt1Xh1zx31z1Lw6sECu32YNBNXqPegYTTWybVqNp3FMgaMH4Q3PPfbeccc5tHuy6l,A7,Routine / institutional / customer service / other,B6,Institutional promotion / community news,Institutional / community communication
1215497445604581,1376,U09,2021,Italian,https://www.facebook.com/abcacquabenecomunenapoli/posts/pfbid02K664SmmhyeRmcdZucvr8Lk158EQ5KWpdMF4xwqFEaoQTUkWbe1NB5PNKJAUkGdCJl,A2,Service disruption / repair / infrastructure,B1,Alert / warning,Risk / incident communication
999736770103017,1377,U01,2016,Finnish,https://www.facebook.com/helsinginseudunymparistopalvelut/posts/999736770103017,A5,Environmental sustainability / waste / recycling / biodiversity,B6,Institutional promotion / community news,Institutional / community communication
753810291362334,1378,U01,2014,Finnish,https://www.facebook.com/helsinginseudunymparistopalvelut/posts/753810291362334,A5,Environmental sustainability / waste / recycling / biodiversity,B2,Instruction / advice to public,Risk / incident communication
5309843662402892,1379,U04,2022,Norwegian,https://www.facebook.com/Oslovann/posts/pfbid035dzubtoPCeK5SfECotQdofjJnqqtqnpnPvZoVaeKSt6ZGbWdCjzSf9cnviMDcVeel,A3,Water conservation / drought / demand management,B5,Education / awareness,Education / awareness
10158662691764268,1380,U08,2020,French,https://www.facebook.com/eaudeparis/videos/548712919179066/,A3,Water conservation / drought / demand management,B5,Education / awareness,Education / awareness
1718509131635493,1381,U02,2020,German,https://www.facebook.com/HamburgWasser/videos/507796193404876/,A7,Routine / institutional / customer service / other,B5,Education / awareness,Education / awareness
1138446632845648,1382,U03,2016,Portuguese,https://www.facebook.com/EPALaguaslivres/posts/1138446632845648,A7,Routine / institutional / customer service / other,B5,Education / awareness,Education / awareness
654644631278901,1383,U01,2014,Finnish,https://www.facebook.com/helsinginseudunymparistopalvelut/posts/654644631278901,A7,Routine / institutional / customer service / other,B6,Institutional promotion / community news,Institutional / community communication
1180695863403449,1384,U07,2024,Dutch,https://www.facebook.com/FARYSmultiservice/posts/pfbid02R8sVSycujoWgGkHXfULacqzWSHSZVJiYUPgtQectY3kVNzrDx8dNwU7mHU9FDeDxl,A2,Service disruption / repair / infrastructure,B3,Operational update / resolution,Risk / incident communication
288805144476472,1385,U03,2011,Portuguese,https://www.facebook.com/EPALaguaslivres/posts/pfbid022c4bNcpd2ccENQ8MXU4wscMHKP5mmAyeBzc3KrmNEwwp29ZQ1PebizZbg46Q62Z1l,A5,Environmental sustainability / waste / recycling / biodiversity,B5,Education / awareness,Education / awareness
10158688124886714,1386,U10,2022,Swedish,https://www.facebook.com/stockholmvattenochavfall/videos/365323628954183/,A1,Water quality / safety / public health,B5,Education / awareness,Education / awareness
290390734317913,1387,U03,2011,Portuguese,https://www.facebook.com/EPALaguaslivres/posts/pfbid0kJJYHWpMMDMqrsjJpjn3QK3UngobwPT7oc5NEMQ65j63ZVoC9F2oShQuAym4czAtl,A2,Service disruption / repair / infrastructure,B1,Alert / warning,Risk / incident communication
2525293867524566,1388,U04,2019,Norwegian,https://www.facebook.com/Oslovann/posts/pfbid02VWZohmsNLsUrMtvt1JijXJYv3Vx9YExVbFyhpJXcaQZtqUN5H8Xzc3ef3RFvvneXl,A7,Routine / institutional / customer service / other,B6,Institutional promotion / community news,Institutional / community communication
1179064019247924,1389,U09,2021,Italian,https://www.facebook.com/abcacquabenecomunenapoli/posts/pfbid02sd8TvfqVGrzJpcbjrQ9GXuDcEiN3cH3JxNEWojQxxTYMu4U4AeZt3rd2E8oWphWHl,A2,Service disruption / repair / infrastructure,B1,Alert / warning,Risk / incident communication
2188473264625833,1390,U05,2021,German,https://www.facebook.com/wasserbetriebe/posts/pfbid035Av2fddGxx6xjER5zM8zuuFND4riia7vShqDDEN5J6FSJmT9JwWZBzAuaeXe5Qzwl,A4,Flood / stormwater / wastewater / sewer,B3,Operational update / resolution,Risk / incident communication
1305475209605556,1391,U02,2019,German,https://www.facebook.com/HamburgWasser/videos/444452929454988/,A7,Routine / institutional / customer service / other,B5,Education / awareness,Education / awareness
1451619395325717,1392,U09,2022,Italian,https://www.facebook.com/abcacquabenecomunenapoli/posts/pfbid0MMMqUqW59YY1aP2pZFkysdQZtftnExnkn2LFDziHVPBuEtY2AWGzVUuWqGQo4NEEl,A6,Public education / heritage / community engagement,B6,Institutional promotion / community news,Institutional / community communication
3391335960943074,1393,U01,2020,Finnish,https://www.facebook.com/helsinginseudunymparistopalvelut/posts/pfbid0zazM1MkDpGmH7KwowSj8W4q6YiKdMwsCrWgyoGGb9H9gF7JkR2JQuVSHT2VpFbsZl,A5,Environmental sustainability / waste / recycling / biodiversity,B2,Instruction / advice to public,Risk / incident communication
454384088034768,1394,U05,2014,German,https://www.facebook.com/photo/?fbid=454384088034768&set=a.632073468958361,A4,Flood / stormwater / wastewater / sewer,B5,Education / awareness,Education / awareness
2703427166637322,1395,U12,2020,Finnish,https://www.facebook.com/turunvesihuolto/posts/pfbid075shyDsitebDGpGs1BzxV6umYW4bYJjD1SiTZrmDphfe8QovUFUw1iHZ8HzeRKncl,A6,Public education / heritage / community engagement,B5,Education / awareness,Education / awareness
893135917376722,1396,U03,2015,Portuguese,https://www.facebook.com/photo/?fbid=893135917376722&set=a.636558505181850,A7,Routine / institutional / customer service / other,B6,Institutional promotion / community news,Institutional / community communication
1471551299588226,1397,U01,2017,Finnish,https://www.facebook.com/helsinginseudunymparistopalvelut/posts/pfbid02QprKrJSzihZqdBM33Z8ULZJEQdiJwDF8apgM1irFbFdF1KJ6ArMQKaLrDA89YwEnl,A5,Environmental sustainability / waste / recycling / biodiversity,B5,Education / awareness,Education / awareness
937892188130834,1398,U09,2024,Italian,https://www.facebook.com/abcacquabenecomunenapoli/posts/pfbid02r8xpKzzQdXwtQwf1E7ZRUApdebC1LsnDFaCTHpLCH2CvwqR7inHykRptgXzjAxTPl,A2,Service disruption / repair / infrastructure,B1,Alert / warning,Risk / incident communication
966194440070869,1399,U03,2015,Portuguese,https://www.facebook.com/EPALaguaslivres/posts/pfbid02DuejnU8osVTmKgQUsGKMAdCBC2ADx5BPKMafg29DKsNHgMe8jEFh8SYNK7n5cu1hl,A6,Public education / heritage / community engagement,B6,Institutional promotion / community news,Institutional / community communication
976415342435160,1400,U01,2016,Finnish,https://www.facebook.com/helsinginseudunymparistopalvelut/posts/976415342435160,A6,Public education / heritage / community engagement,B6,Institutional promotion / community news,Institutional / community communication
10158642098426714,1401,U10,2022,Swedish,https://www.facebook.com/stockholmvattenochavfall/videos/1052413342043280/,A5,Environmental sustainability / waste / recycling / biodiversity,B2,Instruction / advice to public,Risk / incident communication
886730894736939,1402,U01,2015,Finnish,https://www.facebook.com/helsinginseudunymparistopalvelut/posts/886730894736939,A7,Routine / institutional / customer service / other,B6,Institutional promotion / community news,Institutional / community communication
488741723289993,1403,U01,2022,Finnish,https://www.facebook.com/helsinginseudunymparistopalvelut/posts/pfbid0F4beuvgpPrAKMmbAPceMZyzrg7U2AySCb7Ye4FTYZjjWqVpxVoHaQobThD4eWiDfl,A2,Service disruption / repair / infrastructure,B2,Instruction / advice to public,Risk / incident communication
2550755298281434,1404,U03,2019,Portuguese,https://www.facebook.com/EPALaguaslivres/posts/pfbid0zGCsAVvz8pLFse1ysmjtqczENaBwmuwFHm7WDYWMohr9w1cn95ix6ddVRFws9K3Ml,A7,Routine / institutional / customer service / other,B6,Institutional promotion / community news,Institutional / community communication
740430162647299,1405,U03,2014,Portuguese,https://www.facebook.com/photo/?fbid=740430162647299&set=a.636558505181850,A3,Water conservation / drought / demand management,B5,Education / awareness,Education / awareness
839375411527938,1406,U12,2023,Finnish,https://www.facebook.com/reel/372332618654518/,A1,Water quality / safety / public health,B6,Institutional promotion / community news,Institutional / community communication
842060435817604,1407,U03,2014,Portuguese,https://www.facebook.com/photo/?fbid=842060435817604&set=a.636558505181850,A3,Water conservation / drought / demand management,B5,Education / awareness,Education / awareness
2646695928740418,1408,U01,2019,Finnish,https://www.facebook.com/helsinginseudunymparistopalvelut/posts/pfbid02yMtjLCWn1p8z2dpvNeGvc1aepD6YgEz5VtZk2Ewmubyk1jzazu7zCtPaU5pF79Whl,A5,Environmental sustainability / waste / recycling / biodiversity,B2,Instruction / advice to public,Risk / incident communication
238727909555004,1409,U03,2012,Portuguese,https://www.facebook.com/EPALaguaslivres/posts/238727909555004,A3,Water conservation / drought / demand management,B5,Education / awareness,Education / awareness
1449097821780526,1410,U03,2017,Portuguese,https://www.facebook.com/EPALaguaslivres/posts/1449097821780526,A6,Public education / heritage / community engagement,B6,Institutional promotion / community news,Institutional / community communication
10153675246554268,1411,U08,2015,French,https://www.facebook.com/photo/?fbid=10153675246554268&set=a.643560364467965,A7,Routine / institutional / customer service / other,B6,Institutional promotion / community news,Institutional / community communication
1033756083778719,1412,U09,2021,Italian,https://www.facebook.com/abcacquabenecomunenapoli/posts/pfbid02mNYzT3kpvojeTwG8TYbzfWaPPaiRUGzFr4LSX6CuQD2ew5KowowgHcCnMLy2gdQyl,A2,Service disruption / repair / infrastructure,B1,Alert / warning,Risk / incident communication
10155026134806714,1413,U10,2018,Swedish,https://www.facebook.com/stockholmvattenochavfall/posts/pfbid02qVPqD3iqRxQYf4bV4w7PYcBLnQdyYkgrgKH7RpxHcWg7qPKrVRWuLSXSVDPFGpCkl,A5,Environmental sustainability / waste / recycling / biodiversity,B2,Instruction / advice to public,Risk / incident communication
1577724575584516,1414,U03,2017,Portuguese,https://www.facebook.com/photo/?fbid=1577724575584516&set=a.636558505181850,A7,Routine / institutional / customer service / other,B6,Institutional promotion / community news,Institutional / community communication
336716933018626,1415,U03,2012,Portuguese,https://www.facebook.com/EPALaguaslivres/posts/pfbid02jPZ6Me29MXaBPyAt7jvxXNFBPpFeEoe6Ubpz96LFap35CTs31dymx9bzJkFDuYNGl,A2,Service disruption / repair / infrastructure,B1,Alert / warning,Risk / incident communication
1117467345059769,1416,U05,2018,German,https://www.facebook.com/wasserbetriebe/posts/pfbid02KNUDJQd159jkgA3HZ9uDY55gA7tKFkKXbv4GGTZWrZWujnYodRX8RQvYvTPtwCBDl,A7,Routine / institutional / customer service / other,B6,Institutional promotion / community news,Institutional / community communication
10159695935094268,1417,U08,2021,French,https://www.facebook.com/photo/?fbid=10159695935094268&set=a.643560364467965,A6,Public education / heritage / community engagement,B6,Institutional promotion / community news,Institutional / community communication
724800277543621,1418,U03,2014,Portuguese,https://www.facebook.com/photo/?fbid=724800277543621&set=a.636558505181850,A1,Water quality / safety / public health,B2,Instruction / advice to public,Risk / incident communication
4256269537729993,1419,U03,2021,Portuguese,https://www.facebook.com/EPALaguaslivres/posts/pfbid02mHdxDvny9icVEGnQW3AZtJSLCexu8zncy1hY9QozANYgwuibRwZ8QRVDzkuUjUPQl,A5,Environmental sustainability / waste / recycling / biodiversity,B6,Institutional promotion / community news,Institutional / community communication
2256061097867049,1420,U05,2021,German,https://www.facebook.com/wasserbetriebe/posts/pfbid05TWyE7nSnB8fipGukWX4hbi2TnyxuY9bbdyX5fNZXuPYfmarVMEEsSbsfTko3Zool,A4,Flood / stormwater / wastewater / sewer,B5,Education / awareness,Education / awareness
637069062983410,1421,U03,2013,Portuguese,https://www.facebook.com/photo/?fbid=637069062983410&set=a.636558505181850,A1,Water quality / safety / public health,B2,Instruction / advice to public,Risk / incident communication
642754854546279,1422,U04,2023,Norwegian,https://www.facebook.com/Oslovann/posts/pfbid0vdyZGN4q2Twp6qPtdEiRNCxLSF7Qq5Vw8pMjmFFFhReoq36VA7SYKcugBaxFr6FUl,A7,Routine / institutional / customer service / other,B6,Institutional promotion / community news,Institutional / community communication
1221482978339361,1423,U09,2022,Italian,https://www.facebook.com/abcacquabenecomunenapoli/posts/pfbid035rLfro5v7844aX4dBhA7y96KP2gffQbF12GFJJnerfejqQZEC4dsaDVTuXZcmsRdl,A2,Service disruption / repair / infrastructure,B1,Alert / warning,Risk / incident communication
1826289554190783,1424,U02,2020,German,https://www.facebook.com/HamburgWasser/posts/pfbid0c9KBMm4SacDCZ3kpGC7oyka6iYShVvuvQQpTMmbHs4A8FRsaMqJVBg8JrZNMP2gfl,A7,Routine / institutional / customer service / other,B6,Institutional promotion / community news,Institutional / community communication
4223298684360412,1425,U03,2021,Portuguese,https://www.facebook.com/EPALaguaslivres/posts/pfbid0Fz7QVEWPJ62Lv7MHogKaBoS4MG5wwrtBiCtpFA7o3wu8dLd9JBwCU6rZE8igD5xVl,A6,Public education / heritage / community engagement,B5,Education / awareness,Education / awareness
3048261685227779,1426,U04,2020,Norwegian,https://www.facebook.com/Oslovann/posts/pfbid0cJpH6dMwBq5wAF2qQBY5pCKuYF3RGhBtwj944DJN6FBQhUe66zbz25bvMqMUv65El,A4,Flood / stormwater / wastewater / sewer,B5,Education / awareness,Education / awareness
2378535999126442,1427,U12,2019,Finnish,https://www.facebook.com/turunvesihuolto/posts/pfbid026JLHsVFYL34kEjaPuSTC3B6Er5Vkz3jB1LdbtyVBwvJb7Z6dveSpNpVcd52NToqBl,A7,Routine / institutional / customer service / other,B6,Institutional promotion / community news,Institutional / community communication
4440526709357322,1428,U01,2021,Finnish,https://www.facebook.com/helsinginseudunymparistopalvelut/posts/pfbid0TrgRdpUJppRbmCY5TXDyyhBcU61D6tYYErooPaQ6PYffxxpQdHzjXWHc8xRVXAg6l,A5,Environmental sustainability / waste / recycling / biodiversity,B5,Education / awareness,Education / awareness
1865371853539500,1429,U01,2018,Finnish,https://www.facebook.com/helsinginseudunymparistopalvelut/posts/pfbid02wqDPvsJt286T5YonjuWEkbwV5csS3ej9tkBTGWGGYwuKCpw2w7qDn3Rg8Zucji2Pl,A6,Public education / heritage / community engagement,B6,Institutional promotion / community news,Institutional / community communication
714620071894975,1430,U03,2014,Portuguese,https://www.facebook.com/photo/?fbid=714620071894975&set=a.636558505181850,A7,Routine / institutional / customer service / other,B6,Institutional promotion / community news,Institutional / community communication
1035143519972061,1431,U02,2018,German,https://www.facebook.com/HamburgWasser/posts/pfbid0SKnQ2r7m8jNx96Yo4JEf5pZeDMDZEwQoDTVvMz2R4LmjSKBcZjYVfKmU7Usbfqp4l,A6,Public education / heritage / community engagement,B6,Institutional promotion / community news,Institutional / community communication
1970694286577284,1432,U12,2018,Finnish,https://www.facebook.com/turunvesihuolto/posts/pfbid02ojq4doTXtTkDEUUcS6NgvSqnNzZYkgY9qz3BQn4P8LnL7K3ZjGEpCSy2uAPoqDgXl,A1,Water quality / safety / public health,B2,Instruction / advice to public,Risk / incident communication
836001193493290,1433,U11,2020,Finnish,https://www.facebook.com/tampereenvesi/posts/pfbid0wghN73hXCUk51PM8Fm1kwWxHQ2ma97491WTfVZTY4RNMBHv9QkgeBoGK8fpkMggql,A1,Water quality / safety / public health,B5,Education / awareness,Education / awareness
591711584185825,1434,U03,2013,Portuguese,https://www.facebook.com/EPALaguaslivres/posts/591711584185825,A7,Routine / institutional / customer service / other,B6,Institutional promotion / community news,Institutional / community communication
2587893057954039,1435,U01,2019,Finnish,https://www.facebook.com/helsinginseudunymparistopalvelut/posts/pfbid029fvpUTyu3CxfM7px3acBckzbcT2puSdf7SvqeoKpQ1g6Zj1P2aNbU3P6jzkaveJGl,A7,Routine / institutional / customer service / other,B6,Institutional promotion / community news,Institutional / community communication
1494372667717056,1436,U09,2023,Italian,https://www.facebook.com/abcacquabenecomunenapoli/posts/pfbid0d3WvLdpiLeXn8oRoHLMTAgtxPY7s2e1UH62wYCZuNx6BZNwiwqCrUiJaDq4VoYiYl,A2,Service disruption / repair / infrastructure,B1,Alert / warning,Risk / incident communication
3269371696419787,1437,U03,2020,Portuguese,https://www.facebook.com/EPALaguaslivres/posts/pfbid02gLCMFGh3qqqVjscA7AsAfugZagCkbAPkAU9f9phVy5q6dRvMNdGAGAKzDC5paUWRl,A7,Routine / institutional / customer service / other,B2,Instruction / advice to public,Risk / incident communication
4103734122982289,1438,U07,2021,Dutch,https://www.facebook.com/FARYSmultiservice/posts/pfbid0YfPGZ2ZA2MBZyPPBMHspHhLfMpkXv9HvVWFEC9Ep8caApwdtF7b8dSea2Znpzh1el,A7,Routine / institutional / customer service / other,B5,Education / awareness,Education / awareness
963472953729399,1439,U01,2016,Finnish,https://www.facebook.com/photo/?fbid=963472953729399&set=a.957670564309638,A7,Routine / institutional / customer service / other,B6,Institutional promotion / community news,Institutional / community communication
532549406799032,1440,U04,2013,Norwegian,https://www.facebook.com/Oslovann/posts/532549406799032,A7,Routine / institutional / customer service / other,B6,Institutional promotion / community news,Institutional / community communication
624196327720209,1441,U05,2015,German,https://www.facebook.com/photo/?fbid=624196327720209&set=a.632073468958361,A4,Flood / stormwater / wastewater / sewer,B5,Education / awareness,Education / awareness
4960033910686882,1442,U03,2021,Portuguese,https://www.facebook.com/EPALaguaslivres/posts/pfbid02AU1pakqgyP3mYyev3vNNknpwDeRGbJ641t2NmsXDEoF76Muf31gxQ7Qfixv34Qbel,A7,Routine / institutional / customer service / other,B6,Institutional promotion / community news,Institutional / community communication
10159230229336714,1443,U10,2023,Swedish,https://www.facebook.com/stockholmvattenochavfall/videos/198073366383342/,A3,Water conservation / drought / demand management,B2,Instruction / advice to public,Risk / incident communication
918068227024005,1444,U01,2024,Finnish,https://www.facebook.com/helsinginseudunymparistopalvelut/posts/pfbid028nP5nokGrCMWaD5eeAMghYZmj3rZ6dbWMRSdWHCmndrEp5JAUHeDsVmpJhMSCedXl,A1,Water quality / safety / public health,B5,Education / awareness,Education / awareness
124899237642240,1445,U03,2012,Portuguese,https://www.facebook.com/EPALaguaslivres/posts/124899237642240,A7,Routine / institutional / customer service / other,B5,Education / awareness,Education / awareness
964406422146077,1446,U09,2024,Italian,https://www.facebook.com/abcacquabenecomunenapoli/posts/pfbid0Dkb4UsPgFHCTu9LYQqq6fwyoUAL4zVDEPdEBTbKfhyG1P3yTqaa6NTGmR1kCGRZ1l,A2,Service disruption / repair / infrastructure,B1,Alert / warning,Risk / incident communication
3889905961086069,1447,U01,2021,Finnish,https://www.facebook.com/helsinginseudunymparistopalvelut/posts/pfbid0EGWbwAYpnNo3516nQnw2kg3Qiw3WCJmkUqoyfwXWzaQLyHDuj7knCQYEhrzUkaobl,A4,Flood / stormwater / wastewater / sewer,B5,Education / awareness,Education / awareness
2095832857236450,1448,U02,2021,German,https://www.facebook.com/HamburgWasser/posts/pfbid0QCA88fPz4Fd3G6bmat2Un7hBNpAQpxswsYdZfyhbtGxxjqcYVZLCeL7w1RaG5EQdl,A7,Routine / institutional / customer service / other,B6,Institutional promotion / community news,Institutional / community communication
10159029150666714,1449,U10,2023,Swedish,https://www.facebook.com/stockholmvattenochavfall/posts/pfbid0mKc19ZdyTBpx7YJn8xBwajR7XDAv7hZhqQaUR4kCfU5JzvjXvrFUSBqEex4ZbR1El,A6,Public education / heritage / community engagement,B5,Education / awareness,Education / awareness
511219389365727,1450,U09,2019,Italian,https://www.facebook.com/abcacquabenecomunenapoli/posts/pfbid09RBjq6MPJXhESDW4e2pUYFdgheUbZ7DK3Zdtmcy6ambsMTEQBBAVSv1qGtVCjZd5l,A2,Service disruption / repair / infrastructure,B1,Alert / warning,Risk / incident communication
4293537754003171,1451,U03,2021,Portuguese,https://www.facebook.com/EPALaguaslivres/videos/4194344200627352/,A5,Environmental sustainability / waste / recycling / biodiversity,B5,Education / awareness,Education / awareness
2043465439300168,1452,U12,2018,Finnish,https://www.facebook.com/turunvesihuolto/posts/pfbid0XKWzcXRr6gGE2YsbVEHz8GsSAiSbKokwwBwsnj3iwKq4va8QRQtuAUrGcyYFoodcl,A7,Routine / institutional / customer service / other,B6,Institutional promotion / community news,Institutional / community communication
2064238007222911,1453,U12,2018,Finnish,https://www.facebook.com/turunvesihuolto/posts/pfbid0pffrPhoVAV1ijiQi74DrQbdagJKDWwktrx3rgHnN7WzjBGNSgYnP1M9D8axB89Z6l,A7,Routine / institutional / customer service / other,B6,Institutional promotion / community news,Institutional / community communication
5052747151415557,1454,U03,2022,Portuguese,https://www.facebook.com/EPALaguaslivres/posts/pfbid02wUTuCMuhdP2VCLEb1RMrTS7WJEPPqHYGSYVWJqMqFhyfV33rGHhW6V2YmjxhVScal,A7,Routine / institutional / customer service / other,B2,Instruction / advice to public,Risk / incident communication
4678514758891848,1455,U01,2021,Finnish,https://www.facebook.com/helsinginseudunymparistopalvelut/posts/pfbid0t5zjZkQD5zr893icBYqpqgEtj8G97rnrYAVJew9y8o9FkTwGDYatK5kDKAJYLvTjl,A3,Water conservation / drought / demand management,B5,Education / awareness,Education / awareness
4935997486423858,1456,U03,2021,Portuguese,https://www.facebook.com/EPALaguaslivres/posts/pfbid02hMcAvkuYiKpGNZBQiqmwSBWv1mSSXyNViw1DznGT5tTpYhQWWYHAeSkUZyUATkbJl,A7,Routine / institutional / customer service / other,B6,Institutional promotion / community news,Institutional / community communication
4965448510198470,1457,U01,2022,Finnish,https://www.facebook.com/helsinginseudunymparistopalvelut/videos/1100575277456357/,A4,Flood / stormwater / wastewater / sewer,B5,Education / awareness,Education / awareness
3129527940404164,1458,U03,2020,Portuguese,https://www.facebook.com/EPALaguaslivres/posts/pfbid0q8Y4ZZU3YXs8d3iqXzLQNd1WcVfBoFRVuNiC729MJnBKroV6qMbUCG3yZ8s7euLil,A5,Environmental sustainability / waste / recycling / biodiversity,B5,Education / awareness,Education / awareness
719217288154968,1459,U01,2014,Finnish,https://www.facebook.com/helsinginseudunymparistopalvelut/posts/719217288154968,A4,Flood / stormwater / wastewater / sewer,B2,Instruction / advice to public,Risk / incident communication
10158760093526714,1460,U10,2022,Swedish,https://www.facebook.com/stockholmvattenochavfall/posts/pfbid02W7jPXoFhSCUXRS1nReXA5BvYtwP76aHz3ew1R5yzbaJBMUMzoK4mk5ayXDBKush3l,A5,Environmental sustainability / waste / recycling / biodiversity,B5,Education / awareness,Education / awareness
693956389426125,1461,U04,2023,Norwegian,https://www.facebook.com/Oslovann/posts/pfbid0irYDg4wDHfQsdiDoQr9rUPetTS9HmryWKRAQtPXYCq3bzbTxdwP8YYBPjb6auDpXl,A7,Routine / institutional / customer service / other,B6,Institutional promotion / community news,Institutional / community communication
3901208369902780,1462,U03,2021,Portuguese,https://www.facebook.com/EPALaguaslivres/posts/pfbid0ojq6fnibUiipSqG6wRJWWiQKu344cdikbZDXTJ7LEGduJ3HVY4FEBZRnE9nqSYYwl,A5,Environmental sustainability / waste / recycling / biodiversity,B5,Education / awareness,Education / awareness
922334293245160,1463,U02,2024,German,https://www.facebook.com/HamburgWasser/posts/pfbid02MGfQYu9bo7VT8QuDFGwGyUkuZsK3CXLrPRuDHuFveQRW9vr5z51YYV5giYSMzDiyl,A4,Flood / stormwater / wastewater / sewer,B6,Institutional promotion / community news,Institutional / community communication
1327209591100032,1464,U09,2022,Italian,https://www.facebook.com/abcacquabenecomunenapoli/posts/pfbid0YifJ37CPsgNQ3Q9waUA14FiAxdS2LgiMMu3nQULnhUgfFWRrhLxrrdybB7CaiFaBl,A2,Service disruption / repair / infrastructure,B1,Alert / warning,Risk / incident communication
10154510544746714,1465,U10,2017,Swedish,https://www.facebook.com/photo/?fbid=10154510544746714&set=a.817579893704033,A5,Environmental sustainability / waste / recycling / biodiversity,B5,Education / awareness,Education / awareness
341716842518635,1466,U03,2012,Portuguese,https://www.facebook.com/EPALaguaslivres/posts/pfbid023UjgRtf9dYjDiHaYwiGM3pphaGxMf5ixDooAvc48PRyaxeAC7afoRXjjj4b4o2fPl,A2,Service disruption / repair / infrastructure,B1,Alert / warning,Risk / incident communication
5952492878107642,1467,U03,2022,Portuguese,https://www.facebook.com/EPALaguaslivres/posts/pfbid02RpjSjiTYkoEX3wKpUe1BewWiHZHnq68QJTGzRjGVfiw8dhkimmzKUZm29h6mVEkYl,A6,Public education / heritage / community engagement,B5,Education / awareness,Education / awareness
2877707475639261,1468,U01,2020,Finnish,https://www.facebook.com/helsinginseudunymparistopalvelut/posts/pfbid02VMB4nLxkW7jCDxkBxTR75aduvczSVBabqTpGN6dyuSXxrQtd2RZCsT7nnGru2bvLl,A4,Flood / stormwater / wastewater / sewer,B5,Education / awareness,Education / awareness
1253367803495588,1469,U05,2025,German,https://www.facebook.com/wasserbetriebe/posts/pfbid0ZD4BZoRoFbPp6EXrrQUrSETubsnkFipKct9RePZaugH3gDt6tpoeuWtnYgpCeYBrl,A1,Water quality / safety / public health,B5,Education / awareness,Education / awareness
2351912011497851,1470,U07,2019,Dutch,https://www.facebook.com/FARYSmultiservice/posts/pfbid0BF7vav5sfGSh7dqUn3q7Bz4UNhUc7aQjHEJfw9e12m5F2W1acnrNe8mkRU3BkAu1l,A6,Public education / heritage / community engagement,B5,Education / awareness,Education / awareness
319642734726046,1471,U03,2011,Portuguese,https://www.facebook.com/photo/?fbid=319642734726046&set=a.319642081392778,A7,Routine / institutional / customer service / other,B6,Institutional promotion / community news,Institutional / community communication
270350626321924,1472,U03,2011,Portuguese,https://www.facebook.com/EPALaguaslivres/posts/pfbid02dkgrBpTauTbkDga2AhBm6dtA4Voa87LQKcJFnJPWfEnv1bcbFnWTVpvme8GMfDt9l,A2,Service disruption / repair / infrastructure,B1,Alert / warning,Risk / incident communication
1042232606264400,1473,U09,2021,Italian,https://www.facebook.com/abcacquabenecomunenapoli/posts/pfbid02a28A5vpVwpqwvGp7B8GisE31KoUajJJVCqzbdAiSDSLvWgqbszMs9vFMCE4BL1DZl,A6,Public education / heritage / community engagement,B6,Institutional promotion / community news,Institutional / community communication
1258856406243044,1474,U10,2025,Swedish,https://www.facebook.com/stockholmvattenochavfall/videos/1218792363116890/,A5,Environmental sustainability / waste / recycling / biodiversity,B2,Instruction / advice to public,Risk / incident communication
1608892222520799,1475,U01,2018,Finnish,https://www.facebook.com/helsinginseudunymparistopalvelut/posts/pfbid0eTCtgEN8mB7ftJ8x7WJ6r4Epx3TU1aScuPwALE2YUQEnoQ9RRMLisFH5mtFYtJU9l,A5,Environmental sustainability / waste / recycling / biodiversity,B5,Education / awareness,Education / awareness
250139688441074,1476,U03,2012,Portuguese,https://www.facebook.com/EPALaguaslivres/posts/250139688441074,A6,Public education / heritage / community engagement,B6,Institutional promotion / community news,Institutional / community communication
1602221016597639,1477,U02,2020,German,https://www.facebook.com/HamburgWasser/posts/pfbid0ya8F7MaoGRYft1zN6dBntY4ka6Qew6eDhBdDECFY3Av5PFWaFVUV1UHMC1Ddw495l,A2,Service disruption / repair / infrastructure,B1,Alert / warning,Risk / incident communication
10158380139986714,1478,U10,2022,Swedish,https://www.facebook.com/stockholmvattenochavfall/videos/4646882468753005/,A3,Water conservation / drought / demand management,B2,Instruction / advice to public,Risk / incident communication
1485384904818484,1479,U03,2017,Dutch,https://www.facebook.com/photo/?fbid=1485384904818484&set=a.636558505181850,A7,Routine / institutional / customer service / other,B7,Other / unclear,Other / unclear
767048698548518,1480,U09,2023,Italian,https://www.facebook.com/abcacquabenecomunenapoli/posts/pfbid0b3RhrSBPKeftWCyh9kJuZ2mrV3Tj4bYQ1QX1NBKY2E4qkp8nK2m446BcAb8M58fyl,A2,Service disruption / repair / infrastructure,B1,Alert / warning,Risk / incident communication
740403672649948,1481,U03,2014,Portuguese,https://www.facebook.com/EPALaguaslivres/posts/740403672649948,A6,Public education / heritage / community engagement,B5,Education / awareness,Education / awareness
1960716194241760,1482,U12,2018,Finnish,https://www.facebook.com/turunvesihuolto/posts/pfbid0FQungPRoEL5uXuJFRpRiMeB2kn2DogSR1c1YcM96fzWff6MiuCxJQRuWwyErXYuRl,A7,Routine / institutional / customer service / other,B6,Institutional promotion / community news,Institutional / community communication
3962872137069736,1483,U03,2021,Portuguese,https://www.facebook.com/EPALaguaslivres/posts/pfbid02X5KVNxQyygpfS874xCUNWv6rH4zDnNr5AMy9vWPASvyR316gwTVoASfDuR84sDpwl,A7,Routine / institutional / customer service / other,B6,Institutional promotion / community news,Institutional / community communication
2309900489033584,1484,U03,2019,Portuguese,https://www.facebook.com/EPALaguaslivres/posts/pfbid02hGUSVzo3EwKUzxxz7DqhtN7SseDofgQkdDQucPWC1KtRiqKg5FQsZpaVSj3yNgVJl,A6,Public education / heritage / community engagement,B5,Education / awareness,Education / awareness
1530687463674609,1485,U01,2017,Finnish,https://www.facebook.com/helsinginseudunymparistopalvelut/videos/1530687463674609/,A7,Routine / institutional / customer service / other,B6,Institutional promotion / community news,Institutional / community communication
2787478641275764,1486,U03,2019,Portuguese,https://www.facebook.com/EPALaguaslivres/posts/pfbid02yB5eS8o67KXpA5aDYx6xn8UxHni6qoGynmraEhd3eyKAvrX4Jzpncs14Tpz5cRVKl,A7,Routine / institutional / customer service / other,B6,Institutional promotion / community news,Institutional / community communication
10155271477721714,1487,U10,2018,Swedish,https://www.facebook.com/stockholmvattenochavfall/posts/pfbid081VnvjT4iqZ6ATXynTpixnU3nhzM5yBW569Zt4G5s6gscmsdA6o1TPjZiTepdzZvl,A7,Routine / institutional / customer service / other,B2,Instruction / advice to public,Risk / incident communication
1474576972618992,1488,U01,2017,Finnish,https://www.facebook.com/helsinginseudunymparistopalvelut/posts/pfbid0gEX4FBz2qUf7ETkfhpxtcNip7S2Hft7FKhirZgjeoL8NkcyehEyadbqV5ujaD4uBl,A7,Routine / institutional / customer service / other,B6,Institutional promotion / community news,Institutional / community communication
897609775881955,1489,U11,2024,Finnish,https://www.facebook.com/tampereenvesi/posts/pfbid0qyu7bAcBAk1SPHVs14vZ3bcN4SpNhXzEY3JSJJY1xYb7syJuUc5VP625kmEaykA8l,A7,Routine / institutional / customer service / other,B6,Institutional promotion / community news,Institutional / community communication
826898294000485,1490,U03,2014,Portuguese,https://www.facebook.com/EPALaguaslivres/posts/826898294000485,A6,Public education / heritage / community engagement,B6,Institutional promotion / community news,Institutional / community communication
760230770697560,1491,U04,2014,Norwegian,https://www.facebook.com/photo/?fbid=760230770697560&set=a.485581470263619,A7,Routine / institutional / customer service / other,B5,Education / awareness,Education / awareness
2418546404835658,1492,U03,2019,Portuguese,https://www.facebook.com/EPALaguaslivres/posts/pfbid0Gpi6QBizaZtvL3sxUenbtXuTEJpmbwgjSx1MSkXS4k1pLPSA1KQWVbcShwowPEQTl,A6,Public education / heritage / community engagement,B5,Education / awareness,Education / awareness
1542865095790179,1493,U01,2017,Finnish,https://www.facebook.com/helsinginseudunymparistopalvelut/posts/pfbid0pjPEqq6va5imuUcttXr2PK7f5tmdsFmVAoEgHZxQNsZm8T5Ke9kXFhSLmsQcZjDTl,A5,Environmental sustainability / waste / recycling / biodiversity,B6,Institutional promotion / community news,Institutional / community communication
976537310932988,1494,U09,2024,Italian,https://www.facebook.com/abcacquabenecomunenapoli/posts/pfbid0tdzgANBGwCv9RfyvZi4kVQpWEzfXqPw4QxnAYf79sTPZZDdUzQrp7VUawojJEHKEl,A6,Public education / heritage / community engagement,B5,Education / awareness,Education / awareness
1122174317806213,1495,U03,2016,Portuguese,https://www.facebook.com/photo/?fbid=1122174317806213&set=a.1119364211420557,A7,Routine / institutional / customer service / other,B7,Other / unclear,Other / unclear
2829965893693705,1496,U03,2019,Portuguese,https://www.facebook.com/EPALaguaslivres/posts/pfbid031XNiB4hpiFobpefgPTfNFBfg3zX6G6TV5d4BaoNsYxMwTECF8c8ZpvDo2NhJwtejl,A7,Routine / institutional / customer service / other,B6,Institutional promotion / community news,Institutional / community communication
1337865905008760,1497,U10,2025,Swedish,https://www.facebook.com/stockholmvattenochavfall/videos/748114427967068/,A3,Water conservation / drought / demand management,B2,Instruction / advice to public,Risk / incident communication
2145377209108990,1498,U12,2019,Finnish,https://www.facebook.com/turunvesihuolto/posts/pfbid0L3naabE2iSxXEq8Msp8PbbTy5mSpxv4evuZAm73UpQy4Evwbiu7ZRog7a8DUrjHml,A7,Routine / institutional / customer service / other,B6,Institutional promotion / community news,Institutional / community communication
1073931439426602,1499,U02,2018,German,https://www.facebook.com/HamburgWasser/posts/pfbid02DxP4vJN5EwB6rp8DsYnzs5PHWqVTnMBEeSz84ekSwAMSDa3VfcRzNYWtNtg6skqNl,A7,Routine / institutional / customer service / other,B6,Institutional promotion / community news,Institutional / community communication
