post_id,utility_id,year,language,annotator1_task_a,annotator1_task_b,annotator2_task_a,annotator2_task_b,task_a_agreement,task_b_agreement,both_tasks_agreement
482407545146552,U04,2013,Norwegian,Routine / institutional / customer service / other,Institutional promotion / community news,Routine / institutional / customer service / other,Institutional promotion / community news,True,True,True
1338919832798326,U03,2016,Portuguese,Routine / institutional / customer service / other,Institutional promotion / community news,Routine / institutional / customer service / other,Institutional promotion / community news,True,True,True
1293598662785386,U02,2025,German,Routine / institutional / customer service / other,Institutional promotion / community news,Routine / institutional / customer service / other,Institutional promotion / community news,True,True,True
1282777398465618,U01,2017,Finnish,Service disruption / repair / infrastructure,Alert / warning,Service disruption / repair / infrastructure,Alert / warning,True,True,True
5304355719588031,U03,2022,Portuguese,Environmental sustainability / waste / recycling / biodiversity,Institutional promotion / community news,Environmental sustainability / waste / recycling / biodiversity,Institutional promotion / community news,True,True,True
4592128484144095,U03,2021,Portuguese,Environmental sustainability / waste / recycling / biodiversity,Education / awareness,Environmental sustainability / waste / recycling / biodiversity,Education / awareness,True,True,True
10154918075966714,U10,2017,Swedish,Environmental sustainability / waste / recycling / biodiversity,Instruction / advice to public,Environmental sustainability / waste / recycling / biodiversity,Instruction / advice to public,True,True,True
678659650964865,U01,2023,Finnish,Public education / heritage / community engagement,Education / awareness,Public education / heritage / community engagement,Education / awareness,True,True,True
1278805085592660,U05,2018,German,Public education / heritage / community engagement,Institutional promotion / community news,Public education / heritage / community engagement,Institutional promotion / community news,True,True,True
3944459945577622,U03,2021,Portuguese,Routine / institutional / customer service / other,Institutional promotion / community news,Routine / institutional / customer service / other,Institutional promotion / community news,True,True,True
210811714384314,U12,2021,Finnish,Routine / institutional / customer service / other,Education / awareness,Routine / institutional / customer service / other,Education / awareness,True,True,True
861414077215573,U03,2014,Portuguese,Routine / institutional / customer service / other,Institutional promotion / community news,Routine / institutional / customer service / other,Institutional promotion / community news,True,True,True
1597138153696206,U01,2018,Finnish,Flood / stormwater / wastewater / sewer,Instruction / advice to public,Flood / stormwater / wastewater / sewer,Instruction / advice to public,True,True,True
797809066939730,U04,2015,Norwegian,Routine / institutional / customer service / other,Education / awareness,Routine / institutional / customer service / other,Education / awareness,True,True,True
4372101296146816,U03,2021,Portuguese,Environmental sustainability / waste / recycling / biodiversity,Instruction / advice to public,Environmental sustainability / waste / recycling / biodiversity,Instruction / advice to public,True,True,True
703555673054463,U01,2014,Finnish,Routine / institutional / customer service / other,Institutional promotion / community news,Routine / institutional / customer service / other,Institutional promotion / community news,True,True,True
2477616312292322,U04,2019,Norwegian,Routine / institutional / customer service / other,Institutional promotion / community news,Routine / institutional / customer service / other,Institutional promotion / community news,True,True,True
865006189142314,U11,2024,Finnish,Flood / stormwater / wastewater / sewer,Instruction / advice to public,Flood / stormwater / wastewater / sewer,Instruction / advice to public,True,True,True
792192959613077,U05,2024,German,Flood / stormwater / wastewater / sewer,Education / awareness,Flood / stormwater / wastewater / sewer,Education / awareness,True,True,True
2487479011275730,U03,2019,Portuguese,Flood / stormwater / wastewater / sewer,Institutional promotion / community news,Flood / stormwater / wastewater / sewer,Institutional promotion / community news,True,True,True
4674139019276374,U03,2021,Portuguese,Environmental sustainability / waste / recycling / biodiversity,Education / awareness,Environmental sustainability / waste / recycling / biodiversity,Education / awareness,True,True,True
826414180715563,U03,2014,Portuguese,Public education / heritage / community engagement,Institutional promotion / community news,Public education / heritage / community engagement,Institutional promotion / community news,True,True,True
264149229050562,U12,2021,Finnish,Public education / heritage / community engagement,Education / awareness,Public education / heritage / community engagement,Education / awareness,True,True,True
298015120225602,U03,2011,Portuguese,Public education / heritage / community engagement,Institutional promotion / community news,Public education / heritage / community engagement,Institutional promotion / community news,True,True,True
779591432064505,U03,2014,Portuguese,Public education / heritage / community engagement,Institutional promotion / community news,Public education / heritage / community engagement,Institutional promotion / community news,True,True,True
10159741726999268,U08,2021,French,Service disruption / repair / infrastructure,Alert / warning,Service disruption / repair / infrastructure,Alert / warning,True,True,True
810239082449265,U05,2016,German,Routine / institutional / customer service / other,Other / unclear,Routine / institutional / customer service / other,Other / unclear,True,True,True
629426403800724,U01,2014,Finnish,Routine / institutional / customer service / other,Other / unclear,Routine / institutional / customer service / other,Other / unclear,True,True,True
6149049771785284,U03,2023,Portuguese,Environmental sustainability / waste / recycling / biodiversity,Institutional promotion / community news,Environmental sustainability / waste / recycling / biodiversity,Institutional promotion / community news,True,True,True
957888080931827,U04,2016,Norwegian,Routine / institutional / customer service / other,Institutional promotion / community news,Routine / institutional / customer service / other,Institutional promotion / community news,True,True,True
4502477263162266,U01,2021,Finnish,Environmental sustainability / waste / recycling / biodiversity,Instruction / advice to public,Environmental sustainability / waste / recycling / biodiversity,Instruction / advice to public,True,True,True
4266386163438045,U01,2021,Finnish,Environmental sustainability / waste / recycling / biodiversity,Institutional promotion / community news,Environmental sustainability / waste / recycling / biodiversity,Institutional promotion / community news,True,True,True
1274422829364219,U05,2018,German,Environmental sustainability / waste / recycling / biodiversity,Institutional promotion / community news,Environmental sustainability / waste / recycling / biodiversity,Institutional promotion / community news,True,True,True
1141129325963760,U01,2016,Finnish,Environmental sustainability / waste / recycling / biodiversity,Institutional promotion / community news,Environmental sustainability / waste / recycling / biodiversity,Institutional promotion / community news,True,True,True
487014821322169,U03,2012,Portuguese,Water quality / safety / public health,Education / awareness,Water quality / safety / public health,Education / awareness,True,True,True
1382148820371833,U09,2026,Italian,Service disruption / repair / infrastructure,Alert / warning,Service disruption / repair / infrastructure,Alert / warning,True,True,True
1205797504226618,U07,2024,Dutch,Public education / heritage / community engagement,Education / awareness,Public education / heritage / community engagement,Education / awareness,True,True,True
3579065058782534,U07,2020,Dutch,Flood / stormwater / wastewater / sewer,Institutional promotion / community news,Flood / stormwater / wastewater / sewer,Institutional promotion / community news,True,True,True
1913376152019355,U03,2018,Portuguese,Environmental sustainability / waste / recycling / biodiversity,Institutional promotion / community news,Environmental sustainability / waste / recycling / biodiversity,Institutional promotion / community news,True,True,True
635411570279841,U09,2019,Italian,Service disruption / repair / infrastructure,Alert / warning,Service disruption / repair / infrastructure,Alert / warning,True,True,True
5798918610131737,U03,2022,Portuguese,Routine / institutional / customer service / other,Institutional promotion / community news,Routine / institutional / customer service / other,Institutional promotion / community news,True,True,True
2083682935104867,U05,2021,German,Service disruption / repair / infrastructure,Operational update / resolution,Service disruption / repair / infrastructure,Operational update / resolution,True,True,True
1512802122076762,U03,2017,Portuguese,Public education / heritage / community engagement,Institutional promotion / community news,Public education / heritage / community engagement,Institutional promotion / community news,True,True,True
1249863363153365,U07,2025,Dutch,Water conservation / drought / demand management,Instruction / advice to public,Water conservation / drought / demand management,Instruction / advice to public,True,True,True
3468475069895829,U01,2020,Finnish,Environmental sustainability / waste / recycling / biodiversity,Institutional promotion / community news,Environmental sustainability / waste / recycling / biodiversity,Institutional promotion / community news,True,True,True
1582498608493494,U01,2018,Finnish,Service disruption / repair / infrastructure,Instruction / advice to public,Service disruption / repair / infrastructure,Instruction / advice to public,True,True,True
1316227670541390,U01,2026,Finnish,Service disruption / repair / infrastructure,Instruction / advice to public,Service disruption / repair / infrastructure,Instruction / advice to public,True,True,True
5341374305886172,U03,2022,Portuguese,Service disruption / repair / infrastructure,Instruction / advice to public,Service disruption / repair / infrastructure,Instruction / advice to public,True,True,True
3479233142100307,U03,2020,Portuguese,Public education / heritage / community engagement,Education / awareness,Public education / heritage / community engagement,Education / awareness,True,True,True
1875901239153228,U01,2018,Finnish,Environmental sustainability / waste / recycling / biodiversity,Education / awareness,Environmental sustainability / waste / recycling / biodiversity,Education / awareness,True,True,True
1421320661341101,U05,2019,German,Environmental sustainability / waste / recycling / biodiversity,Education / awareness,Environmental sustainability / waste / recycling / biodiversity,Education / awareness,True,True,True
1561863167634672,U09,2023,Italian,Service disruption / repair / infrastructure,Alert / warning,Service disruption / repair / infrastructure,Alert / warning,True,True,True
843329302473576,U05,2016,German,Routine / institutional / customer service / other,Institutional promotion / community news,Routine / institutional / customer service / other,Institutional promotion / community news,True,True,True
1611290233677341,U07,2026,Dutch,Public education / heritage / community engagement,Institutional promotion / community news,Public education / heritage / community engagement,Institutional promotion / community news,True,True,True
640934569293848,U04,2014,Norwegian,Water conservation / drought / demand management,Instruction / advice to public,Water conservation / drought / demand management,Instruction / advice to public,True,True,True
1043513222468424,U02,2018,German,Flood / stormwater / wastewater / sewer,Education / awareness,Flood / stormwater / wastewater / sewer,Education / awareness,True,True,True
1347835776689456,U07,2025,Dutch,Environmental sustainability / waste / recycling / biodiversity,Education / awareness,Environmental sustainability / waste / recycling / biodiversity,Education / awareness,True,True,True
1280791529075172,U09,2022,Italian,Service disruption / repair / infrastructure,Alert / warning,Service disruption / repair / infrastructure,Alert / warning,True,True,True
1404067453414245,U09,2022,Italian,Service disruption / repair / infrastructure,Alert / warning,Service disruption / repair / infrastructure,Alert / warning,True,True,True
953619644661682,U03,2015,Portuguese,Public education / heritage / community engagement,Education / awareness,Public education / heritage / community engagement,Education / awareness,True,True,True
1048237685230199,U04,2016,Norwegian,Water conservation / drought / demand management,Instruction / advice to public,Water conservation / drought / demand management,Instruction / advice to public,True,True,True
1115455283942898,U04,2025,Norwegian,Environmental sustainability / waste / recycling / biodiversity,Education / awareness,Environmental sustainability / waste / recycling / biodiversity,Education / awareness,True,True,True
1493395239247190,U09,2026,Italian,Service disruption / repair / infrastructure,Alert / warning,Service disruption / repair / infrastructure,Alert / warning,True,True,True
4182492671774347,U03,2021,Portuguese,Public education / heritage / community engagement,Institutional promotion / community news,Public education / heritage / community engagement,Institutional promotion / community news,True,True,True
1020975244592788,U03,2015,Portuguese,Water conservation / drought / demand management,Education / awareness,Water conservation / drought / demand management,Education / awareness,True,True,True
1178391645981828,U09,2021,Italian,Service disruption / repair / infrastructure,Alert / warning,Service disruption / repair / infrastructure,Alert / warning,True,True,True
1440809259740064,U09,2022,Italian,Service disruption / repair / infrastructure,Alert / warning,Service disruption / repair / infrastructure,Alert / warning,True,True,True
1152596324880204,U05,2018,German,Public education / heritage / community engagement,Institutional promotion / community news,Public education / heritage / community engagement,Institutional promotion / community news,True,True,True
820646871292294,U03,2014,Portuguese,Routine / institutional / customer service / other,Institutional promotion / community news,Routine / institutional / customer service / other,Institutional promotion / community news,True,True,True
974945639659764,U09,2020,Italian,Service disruption / repair / infrastructure,Alert / warning,Service disruption / repair / infrastructure,Alert / warning,True,True,True
935668725019847,U09,2024,Italian,Service disruption / repair / infrastructure,Alert / warning,Service disruption / repair / infrastructure,Alert / warning,True,True,True
10159280951291714,U10,2023,Swedish,Environmental sustainability / waste / recycling / biodiversity,Instruction / advice to public,Environmental sustainability / waste / recycling / biodiversity,Instruction / advice to public,True,True,True
2742101039146858,U03,2019,Portuguese,Water conservation / drought / demand management,Institutional promotion / community news,Water conservation / drought / demand management,Institutional promotion / community news,True,True,True
676303959523935,U09,2019,Italian,Service disruption / repair / infrastructure,Alert / warning,Service disruption / repair / infrastructure,Alert / warning,True,True,True
738949374916987,U02,2023,German,Flood / stormwater / wastewater / sewer,Education / awareness,Flood / stormwater / wastewater / sewer,Education / awareness,True,True,True
4185777951498867,U01,2021,Finnish,Routine / institutional / customer service / other,Instruction / advice to public,Routine / institutional / customer service / other,Instruction / advice to public,True,True,True
1748593415280489,U05,2020,German,Flood / stormwater / wastewater / sewer,Education / awareness,Flood / stormwater / wastewater / sewer,Education / awareness,True,True,True
749334333653288,U09,2023,Italian,Service disruption / repair / infrastructure,Alert / warning,Service disruption / repair / infrastructure,Alert / warning,True,True,True
757072220983093,U03,2014,Portuguese,Public education / heritage / community engagement,Education / awareness,Public education / heritage / community engagement,Education / awareness,True,True,True
3311437555599582,U01,2020,Finnish,Environmental sustainability / waste / recycling / biodiversity,Instruction / advice to public,Environmental sustainability / waste / recycling / biodiversity,Instruction / advice to public,True,True,True
4032602246763391,U03,2021,Portuguese,Public education / heritage / community engagement,Education / awareness,Public education / heritage / community engagement,Education / awareness,True,True,True
1126254047514432,U05,2018,German,Routine / institutional / customer service / other,Education / awareness,Routine / institutional / customer service / other,Education / awareness,True,True,True
1755136794563007,U01,2018,Finnish,Environmental sustainability / waste / recycling / biodiversity,Institutional promotion / community news,Environmental sustainability / waste / recycling / biodiversity,Institutional promotion / community news,True,True,True
10156909393624268,U08,2018,French,Water conservation / drought / demand management,Instruction / advice to public,Water conservation / drought / demand management,Instruction / advice to public,True,True,True
2587741577969187,U01,2019,Finnish,Environmental sustainability / waste / recycling / biodiversity,Education / awareness,Environmental sustainability / waste / recycling / biodiversity,Education / awareness,True,True,True
2848568515197098,U04,2020,Norwegian,Water quality / safety / public health,Instruction / advice to public,Water quality / safety / public health,Instruction / advice to public,True,True,True
1980433235443080,U02,2021,German,Flood / stormwater / wastewater / sewer,Education / awareness,Flood / stormwater / wastewater / sewer,Education / awareness,True,True,True
1907050202651950,U03,2018,Portuguese,Water conservation / drought / demand management,Institutional promotion / community news,Water conservation / drought / demand management,Institutional promotion / community news,True,True,True
1036081569748822,U03,2015,Portuguese,Water conservation / drought / demand management,Institutional promotion / community news,Water conservation / drought / demand management,Institutional promotion / community news,True,True,True
10160222871474268,U08,2022,French,Water quality / safety / public health,Instruction / advice to public,Water quality / safety / public health,Instruction / advice to public,True,True,True
10156349570084268,U08,2018,French,Public education / heritage / community engagement,Institutional promotion / community news,Public education / heritage / community engagement,Institutional promotion / community news,True,True,True
575794142444236,U03,2013,Portuguese,Routine / institutional / customer service / other,Institutional promotion / community news,Routine / institutional / customer service / other,Institutional promotion / community news,True,True,True
4926470870709853,U03,2021,Portuguese,Environmental sustainability / waste / recycling / biodiversity,Education / awareness,Environmental sustainability / waste / recycling / biodiversity,Education / awareness,True,True,True
1177484077057961,U07,2024,Dutch,Routine / institutional / customer service / other,Institutional promotion / community news,Routine / institutional / customer service / other,Institutional promotion / community news,True,True,True
10157635825076714,U10,2020,Swedish,Environmental sustainability / waste / recycling / biodiversity,Education / awareness,Environmental sustainability / waste / recycling / biodiversity,Education / awareness,True,True,True
1208146219673037,U09,2021,Italian,Service disruption / repair / infrastructure,Alert / warning,Service disruption / repair / infrastructure,Alert / warning,True,True,True
1464329577388032,U09,2022,Italian,Service disruption / repair / infrastructure,Alert / warning,Service disruption / repair / infrastructure,Alert / warning,True,True,True
1596130947077212,U03,2017,Portuguese,Water quality / safety / public health,Instruction / advice to public,Water quality / safety / public health,Instruction / advice to public,True,True,True
1189079299231772,U07,2024,Dutch,Routine / institutional / customer service / other,Institutional promotion / community news,Routine / institutional / customer service / other,Institutional promotion / community news,True,True,True
1019696953508893,U02,2024,German,Flood / stormwater / wastewater / sewer,Education / awareness,Flood / stormwater / wastewater / sewer,Education / awareness,True,True,True
2946285978781410,U01,2020,Finnish,Environmental sustainability / waste / recycling / biodiversity,Education / awareness,Environmental sustainability / waste / recycling / biodiversity,Education / awareness,True,True,True
721241387929832,U04,2014,Norwegian,Public education / heritage / community engagement,Education / awareness,Public education / heritage / community engagement,Education / awareness,True,True,True
3589039694506032,U01,2020,Finnish,Environmental sustainability / waste / recycling / biodiversity,Instruction / advice to public,Environmental sustainability / waste / recycling / biodiversity,Instruction / advice to public,True,True,True
829961297027518,U03,2014,Portuguese,Public education / heritage / community engagement,Institutional promotion / community news,Public education / heritage / community engagement,Institutional promotion / community news,True,True,True
2836336613109681,U01,2020,Finnish,Routine / institutional / customer service / other,Institutional promotion / community news,Routine / institutional / customer service / other,Institutional promotion / community news,True,True,True
10158522531004268,U08,2020,French,Water quality / safety / public health,Education / awareness,Water quality / safety / public health,Education / awareness,True,True,True
5763445703679028,U03,2022,Portuguese,Environmental sustainability / waste / recycling / biodiversity,Institutional promotion / community news,Environmental sustainability / waste / recycling / biodiversity,Institutional promotion / community news,True,True,True
3406947042715299,U01,2020,Finnish,Routine / institutional / customer service / other,Institutional promotion / community news,Routine / institutional / customer service / other,Institutional promotion / community news,True,True,True
817740627058310,U05,2024,German,Flood / stormwater / wastewater / sewer,Education / awareness,Flood / stormwater / wastewater / sewer,Education / awareness,True,True,True
5301670199856583,U03,2022,Portuguese,Water conservation / drought / demand management,Institutional promotion / community news,Water conservation / drought / demand management,Institutional promotion / community news,True,True,True
989318259899001,U01,2024,Finnish,Environmental sustainability / waste / recycling / biodiversity,Instruction / advice to public,Environmental sustainability / waste / recycling / biodiversity,Instruction / advice to public,True,True,True
2503385089738170,U01,2019,Finnish,Environmental sustainability / waste / recycling / biodiversity,Institutional promotion / community news,Environmental sustainability / waste / recycling / biodiversity,Institutional promotion / community news,True,True,True
2819202988133651,U04,2020,Norwegian,Routine / institutional / customer service / other,Institutional promotion / community news,Routine / institutional / customer service / other,Institutional promotion / community news,True,True,True
1009289106225417,U09,2021,Italian,Service disruption / repair / infrastructure,Alert / warning,Service disruption / repair / infrastructure,Alert / warning,True,True,True
572764959444143,U04,2013,Norwegian,Environmental sustainability / waste / recycling / biodiversity,Institutional promotion / community news,Environmental sustainability / waste / recycling / biodiversity,Institutional promotion / community news,True,True,True
871418261444894,U09,2024,Italian,Service disruption / repair / infrastructure,Operational update / resolution,Service disruption / repair / infrastructure,Operational update / resolution,True,True,True
10157231824791714,U10,2020,Swedish,Water conservation / drought / demand management,Instruction / advice to public,Water conservation / drought / demand management,Instruction / advice to public,True,True,True
5116027258420879,U03,2022,Portuguese,Environmental sustainability / waste / recycling / biodiversity,Institutional promotion / community news,Environmental sustainability / waste / recycling / biodiversity,Institutional promotion / community news,True,True,True
756320408188956,U09,2020,Italian,Service disruption / repair / infrastructure,Alert / warning,Service disruption / repair / infrastructure,Alert / warning,True,True,True
3240547489355256,U01,2020,Finnish,Flood / stormwater / wastewater / sewer,Instruction / advice to public,Flood / stormwater / wastewater / sewer,Instruction / advice to public,True,True,True
10157335044851714,U10,2020,Swedish,Environmental sustainability / waste / recycling / biodiversity,Instruction / advice to public,Environmental sustainability / waste / recycling / biodiversity,Instruction / advice to public,True,True,True
3311992542157702,U03,2020,Portuguese,Routine / institutional / customer service / other,Institutional promotion / community news,Routine / institutional / customer service / other,Institutional promotion / community news,True,True,True
1995035007239850,U01,2018,Finnish,Routine / institutional / customer service / other,Institutional promotion / community news,Routine / institutional / customer service / other,Institutional promotion / community news,True,True,True
1233813377106321,U09,2022,Italian,Service disruption / repair / infrastructure,Alert / warning,Service disruption / repair / infrastructure,Alert / warning,True,True,True
1355876113234146,U04,2026,Norwegian,Water quality / safety / public health,Operational update / resolution,Water quality / safety / public health,Operational update / resolution,True,True,True
10160121040174268,U08,2022,French,Public education / heritage / community engagement,Institutional promotion / community news,Public education / heritage / community engagement,Institutional promotion / community news,True,True,True
385173581575199,U03,2013,Portuguese,Public education / heritage / community engagement,Institutional promotion / community news,Public education / heritage / community engagement,Institutional promotion / community news,True,True,True
10160309974819268,U08,2022,French,Routine / institutional / customer service / other,Institutional promotion / community news,Routine / institutional / customer service / other,Institutional promotion / community news,True,True,True
6335975799759346,U03,2023,Portuguese,Public education / heritage / community engagement,Education / awareness,Public education / heritage / community engagement,Education / awareness,True,True,True
1979123055497712,U01,2018,Finnish,Service disruption / repair / infrastructure,Alert / warning,Service disruption / repair / infrastructure,Alert / warning,True,True,True
1653278924695747,U03,2017,Portuguese,Public education / heritage / community engagement,Institutional promotion / community news,Public education / heritage / community engagement,Institutional promotion / community news,True,True,True
1111998275954499,U09,2021,Italian,Service disruption / repair / infrastructure,Alert / warning,Service disruption / repair / infrastructure,Alert / warning,True,True,True
4484705161606143,U01,2021,Finnish,Environmental sustainability / waste / recycling / biodiversity,Institutional promotion / community news,Environmental sustainability / waste / recycling / biodiversity,Institutional promotion / community news,True,True,True
2058872594426119,U12,2018,Finnish,Routine / institutional / customer service / other,Institutional promotion / community news,Routine / institutional / customer service / other,Institutional promotion / community news,True,True,True
10154799250746714,U10,2017,Swedish,Routine / institutional / customer service / other,Institutional promotion / community news,Routine / institutional / customer service / other,Institutional promotion / community news,True,True,True
2072549726155044,U01,2019,Finnish,Routine / institutional / customer service / other,Education / awareness,Environmental sustainability / waste / recycling / biodiversity,Instruction / advice to public,False,False,False
3674716709218615,U03,2020,Portuguese,Environmental sustainability / waste / recycling / biodiversity,Education / awareness,Environmental sustainability / waste / recycling / biodiversity,Education / awareness,True,True,True
1182733863855299,U10,2025,Swedish,Flood / stormwater / wastewater / sewer,Institutional promotion / community news,Flood / stormwater / wastewater / sewer,Institutional promotion / community news,True,True,True
940907209319307,U01,2015,Finnish,Environmental sustainability / waste / recycling / biodiversity,Instruction / advice to public,Environmental sustainability / waste / recycling / biodiversity,Instruction / advice to public,True,True,True
876508132775929,U11,2020,Finnish,Routine / institutional / customer service / other,Institutional promotion / community news,Routine / institutional / customer service / other,Institutional promotion / community news,True,True,True
847139055309742,U03,2014,Portuguese,Public education / heritage / community engagement,Institutional promotion / community news,Public education / heritage / community engagement,Institutional promotion / community news,True,True,True
992491932223844,U07,2024,Dutch,Water quality / safety / public health,Instruction / advice to public,Water quality / safety / public health,Instruction / advice to public,True,True,True
10157284952749268,U08,2019,French,Routine / institutional / customer service / other,Institutional promotion / community news,Routine / institutional / customer service / other,Institutional promotion / community news,True,True,True
805423906147924,U03,2014,Portuguese,Public education / heritage / community engagement,Education / awareness,Public education / heritage / community engagement,Education / awareness,True,True,True
1275460965927072,U05,2018,German,Environmental sustainability / waste / recycling / biodiversity,Institutional promotion / community news,Environmental sustainability / waste / recycling / biodiversity,Institutional promotion / community news,True,True,True
420021876796629,U12,2022,Finnish,Routine / institutional / customer service / other,Institutional promotion / community news,Routine / institutional / customer service / other,Institutional promotion / community news,True,True,True
565278316945344,U05,2015,German,Environmental sustainability / waste / recycling / biodiversity,Education / awareness,Environmental sustainability / waste / recycling / biodiversity,Education / awareness,True,True,True
4198486996841581,U03,2021,Portuguese,Environmental sustainability / waste / recycling / biodiversity,Education / awareness,Environmental sustainability / waste / recycling / biodiversity,Education / awareness,True,True,True
380989804210624,U11,2022,Finnish,Routine / institutional / customer service / other,Institutional promotion / community news,Routine / institutional / customer service / other,Institutional promotion / community news,True,True,True
730653503624965,U03,2014,Portuguese,Water conservation / drought / demand management,Institutional promotion / community news,Water conservation / drought / demand management,Institutional promotion / community news,True,True,True
1856858304467241,U02,2021,German,Routine / institutional / customer service / other,Institutional promotion / community news,Routine / institutional / customer service / other,Institutional promotion / community news,True,True,True
714452778694563,U05,2016,German,Routine / institutional / customer service / other,Institutional promotion / community news,Routine / institutional / customer service / other,Institutional promotion / community news,True,True,True
2228735323869816,U01,2019,Finnish,Environmental sustainability / waste / recycling / biodiversity,Instruction / advice to public,Environmental sustainability / waste / recycling / biodiversity,Instruction / advice to public,True,True,True
1045710105568827,U05,2017,German,Routine / institutional / customer service / other,Institutional promotion / community news,Routine / institutional / customer service / other,Institutional promotion / community news,True,True,True
995169035736482,U09,2024,Italian,Service disruption / repair / infrastructure,Alert / warning,Service disruption / repair / infrastructure,Alert / warning,True,True,True
1393454087474334,U02,2019,German,Routine / institutional / customer service / other,Institutional promotion / community news,Routine / institutional / customer service / other,Institutional promotion / community news,True,True,True
950994767210122,U11,2025,Finnish,Public education / heritage / community engagement,Education / awareness,Public education / heritage / community engagement,Education / awareness,True,True,True
122272159682089660,U06,2026,English,Routine / institutional / customer service / other,Institutional promotion / community news,Routine / institutional / customer service / other,Institutional promotion / community news,True,True,True
1233764902266439,U11,2026,Finnish,Flood / stormwater / wastewater / sewer,Instruction / advice to public,Flood / stormwater / wastewater / sewer,Instruction / advice to public,True,True,True
918686718618990,U09,2020,Italian,Service disruption / repair / infrastructure,Alert / warning,Service disruption / repair / infrastructure,Alert / warning,True,True,True
1205607726593553,U09,2021,Italian,Service disruption / repair / infrastructure,Alert / warning,Service disruption / repair / infrastructure,Alert / warning,True,True,True
1212246702596322,U09,2021,Italian,Service disruption / repair / infrastructure,Operational update / resolution,Service disruption / repair / infrastructure,Operational update / resolution,True,True,True
656765251066839,U01,2014,Finnish,Environmental sustainability / waste / recycling / biodiversity,Instruction / advice to public,Environmental sustainability / waste / recycling / biodiversity,Instruction / advice to public,True,True,True
574976412526009,U03,2013,Portuguese,Routine / institutional / customer service / other,Education / awareness,Routine / institutional / customer service / other,Education / awareness,True,True,True
3809550619068556,U03,2020,Portuguese,Routine / institutional / customer service / other,Education / awareness,Routine / institutional / customer service / other,Education / awareness,True,True,True
953094378511557,U09,2020,Italian,Service disruption / repair / infrastructure,Alert / warning,Service disruption / repair / infrastructure,Alert / warning,True,True,True
5102037449819860,U03,2022,Portuguese,Routine / institutional / customer service / other,Institutional promotion / community news,Routine / institutional / customer service / other,Institutional promotion / community news,True,True,True
943885605688134,U01,2016,Finnish,Environmental sustainability / waste / recycling / biodiversity,Education / awareness,Environmental sustainability / waste / recycling / biodiversity,Education / awareness,True,True,True
10159006480366714,U10,2023,Swedish,Environmental sustainability / waste / recycling / biodiversity,Instruction / advice to public,Environmental sustainability / waste / recycling / biodiversity,Instruction / advice to public,True,True,True
1259452545974795,U09,2025,Italian,Service disruption / repair / infrastructure,Alert / warning,Service disruption / repair / infrastructure,Alert / warning,True,True,True
883468623962737,U11,2024,Finnish,Water quality / safety / public health,Education / awareness,Water quality / safety / public health,Education / awareness,True,True,True
10158292682519268,U08,2020,French,Public education / heritage / community engagement,Institutional promotion / community news,Public education / heritage / community engagement,Institutional promotion / community news,True,True,True
738998206123828,U03,2014,Portuguese,Routine / institutional / customer service / other,Institutional promotion / community news,Routine / institutional / customer service / other,Institutional promotion / community news,True,True,True
142725185850463,U03,2012,Portuguese,Water quality / safety / public health,Institutional promotion / community news,Water quality / safety / public health,Institutional promotion / community news,True,True,True
1548163771873930,U03,2017,Portuguese,Routine / institutional / customer service / other,Institutional promotion / community news,Routine / institutional / customer service / other,Institutional promotion / community news,True,True,True
1315533541803622,U03,2016,Portuguese,Public education / heritage / community engagement,Institutional promotion / community news,Public education / heritage / community engagement,Institutional promotion / community news,True,True,True
10156784798954268,U08,2018,French,Routine / institutional / customer service / other,Institutional promotion / community news,Routine / institutional / customer service / other,Institutional promotion / community news,True,True,True
1364851978321169,U07,2025,Dutch,Flood / stormwater / wastewater / sewer,Institutional promotion / community news,Flood / stormwater / wastewater / sewer,Institutional promotion / community news,True,True,True
959873242599395,U09,2024,Italian,Service disruption / repair / infrastructure,Alert / warning,Service disruption / repair / infrastructure,Alert / warning,True,True,True
1615972115222529,U02,2020,German,Routine / institutional / customer service / other,Institutional promotion / community news,Routine / institutional / customer service / other,Institutional promotion / community news,True,True,True
4220184014671879,U03,2021,Portuguese,Environmental sustainability / waste / recycling / biodiversity,Institutional promotion / community news,Environmental sustainability / waste / recycling / biodiversity,Institutional promotion / community news,True,True,True
622864387853403,U05,2015,German,Routine / institutional / customer service / other,Institutional promotion / community news,Routine / institutional / customer service / other,Institutional promotion / community news,True,True,True
805818389905824,U09,2020,Italian,Service disruption / repair / infrastructure,Alert / warning,Service disruption / repair / infrastructure,Alert / warning,True,True,True
1407745949247800,U07,2017,Dutch,Water conservation / drought / demand management,Instruction / advice to public,Water conservation / drought / demand management,Instruction / advice to public,True,True,True
1961595077487205,U12,2018,Finnish,Routine / institutional / customer service / other,Institutional promotion / community news,Routine / institutional / customer service / other,Institutional promotion / community news,True,True,True
2009278745891862,U02,2021,German,Water conservation / drought / demand management,Education / awareness,Water conservation / drought / demand management,Education / awareness,True,True,True
2409676815775665,U01,2019,Finnish,Environmental sustainability / waste / recycling / biodiversity,Education / awareness,Environmental sustainability / waste / recycling / biodiversity,Education / awareness,True,True,True
921154533137933,U09,2024,Italian,Service disruption / repair / infrastructure,Alert / warning,Service disruption / repair / infrastructure,Alert / warning,True,True,True
279237922171183,U03,2012,Portuguese,Routine / institutional / customer service / other,Institutional promotion / community news,Routine / institutional / customer service / other,Institutional promotion / community news,True,True,True
2383547681958607,U12,2019,Finnish,Environmental sustainability / waste / recycling / biodiversity,Instruction / advice to public,Environmental sustainability / waste / recycling / biodiversity,Instruction / advice to public,True,True,True
2391778717542749,U04,2019,Norwegian,Routine / institutional / customer service / other,Institutional promotion / community news,Routine / institutional / customer service / other,Institutional promotion / community news,True,True,True
5251442641546006,U03,2022,Portuguese,Water conservation / drought / demand management,Education / awareness,Water conservation / drought / demand management,Education / awareness,True,True,True
3256026184421005,U03,2020,Portuguese,Routine / institutional / customer service / other,Institutional promotion / community news,Routine / institutional / customer service / other,Institutional promotion / community news,True,True,True
883498197293113,U11,2024,Finnish,Routine / institutional / customer service / other,Institutional promotion / community news,Routine / institutional / customer service / other,Institutional promotion / community news,True,True,True
1727981157278571,U01,2018,Finnish,Environmental sustainability / waste / recycling / biodiversity,Instruction / advice to public,Environmental sustainability / waste / recycling / biodiversity,Instruction / advice to public,True,True,True
979610397537998,U05,2024,German,Flood / stormwater / wastewater / sewer,Education / awareness,Flood / stormwater / wastewater / sewer,Education / awareness,True,True,True
956179189635467,U09,2024,Italian,Environmental sustainability / waste / recycling / biodiversity,Institutional promotion / community news,Environmental sustainability / waste / recycling / biodiversity,Institutional promotion / community news,True,True,True
1035510266588811,U05,2017,German,Water quality / safety / public health,Institutional promotion / community news,Water quality / safety / public health,Institutional promotion / community news,True,True,True
10158379977116714,U10,2022,Swedish,Water conservation / drought / demand management,Instruction / advice to public,Water conservation / drought / demand management,Instruction / advice to public,True,True,True
1010260205717340,U01,2016,Finnish,Flood / stormwater / wastewater / sewer,Institutional promotion / community news,Flood / stormwater / wastewater / sewer,Institutional promotion / community news,True,True,True
1093277725478597,U07,2024,Dutch,Environmental sustainability / waste / recycling / biodiversity,Institutional promotion / community news,Environmental sustainability / waste / recycling / biodiversity,Institutional promotion / community news,True,True,True
2339158926107740,U03,2019,Portuguese,Public education / heritage / community engagement,Institutional promotion / community news,Public education / heritage / community engagement,Institutional promotion / community news,True,True,True
1212826515523851,U05,2018,German,Flood / stormwater / wastewater / sewer,Operational update / resolution,Flood / stormwater / wastewater / sewer,Operational update / resolution,True,True,True
1911559348920750,U01,2018,Finnish,Environmental sustainability / waste / recycling / biodiversity,Education / awareness,Environmental sustainability / waste / recycling / biodiversity,Education / awareness,True,True,True
2866304276726533,U03,2019,Portuguese,Routine / institutional / customer service / other,Institutional promotion / community news,Routine / institutional / customer service / other,Institutional promotion / community news,True,True,True
2167284253348257,U01,2019,Finnish,Environmental sustainability / waste / recycling / biodiversity,Instruction / advice to public,Environmental sustainability / waste / recycling / biodiversity,Instruction / advice to public,True,True,True
2258637287782981,U12,2019,Finnish,Water quality / safety / public health,Reassurance / safety information,Water quality / safety / public health,Reassurance / safety information,True,True,True
1177573552319337,U01,2016,Finnish,Flood / stormwater / wastewater / sewer,Institutional promotion / community news,Flood / stormwater / wastewater / sewer,Institutional promotion / community news,True,True,True
235573419799645,U03,2011,Portuguese,Service disruption / repair / infrastructure,Alert / warning,Service disruption / repair / infrastructure,Alert / warning,True,True,True
829426803747634,U03,2014,Portuguese,Routine / institutional / customer service / other,Institutional promotion / community news,Routine / institutional / customer service / other,Institutional promotion / community news,True,True,True
1164060370748289,U09,2021,Italian,Service disruption / repair / infrastructure,Alert / warning,Service disruption / repair / infrastructure,Alert / warning,True,True,True
10157351106294268,U08,2019,French,Routine / institutional / customer service / other,Institutional promotion / community news,Routine / institutional / customer service / other,Institutional promotion / community news,True,True,True
5306424799381123,U03,2022,Portuguese,Public education / heritage / community engagement,Education / awareness,Public education / heritage / community engagement,Education / awareness,True,True,True
2506020929537730,U05,2022,German,Environmental sustainability / waste / recycling / biodiversity,Education / awareness,Environmental sustainability / waste / recycling / biodiversity,Education / awareness,True,True,True
1182552343915794,U03,2025,Portuguese,Environmental sustainability / waste / recycling / biodiversity,Education / awareness,Environmental sustainability / waste / recycling / biodiversity,Education / awareness,True,True,True
1807460089407063,U02,2020,German,Environmental sustainability / waste / recycling / biodiversity,Education / awareness,Environmental sustainability / waste / recycling / biodiversity,Education / awareness,True,True,True
1000413988545320,U09,2024,Italian,Water conservation / drought / demand management,Education / awareness,Water conservation / drought / demand management,Education / awareness,True,True,True
851262990127088,U09,2023,Italian,Service disruption / repair / infrastructure,Alert / warning,Service disruption / repair / infrastructure,Alert / warning,True,True,True
747640371979326,U01,2014,Finnish,Environmental sustainability / waste / recycling / biodiversity,Institutional promotion / community news,Environmental sustainability / waste / recycling / biodiversity,Institutional promotion / community news,True,True,True
2107103436109392,U02,2021,German,Routine / institutional / customer service / other,Institutional promotion / community news,Routine / institutional / customer service / other,Institutional promotion / community news,True,True,True
876202711178541,U12,2024,Finnish,Routine / institutional / customer service / other,Institutional promotion / community news,Routine / institutional / customer service / other,Institutional promotion / community news,True,True,True
10158703512061714,U10,2022,Swedish,Public education / heritage / community engagement,Institutional promotion / community news,Public education / heritage / community engagement,Institutional promotion / community news,True,True,True
645758912144747,U04,2014,Norwegian,Flood / stormwater / wastewater / sewer,Institutional promotion / community news,Flood / stormwater / wastewater / sewer,Institutional promotion / community news,True,True,True
3489097914447163,U03,2020,Portuguese,Public education / heritage / community engagement,Education / awareness,Public education / heritage / community engagement,Education / awareness,True,True,True
885258895295106,U09,2020,Italian,Service disruption / repair / infrastructure,Alert / warning,Service disruption / repair / infrastructure,Alert / warning,True,True,True
1617400811616892,U03,2017,Portuguese,Routine / institutional / customer service / other,Institutional promotion / community news,Routine / institutional / customer service / other,Institutional promotion / community news,True,True,True
2561260340564263,U03,2019,Portuguese,Environmental sustainability / waste / recycling / biodiversity,Instruction / advice to public,Environmental sustainability / waste / recycling / biodiversity,Instruction / advice to public,True,True,True
4087282761348387,U01,2021,Finnish,Routine / institutional / customer service / other,Instruction / advice to public,Routine / institutional / customer service / other,Instruction / advice to public,True,True,True
800984503258531,U03,2014,Portuguese,Public education / heritage / community engagement,Institutional promotion / community news,Public education / heritage / community engagement,Institutional promotion / community news,True,True,True
1656353952504302,U07,2026,Dutch,Routine / institutional / customer service / other,Institutional promotion / community news,Routine / institutional / customer service / other,Institutional promotion / community news,True,True,True
786292240347043,U11,2024,Finnish,Routine / institutional / customer service / other,Institutional promotion / community news,Routine / institutional / customer service / other,Institutional promotion / community news,True,True,True
1525441764610146,U09,2023,Italian,Service disruption / repair / infrastructure,Alert / warning,Service disruption / repair / infrastructure,Alert / warning,True,True,True
739958871501609,U01,2023,Finnish,Routine / institutional / customer service / other,Institutional promotion / community news,Routine / institutional / customer service / other,Institutional promotion / community news,True,True,True
1698145536991944,U05,2020,German,Environmental sustainability / waste / recycling / biodiversity,Education / awareness,Environmental sustainability / waste / recycling / biodiversity,Education / awareness,True,True,True
10158141973679268,U08,2019,French,Environmental sustainability / waste / recycling / biodiversity,Instruction / advice to public,Environmental sustainability / waste / recycling / biodiversity,Instruction / advice to public,True,True,True
498292710194380,U03,2012,Portuguese,Environmental sustainability / waste / recycling / biodiversity,Institutional promotion / community news,Environmental sustainability / waste / recycling / biodiversity,Institutional promotion / community news,True,True,True
3562904247119577,U01,2020,Finnish,Environmental sustainability / waste / recycling / biodiversity,Instruction / advice to public,Environmental sustainability / waste / recycling / biodiversity,Instruction / advice to public,True,True,True
2452731235040251,U12,2020,Finnish,Public education / heritage / community engagement,Institutional promotion / community news,Public education / heritage / community engagement,Institutional promotion / community news,True,True,True
206476069376047,U03,2011,Portuguese,Public education / heritage / community engagement,Institutional promotion / community news,Public education / heritage / community engagement,Institutional promotion / community news,True,True,True
4223292601027687,U03,2021,Portuguese,Environmental sustainability / waste / recycling / biodiversity,Institutional promotion / community news,Environmental sustainability / waste / recycling / biodiversity,Institutional promotion / community news,True,True,True
1822929424526796,U02,2020,German,Routine / institutional / customer service / other,Institutional promotion / community news,Routine / institutional / customer service / other,Institutional promotion / community news,True,True,True
3455912747818728,U01,2020,Finnish,Environmental sustainability / waste / recycling / biodiversity,Instruction / advice to public,Environmental sustainability / waste / recycling / biodiversity,Instruction / advice to public,True,True,True
1176359875720990,U03,2016,Portuguese,Public education / heritage / community engagement,Institutional promotion / community news,Public education / heritage / community engagement,Institutional promotion / community news,True,True,True
806882243132772,U09,2020,Italian,Service disruption / repair / infrastructure,Alert / warning,Service disruption / repair / infrastructure,Alert / warning,True,True,True
1422383828249274,U09,2022,Italian,Service disruption / repair / infrastructure,Alert / warning,Service disruption / repair / infrastructure,Alert / warning,True,True,True
750618736858181,U09,2023,Italian,Service disruption / repair / infrastructure,Alert / warning,Service disruption / repair / infrastructure,Alert / warning,True,True,True
715773620554785,U12,2023,Finnish,Public education / heritage / community engagement,Institutional promotion / community news,Public education / heritage / community engagement,Institutional promotion / community news,True,True,True
10158428546619268,U08,2020,French,Public education / heritage / community engagement,Institutional promotion / community news,Public education / heritage / community engagement,Institutional promotion / community news,True,True,True
10158557203271714,U10,2022,Swedish,Environmental sustainability / waste / recycling / biodiversity,Institutional promotion / community news,Environmental sustainability / waste / recycling / biodiversity,Institutional promotion / community news,True,True,True
831036789028467,U12,2023,Finnish,Routine / institutional / customer service / other,Institutional promotion / community news,Routine / institutional / customer service / other,Institutional promotion / community news,True,True,True
1015100558566638,U01,2016,Finnish,Environmental sustainability / waste / recycling / biodiversity,Instruction / advice to public,Environmental sustainability / waste / recycling / biodiversity,Instruction / advice to public,True,True,True
2960634520679889,U01,2020,Finnish,Water quality / safety / public health,Instruction / advice to public,Water quality / safety / public health,Instruction / advice to public,True,True,True
5971061662917430,U03,2022,Portuguese,Routine / institutional / customer service / other,Institutional promotion / community news,Routine / institutional / customer service / other,Institutional promotion / community news,True,True,True
10159125307666714,U10,2023,Swedish,Flood / stormwater / wastewater / sewer,Education / awareness,Flood / stormwater / wastewater / sewer,Education / awareness,True,True,True
1744662228943797,U01,2018,Finnish,Environmental sustainability / waste / recycling / biodiversity,Education / awareness,Environmental sustainability / waste / recycling / biodiversity,Education / awareness,True,True,True
2794338440642832,U01,2020,Finnish,Environmental sustainability / waste / recycling / biodiversity,Instruction / advice to public,Environmental sustainability / waste / recycling / biodiversity,Instruction / advice to public,True,True,True
1005912059432440,U03,2015,Portuguese,Routine / institutional / customer service / other,Institutional promotion / community news,Routine / institutional / customer service / other,Institutional promotion / community news,True,True,True
2612819325524556,U05,2022,German,Environmental sustainability / waste / recycling / biodiversity,Institutional promotion / community news,Environmental sustainability / waste / recycling / biodiversity,Institutional promotion / community news,True,True,True
3522725447804124,U01,2020,Finnish,Public education / heritage / community engagement,Institutional promotion / community news,Public education / heritage / community engagement,Institutional promotion / community news,True,True,True
10158965252614268,U08,2020,French,Public education / heritage / community engagement,Education / awareness,Public education / heritage / community engagement,Education / awareness,True,True,True
465615783462073,U03,2012,Portuguese,Public education / heritage / community engagement,Institutional promotion / community news,Public education / heritage / community engagement,Institutional promotion / community news,True,True,True
702368330250831,U09,2019,Italian,Service disruption / repair / infrastructure,Alert / warning,Service disruption / repair / infrastructure,Alert / warning,True,True,True
4262759293800732,U01,2021,Finnish,Public education / heritage / community engagement,Education / awareness,Public education / heritage / community engagement,Education / awareness,True,True,True
4523454914344786,U03,2021,Portuguese,Environmental sustainability / waste / recycling / biodiversity,Institutional promotion / community news,Environmental sustainability / waste / recycling / biodiversity,Institutional promotion / community news,True,True,True
736729773070386,U01,2014,Finnish,Environmental sustainability / waste / recycling / biodiversity,Institutional promotion / community news,Environmental sustainability / waste / recycling / biodiversity,Institutional promotion / community news,True,True,True
10157387724634268,U08,2019,French,Environmental sustainability / waste / recycling / biodiversity,Institutional promotion / community news,Environmental sustainability / waste / recycling / biodiversity,Institutional promotion / community news,True,True,True
2117844554958894,U01,2019,Finnish,Environmental sustainability / waste / recycling / biodiversity,Instruction / advice to public,Environmental sustainability / waste / recycling / biodiversity,Instruction / advice to public,True,True,True
1893053477384956,U03,2018,Portuguese,Water conservation / drought / demand management,Education / awareness,Water conservation / drought / demand management,Education / awareness,True,True,True
2430352406988391,U03,2019,Portuguese,Routine / institutional / customer service / other,Institutional promotion / community news,Routine / institutional / customer service / other,Institutional promotion / community news,True,True,True
1355229429939074,U10,2025,Swedish,Water conservation / drought / demand management,Reassurance / safety information,Water conservation / drought / demand management,Reassurance / safety information,True,True,True
1243009969519995,U09,2022,Italian,Service disruption / repair / infrastructure,Alert / warning,Service disruption / repair / infrastructure,Alert / warning,True,True,True
6288532547837005,U03,2023,Portuguese,Water quality / safety / public health,Reassurance / safety information,Water quality / safety / public health,Reassurance / safety information,True,True,True
794525476190386,U11,2024,Finnish,Routine / institutional / customer service / other,Institutional promotion / community news,Routine / institutional / customer service / other,Institutional promotion / community news,True,True,True
1809068549232975,U05,2020,German,Routine / institutional / customer service / other,Institutional promotion / community news,Routine / institutional / customer service / other,Institutional promotion / community news,True,True,True
1640506859435721,U02,2020,German,Routine / institutional / customer service / other,Education / awareness,Routine / institutional / customer service / other,Education / awareness,True,True,True
2895750930501582,U01,2020,Finnish,Routine / institutional / customer service / other,Instruction / advice to public,Routine / institutional / customer service / other,Instruction / advice to public,True,True,True
2376823572457467,U05,2022,German,Routine / institutional / customer service / other,Institutional promotion / community news,Routine / institutional / customer service / other,Institutional promotion / community news,True,True,True
5017715378250821,U07,2022,Dutch,Routine / institutional / customer service / other,Institutional promotion / community news,Public education / heritage / community engagement,Operational update / resolution,False,False,False
1443873332766990,U09,2022,Italian,Service disruption / repair / infrastructure,Alert / warning,Service disruption / repair / infrastructure,Alert / warning,True,True,True
807801689273801,U04,2015,Norwegian,Routine / institutional / customer service / other,Institutional promotion / community news,Routine / institutional / customer service / other,Institutional promotion / community news,True,True,True
10153048260351714,U10,2015,Swedish,Public education / heritage / community engagement,Institutional promotion / community news,Public education / heritage / community engagement,Institutional promotion / community news,True,True,True
5285097564847180,U03,2022,Portuguese,Routine / institutional / customer service / other,Institutional promotion / community news,Routine / institutional / customer service / other,Education / awareness,True,False,False
2182637198426581,U03,2018,Portuguese,Public education / heritage / community engagement,Institutional promotion / community news,Public education / heritage / community engagement,Institutional promotion / community news,True,True,True
368172565492348,U11,2022,Finnish,Flood / stormwater / wastewater / sewer,Education / awareness,Flood / stormwater / wastewater / sewer,Education / awareness,True,True,True
1631258236950864,U01,2018,Finnish,Water quality / safety / public health,Instruction / advice to public,Water quality / safety / public health,Instruction / advice to public,True,True,True
1884526848353811,U05,2020,German,Flood / stormwater / wastewater / sewer,Education / awareness,Flood / stormwater / wastewater / sewer,Education / awareness,True,True,True
1029792073711105,U03,2015,Portuguese,Water quality / safety / public health,Instruction / advice to public,Water quality / safety / public health,Instruction / advice to public,True,True,True
3588903491186319,U01,2020,Finnish,Environmental sustainability / waste / recycling / biodiversity,Instruction / advice to public,Environmental sustainability / waste / recycling / biodiversity,Instruction / advice to public,True,True,True
4899522360071371,U03,2021,Portuguese,Water quality / safety / public health,Instruction / advice to public,Water quality / safety / public health,Instruction / advice to public,True,True,True
1269887246368252,U03,2016,English,Routine / institutional / customer service / other,Institutional promotion / community news,Routine / institutional / customer service / other,Institutional promotion / community news,True,True,True
747027417452355,U04,2023,Norwegian,Public education / heritage / community engagement,Education / awareness,Flood / stormwater / wastewater / sewer,Education / awareness,False,True,False
664560186900964,U03,2013,Portuguese,Public education / heritage / community engagement,Institutional promotion / community news,Public education / heritage / community engagement,Institutional promotion / community news,True,True,True
688777051609959,U09,2019,Italian,Service disruption / repair / infrastructure,Alert / warning,Water quality / safety / public health,Alert / warning,False,True,False
798209600202688,U03,2014,Portuguese,Routine / institutional / customer service / other,Institutional promotion / community news,Routine / institutional / customer service / other,Institutional promotion / community news,True,True,True
640470178108080,U04,2023,Norwegian,Water conservation / drought / demand management,Education / awareness,Water conservation / drought / demand management,Education / awareness,True,True,True
4180062085403787,U01,2021,Finnish,Environmental sustainability / waste / recycling / biodiversity,Instruction / advice to public,Environmental sustainability / waste / recycling / biodiversity,Instruction / advice to public,True,True,True
228927903863051,U03,2012,Portuguese,Water conservation / drought / demand management,Education / awareness,Water conservation / drought / demand management,Education / awareness,True,True,True
3671627676194185,U03,2020,Portuguese,Routine / institutional / customer service / other,Institutional promotion / community news,Routine / institutional / customer service / other,Institutional promotion / community news,True,True,True
10156488216884268,U08,2018,French,Public education / heritage / community engagement,Institutional promotion / community news,Public education / heritage / community engagement,Institutional promotion / community news,True,True,True
1508782382478736,U03,2017,Portuguese,Water conservation / drought / demand management,Education / awareness,Water conservation / drought / demand management,Education / awareness,True,True,True
1309064756247849,U09,2022,Italian,Service disruption / repair / infrastructure,Alert / warning,Service disruption / repair / infrastructure,Alert / warning,True,True,True
1434195933734730,U09,2022,Italian,Service disruption / repair / infrastructure,Alert / warning,Service disruption / repair / infrastructure,Alert / warning,True,True,True
946977984139899,U03,2024,Portuguese,Routine / institutional / customer service / other,Institutional promotion / community news,Routine / institutional / customer service / other,Institutional promotion / community news,True,True,True
2420345551375458,U01,2019,Finnish,Public education / heritage / community engagement,Education / awareness,Public education / heritage / community engagement,Education / awareness,True,True,True
1211230497463667,U09,2025,Italian,Service disruption / repair / infrastructure,Alert / warning,Service disruption / repair / infrastructure,Alert / warning,True,True,True
381611608530381,U03,2012,Portuguese,Routine / institutional / customer service / other,Institutional promotion / community news,Service disruption / repair / infrastructure,Institutional promotion / community news,False,True,False
817206124969702,U03,2014,Portuguese,Routine / institutional / customer service / other,Education / awareness,Routine / institutional / customer service / other,Education / awareness,True,True,True
1033537430056284,U01,2016,Finnish,Environmental sustainability / waste / recycling / biodiversity,Education / awareness,Environmental sustainability / waste / recycling / biodiversity,Instruction / advice to public,True,False,False
1765027263650346,U02,2020,German,Flood / stormwater / wastewater / sewer,Instruction / advice to public,Flood / stormwater / wastewater / sewer,Alert / warning,True,False,False
913062280613825,U09,2024,Italian,Service disruption / repair / infrastructure,Alert / warning,Service disruption / repair / infrastructure,Alert / warning,True,True,True
1151460510107333,U09,2025,Italian,Service disruption / repair / infrastructure,Alert / warning,Service disruption / repair / infrastructure,Alert / warning,True,True,True
936397626383884,U03,2015,Spanish,Public education / heritage / community engagement,Institutional promotion / community news,Public education / heritage / community engagement,Institutional promotion / community news,True,True,True
2682377658505578,U01,2020,Finnish,Routine / institutional / customer service / other,Institutional promotion / community news,Service disruption / repair / infrastructure,Institutional promotion / community news,False,True,False
1532567657230890,U09,2023,Italian,Flood / stormwater / wastewater / sewer,Operational update / resolution,Flood / stormwater / wastewater / sewer,Operational update / resolution,True,True,True
639511592739157,U03,2013,Portuguese,Public education / heritage / community engagement,Education / awareness,Public education / heritage / community engagement,Education / awareness,True,True,True
10158699373209268,U08,2020,French,Flood / stormwater / wastewater / sewer,Institutional promotion / community news,Flood / stormwater / wastewater / sewer,Institutional promotion / community news,True,True,True
866832130007101,U03,2014,Portuguese,Public education / heritage / community engagement,Education / awareness,Flood / stormwater / wastewater / sewer,Education / awareness,False,True,False
209441524521333,U12,2021,Finnish,Water conservation / drought / demand management,Education / awareness,Water conservation / drought / demand management,Education / awareness,True,True,True
587343996754032,U04,2023,Norwegian,Public education / heritage / community engagement,Education / awareness,Water conservation / drought / demand management,Institutional promotion / community news,False,False,False
5007040452652894,U03,2022,Portuguese,Public education / heritage / community engagement,Institutional promotion / community news,Public education / heritage / community engagement,Institutional promotion / community news,True,True,True
4833485243341750,U03,2021,Portuguese,Water conservation / drought / demand management,Instruction / advice to public,Water conservation / drought / demand management,Instruction / advice to public,True,True,True
4745632412127034,U03,2021,Portuguese,Public education / heritage / community engagement,Institutional promotion / community news,Public education / heritage / community engagement,Institutional promotion / community news,True,True,True
1287137021362989,U01,2017,Finnish,Flood / stormwater / wastewater / sewer,Institutional promotion / community news,Flood / stormwater / wastewater / sewer,Education / awareness,True,False,False
10160789741214268,U08,2023,French,Water conservation / drought / demand management,Education / awareness,Water conservation / drought / demand management,Education / awareness,True,True,True
6157314430958818,U03,2023,Portuguese,Water conservation / drought / demand management,Instruction / advice to public,Water conservation / drought / demand management,Instruction / advice to public,True,True,True
2581015335254183,U07,2019,Dutch,Routine / institutional / customer service / other,Institutional promotion / community news,Routine / institutional / customer service / other,Institutional promotion / community news,True,True,True
4054159034607712,U03,2021,Portuguese,Water quality / safety / public health,Institutional promotion / community news,Water quality / safety / public health,Institutional promotion / community news,True,True,True
1285680868251657,U02,2019,German,Routine / institutional / customer service / other,Institutional promotion / community news,Routine / institutional / customer service / other,Institutional promotion / community news,True,True,True
868329303190717,U03,2014,Portuguese,Public education / heritage / community engagement,Institutional promotion / community news,Public education / heritage / community engagement,Instruction / advice to public,True,False,False
531023052540631,U11,2023,Finnish,Routine / institutional / customer service / other,Education / awareness,Flood / stormwater / wastewater / sewer,Education / awareness,False,True,False
2278919798798320,U03,2019,Portuguese,Routine / institutional / customer service / other,Other / unclear,Routine / institutional / customer service / other,Other / unclear,True,True,True
665743023479669,U04,2014,Norwegian,Public education / heritage / community engagement,Education / awareness,Water conservation / drought / demand management,Education / awareness,False,True,False
760609563962692,U03,2014,Portuguese,Routine / institutional / customer service / other,Other / unclear,Routine / institutional / customer service / other,Education / awareness,True,False,False
654006814676016,U01,2014,Finnish,Public education / heritage / community engagement,Institutional promotion / community news,Environmental sustainability / waste / recycling / biodiversity,Instruction / advice to public,False,False,False
1444049436082713,U09,2022,Italian,Service disruption / repair / infrastructure,Alert / warning,Service disruption / repair / infrastructure,Alert / warning,True,True,True
10156231946279268,U08,2018,French,Public education / heritage / community engagement,Institutional promotion / community news,Environmental sustainability / waste / recycling / biodiversity,Education / awareness,False,False,False
2639522149404748,U03,2019,Portuguese,Public education / heritage / community engagement,Education / awareness,Water quality / safety / public health,Education / awareness,False,True,False
774020268095469,U01,2024,Finnish,Environmental sustainability / waste / recycling / biodiversity,Education / awareness,Water quality / safety / public health,Instruction / advice to public,False,False,False
815860270569069,U04,2024,Norwegian,Routine / institutional / customer service / other,Institutional promotion / community news,Flood / stormwater / wastewater / sewer,Education / awareness,False,False,False
1974735632679507,U02,2021,German,Flood / stormwater / wastewater / sewer,Institutional promotion / community news,Flood / stormwater / wastewater / sewer,Education / awareness,True,False,False
4480156468674631,U03,2021,Portuguese,Public education / heritage / community engagement,Education / awareness,Water conservation / drought / demand management,Education / awareness,False,True,False
1408664907720224,U09,2026,Italian,Service disruption / repair / infrastructure,Alert / warning,Service disruption / repair / infrastructure,Alert / warning,True,True,True
1166500583373586,U03,2016,Portuguese,Public education / heritage / community engagement,Institutional promotion / community news,Environmental sustainability / waste / recycling / biodiversity,Institutional promotion / community news,False,True,False
1046730947246957,U09,2024,Italian,Public education / heritage / community engagement,Education / awareness,Public education / heritage / community engagement,Education / awareness,True,True,True
1510484342308540,U03,2017,Portuguese,Public education / heritage / community engagement,Institutional promotion / community news,Public education / heritage / community engagement,Institutional promotion / community news,True,True,True
973840831411271,U10,2024,Swedish,Environmental sustainability / waste / recycling / biodiversity,Institutional promotion / community news,Environmental sustainability / waste / recycling / biodiversity,Institutional promotion / community news,True,True,True
837688252951811,U04,2015,Norwegian,Routine / institutional / customer service / other,Institutional promotion / community news,Water quality / safety / public health,Institutional promotion / community news,False,True,False
5783474928342772,U03,2022,Portuguese,Water conservation / drought / demand management,Instruction / advice to public,Water conservation / drought / demand management,Instruction / advice to public,True,True,True
1192468871240772,U09,2021,Italian,Service disruption / repair / infrastructure,Alert / warning,Service disruption / repair / infrastructure,Alert / warning,True,True,True
671073958383272,U08,2023,French,Public education / heritage / community engagement,Institutional promotion / community news,Public education / heritage / community engagement,Institutional promotion / community news,True,True,True
1030315787456082,U09,2021,Italian,Flood / stormwater / wastewater / sewer,Alert / warning,Water quality / safety / public health,Operational update / resolution,False,False,False
518244807006351,U01,2022,Finnish,Routine / institutional / customer service / other,Instruction / advice to public,Flood / stormwater / wastewater / sewer,Instruction / advice to public,False,True,False
3500630873346915,U01,2020,Finnish,Service disruption / repair / infrastructure,Operational update / resolution,Service disruption / repair / infrastructure,Instruction / advice to public,True,False,False
685080960329604,U03,2023,Portuguese,Public education / heritage / community engagement,Education / awareness,Environmental sustainability / waste / recycling / biodiversity,Education / awareness,False,True,False
818617961495185,U03,2014,Portuguese,Public education / heritage / community engagement,Institutional promotion / community news,Water conservation / drought / demand management,Institutional promotion / community news,False,True,False
305808883240113,U09,2017,Italian,Public education / heritage / community engagement,Education / awareness,Water conservation / drought / demand management,Education / awareness,False,True,False
379474605443604,U08,2012,French,Public education / heritage / community engagement,Institutional promotion / community news,Flood / stormwater / wastewater / sewer,Institutional promotion / community news,False,True,False
10156109954316714,U10,2019,Swedish,Environmental sustainability / waste / recycling / biodiversity,Institutional promotion / community news,Environmental sustainability / waste / recycling / biodiversity,Institutional promotion / community news,True,True,True
2884003591676316,U01,2020,Finnish,Environmental sustainability / waste / recycling / biodiversity,Institutional promotion / community news,Flood / stormwater / wastewater / sewer,Institutional promotion / community news,False,True,False
1574861954642486,U10,2026,Swedish,Water conservation / drought / demand management,Education / awareness,Water quality / safety / public health,Education / awareness,False,True,False
592012772962887,U01,2023,Finnish,Environmental sustainability / waste / recycling / biodiversity,Instruction / advice to public,Flood / stormwater / wastewater / sewer,Instruction / advice to public,False,True,False
4279310308759249,U03,2021,Portuguese,Environmental sustainability / waste / recycling / biodiversity,Education / awareness,Environmental sustainability / waste / recycling / biodiversity,Education / awareness,True,True,True
596692793745764,U03,2014,Portuguese,Routine / institutional / customer service / other,Institutional promotion / community news,Public education / heritage / community engagement,Institutional promotion / community news,False,True,False
723133517763345,U01,2014,Finnish,Public education / heritage / community engagement,Education / awareness,Public education / heritage / community engagement,Education / awareness,True,True,True
574525332571117,U03,2013,Portuguese,Public education / heritage / community engagement,Education / awareness,Public education / heritage / community engagement,Education / awareness,True,True,True
1272814204638629,U09,2025,Italian,Water conservation / drought / demand management,Education / awareness,Water conservation / drought / demand management,Education / awareness,True,True,True
3463427907067212,U01,2020,Finnish,Environmental sustainability / waste / recycling / biodiversity,Education / awareness,Environmental sustainability / waste / recycling / biodiversity,Education / awareness,True,True,True
319921974741617,U10,2012,Swedish,Routine / institutional / customer service / other,Institutional promotion / community news,Flood / stormwater / wastewater / sewer,Education / awareness,False,False,False
1160393634448296,U09,2021,Italian,Service disruption / repair / infrastructure,Alert / warning,Water quality / safety / public health,Operational update / resolution,False,False,False
1613427522067269,U01,2018,Finnish,Routine / institutional / customer service / other,Institutional promotion / community news,Routine / institutional / customer service / other,Institutional promotion / community news,True,True,True
5906271292729801,U03,2022,Portuguese,Environmental sustainability / waste / recycling / biodiversity,Institutional promotion / community news,Water conservation / drought / demand management,Institutional promotion / community news,False,True,False
1928216644158382,U12,2018,Finnish,Public education / heritage / community engagement,Institutional promotion / community news,Public education / heritage / community engagement,Institutional promotion / community news,True,True,True
674648175892165,U03,2013,Portuguese,Public education / heritage / community engagement,Institutional promotion / community news,Public education / heritage / community engagement,Education / awareness,True,False,False
10155379502611714,U10,2018,Swedish,Environmental sustainability / waste / recycling / biodiversity,Institutional promotion / community news,Environmental sustainability / waste / recycling / biodiversity,Instruction / advice to public,True,False,False
3840218299388169,U01,2021,Finnish,Environmental sustainability / waste / recycling / biodiversity,Instruction / advice to public,Environmental sustainability / waste / recycling / biodiversity,Instruction / advice to public,True,True,True
978860867575934,U10,2024,Swedish,Water conservation / drought / demand management,Instruction / advice to public,Water conservation / drought / demand management,Institutional promotion / community news,True,False,False
6477182855638639,U03,2023,Portuguese,Public education / heritage / community engagement,Institutional promotion / community news,Public education / heritage / community engagement,Institutional promotion / community news,True,True,True
987630648043440,U05,2017,German,Public education / heritage / community engagement,Institutional promotion / community news,Routine / institutional / customer service / other,Instruction / advice to public,False,False,False
10159552085704268,U08,2021,French,Routine / institutional / customer service / other,Other / unclear,Routine / institutional / customer service / other,Other / unclear,True,True,True
4086764284680520,U03,2021,Portuguese,Environmental sustainability / waste / recycling / biodiversity,Instruction / advice to public,Environmental sustainability / waste / recycling / biodiversity,Instruction / advice to public,True,True,True
10160021951109268,U08,2022,French,Routine / institutional / customer service / other,Institutional promotion / community news,Routine / institutional / customer service / other,Institutional promotion / community news,True,True,True
1221254808027597,U02,2019,German,Public education / heritage / community engagement,Education / awareness,Public education / heritage / community engagement,Education / awareness,True,True,True
10155379503401714,U10,2018,Swedish,Environmental sustainability / waste / recycling / biodiversity,Institutional promotion / community news,Environmental sustainability / waste / recycling / biodiversity,Instruction / advice to public,True,False,False
760134667343515,U03,2014,Portuguese,Public education / heritage / community engagement,Institutional promotion / community news,Environmental sustainability / waste / recycling / biodiversity,Institutional promotion / community news,False,True,False
1265453195583365,U10,2025,Swedish,Water conservation / drought / demand management,Instruction / advice to public,Water conservation / drought / demand management,Instruction / advice to public,True,True,True
605009481644311,U02,2023,German,Routine / institutional / customer service / other,Institutional promotion / community news,Flood / stormwater / wastewater / sewer,Institutional promotion / community news,False,True,False
861836539307012,U08,2024,French,Public education / heritage / community engagement,Institutional promotion / community news,Public education / heritage / community engagement,Institutional promotion / community news,True,True,True
756299461176561,U05,2016,German,Public education / heritage / community engagement,Education / awareness,Public education / heritage / community engagement,Education / awareness,True,True,True
1168558661730851,U09,2025,Italian,Flood / stormwater / wastewater / sewer,Institutional promotion / community news,Flood / stormwater / wastewater / sewer,Institutional promotion / community news,True,True,True
10157764148304268,U08,2019,French,Environmental sustainability / waste / recycling / biodiversity,Education / awareness,Environmental sustainability / waste / recycling / biodiversity,Instruction / advice to public,True,False,False
5434535793267011,U04,2022,Norwegian,Public education / heritage / community engagement,Education / awareness,Flood / stormwater / wastewater / sewer,Education / awareness,False,True,False
892665460810149,U01,2015,Finnish,Environmental sustainability / waste / recycling / biodiversity,Instruction / advice to public,Environmental sustainability / waste / recycling / biodiversity,Instruction / advice to public,True,True,True
10152191190051240,U04,2014,Norwegian,Routine / institutional / customer service / other,Institutional promotion / community news,Routine / institutional / customer service / other,Institutional promotion / community news,True,True,True
3723818361028164,U01,2021,Finnish,Flood / stormwater / wastewater / sewer,Education / awareness,Flood / stormwater / wastewater / sewer,Education / awareness,True,True,True
1648342393305458,U07,2026,Dutch,Routine / institutional / customer service / other,Institutional promotion / community news,Routine / institutional / customer service / other,Institutional promotion / community news,True,True,True
225034692962016,U12,2021,Finnish,Public education / heritage / community engagement,Education / awareness,Flood / stormwater / wastewater / sewer,Education / awareness,False,True,False
1330796486997042,U01,2017,Finnish,Water quality / safety / public health,Institutional promotion / community news,Water quality / safety / public health,Institutional promotion / community news,True,True,True
2288790941273973,U02,2022,German,Routine / institutional / customer service / other,Institutional promotion / community news,Routine / institutional / customer service / other,Institutional promotion / community news,True,True,True
800293573357946,U04,2015,Norwegian,Routine / institutional / customer service / other,Institutional promotion / community news,Routine / institutional / customer service / other,Institutional promotion / community news,True,True,True
1084492111574434,U03,2016,Portuguese,Water conservation / drought / demand management,Instruction / advice to public,Water conservation / drought / demand management,Instruction / advice to public,True,True,True
898308486912513,U01,2015,Finnish,Environmental sustainability / waste / recycling / biodiversity,Education / awareness,Environmental sustainability / waste / recycling / biodiversity,Education / awareness,True,True,True
1356032144549862,U02,2019,German,Routine / institutional / customer service / other,Education / awareness,Service disruption / repair / infrastructure,Education / awareness,False,True,False
1100229430053750,U01,2016,Finnish,Routine / institutional / customer service / other,Institutional promotion / community news,Environmental sustainability / waste / recycling / biodiversity,Institutional promotion / community news,False,True,False
10158706071141714,U10,2022,Swedish,Public education / heritage / community engagement,Education / awareness,Public education / heritage / community engagement,Education / awareness,True,True,True
1102566771663374,U09,2025,Italian,Service disruption / repair / infrastructure,Alert / warning,Service disruption / repair / infrastructure,Alert / warning,True,True,True
1317102491646727,U03,2016,Portuguese,Water conservation / drought / demand management,Institutional promotion / community news,Water conservation / drought / demand management,Institutional promotion / community news,True,True,True
2470231973290177,U12,2020,Finnish,Routine / institutional / customer service / other,Institutional promotion / community news,Service disruption / repair / infrastructure,Alert / warning,False,False,False
1163044998948884,U09,2025,Italian,Service disruption / repair / infrastructure,Alert / warning,Service disruption / repair / infrastructure,Alert / warning,True,True,True
1653317808154626,U02,2020,German,Routine / institutional / customer service / other,Institutional promotion / community news,Routine / institutional / customer service / other,Education / awareness,True,False,False
6120160751340853,U03,2023,Portuguese,Public education / heritage / community engagement,Education / awareness,Routine / institutional / customer service / other,Education / awareness,False,True,False
1606291092727864,U03,2017,Portuguese,Routine / institutional / customer service / other,Institutional promotion / community news,Public education / heritage / community engagement,Institutional promotion / community news,False,True,False
1163895270430218,U02,2018,German,Flood / stormwater / wastewater / sewer,Education / awareness,Flood / stormwater / wastewater / sewer,Education / awareness,True,True,True
669094486500582,U01,2014,Finnish,Routine / institutional / customer service / other,Instruction / advice to public,Water conservation / drought / demand management,Instruction / advice to public,False,True,False
757262411428089,U09,2020,Italian,Service disruption / repair / infrastructure,Alert / warning,Water quality / safety / public health,Alert / warning,False,True,False
1104247471739412,U01,2025,Finnish,Flood / stormwater / wastewater / sewer,Education / awareness,Flood / stormwater / wastewater / sewer,Education / awareness,True,True,True
10153054310796714,U10,2015,Swedish,Flood / stormwater / wastewater / sewer,Education / awareness,Flood / stormwater / wastewater / sewer,Education / awareness,True,True,True
10156898500144268,U08,2018,French,Water quality / safety / public health,Education / awareness,Water quality / safety / public health,Education / awareness,True,True,True
4011450102211939,U03,2021,Portuguese,Public education / heritage / community engagement,Education / awareness,Public education / heritage / community engagement,Education / awareness,True,True,True
1469676736419623,U04,2017,Norwegian,Routine / institutional / customer service / other,Institutional promotion / community news,Flood / stormwater / wastewater / sewer,Institutional promotion / community news,False,True,False
5187139344696051,U01,2022,Finnish,Routine / institutional / customer service / other,Institutional promotion / community news,Routine / institutional / customer service / other,Institutional promotion / community news,True,True,True
5457806300909638,U03,2022,Portuguese,Public education / heritage / community engagement,Institutional promotion / community news,Service disruption / repair / infrastructure,Institutional promotion / community news,False,True,False
526480544158455,U05,2014,German,Flood / stormwater / wastewater / sewer,Education / awareness,Flood / stormwater / wastewater / sewer,Education / awareness,True,True,True
912730060882089,U04,2024,Norwegian,Flood / stormwater / wastewater / sewer,Education / awareness,Flood / stormwater / wastewater / sewer,Education / awareness,True,True,True
326670654023254,U03,2012,Portuguese,Service disruption / repair / infrastructure,Alert / warning,Service disruption / repair / infrastructure,Operational update / resolution,True,False,False
655816359922731,U03,2023,Portuguese,Water conservation / drought / demand management,Education / awareness,Environmental sustainability / waste / recycling / biodiversity,Education / awareness,False,True,False
4263771697032825,U01,2021,Finnish,Environmental sustainability / waste / recycling / biodiversity,Instruction / advice to public,Environmental sustainability / waste / recycling / biodiversity,Instruction / advice to public,True,True,True
2188100377933311,U01,2019,Finnish,Environmental sustainability / waste / recycling / biodiversity,Institutional promotion / community news,Environmental sustainability / waste / recycling / biodiversity,Institutional promotion / community news,True,True,True
1426797744474549,U09,2022,Italian,Service disruption / repair / infrastructure,Alert / warning,Service disruption / repair / infrastructure,Alert / warning,True,True,True
986220088197738,U02,2018,German,Routine / institutional / customer service / other,Institutional promotion / community news,Service disruption / repair / infrastructure,Institutional promotion / community news,False,True,False
5961284903895106,U03,2022,Portuguese,Water conservation / drought / demand management,Education / awareness,Environmental sustainability / waste / recycling / biodiversity,Instruction / advice to public,False,False,False
1237656378398520,U01,2025,Finnish,Routine / institutional / customer service / other,Education / awareness,Flood / stormwater / wastewater / sewer,Education / awareness,False,True,False
628355347304307,U05,2015,German,Routine / institutional / customer service / other,Education / awareness,Water quality / safety / public health,Education / awareness,False,True,False
1526500987837557,U09,2023,Italian,Service disruption / repair / infrastructure,Alert / warning,Service disruption / repair / infrastructure,Alert / warning,True,True,True
10158286845669268,U08,2020,French,Environmental sustainability / waste / recycling / biodiversity,Instruction / advice to public,Environmental sustainability / waste / recycling / biodiversity,Instruction / advice to public,True,True,True
282834428406877,U03,2011,Portuguese,Service disruption / repair / infrastructure,Alert / warning,Service disruption / repair / infrastructure,Operational update / resolution,True,False,False
417636311709546,U05,2014,German,Routine / institutional / customer service / other,Institutional promotion / community news,Flood / stormwater / wastewater / sewer,Institutional promotion / community news,False,True,False
2276705719149162,U02,2022,German,Water conservation / drought / demand management,Education / awareness,Water conservation / drought / demand management,Education / awareness,True,True,True
4565075156849428,U03,2021,Portuguese,Routine / institutional / customer service / other,Education / awareness,Service disruption / repair / infrastructure,Reassurance / safety information,False,False,False
2528516407171990,U03,2019,Portuguese,Environmental sustainability / waste / recycling / biodiversity,Reassurance / safety information,Water quality / safety / public health,Reassurance / safety information,False,True,False
4721746344515641,U03,2021,Portuguese,Routine / institutional / customer service / other,Education / awareness,Environmental sustainability / waste / recycling / biodiversity,Alert / warning,False,False,False
669682783055371,U03,2013,Portuguese,Public education / heritage / community engagement,Education / awareness,Public education / heritage / community engagement,Education / awareness,True,True,True
2588220021254676,U01,2019,Finnish,Routine / institutional / customer service / other,Institutional promotion / community news,Flood / stormwater / wastewater / sewer,Education / awareness,False,False,False
1350225270442947,U12,2025,Finnish,Routine / institutional / customer service / other,Institutional promotion / community news,Water quality / safety / public health,Education / awareness,False,False,False
4315145178509095,U03,2021,Portuguese,Routine / institutional / customer service / other,Institutional promotion / community news,Routine / institutional / customer service / other,Operational update / resolution,True,False,False
10156170326714268,U08,2018,French,Water quality / safety / public health,Reassurance / safety information,Water quality / safety / public health,Reassurance / safety information,True,True,True
1067069960036364,U01,2016,Finnish,Environmental sustainability / waste / recycling / biodiversity,Instruction / advice to public,Environmental sustainability / waste / recycling / biodiversity,Instruction / advice to public,True,True,True
4315686495121630,U03,2021,Portuguese,Environmental sustainability / waste / recycling / biodiversity,Education / awareness,Environmental sustainability / waste / recycling / biodiversity,Education / awareness,True,True,True
1568757139867641,U01,2018,Finnish,Flood / stormwater / wastewater / sewer,Instruction / advice to public,Flood / stormwater / wastewater / sewer,Instruction / advice to public,True,True,True
2501542286534822,U07,2019,Dutch,Public education / heritage / community engagement,Education / awareness,Public education / heritage / community engagement,Education / awareness,True,True,True
744652792341228,U05,2016,German,Routine / institutional / customer service / other,Institutional promotion / community news,Routine / institutional / customer service / other,Institutional promotion / community news,True,True,True
990152346238151,U09,2024,Italian,Service disruption / repair / infrastructure,Alert / warning,Service disruption / repair / infrastructure,Alert / warning,True,True,True
2315807095162638,U01,2019,Finnish,Routine / institutional / customer service / other,Institutional promotion / community news,Service disruption / repair / infrastructure,Institutional promotion / community news,False,True,False
4182502995106648,U03,2021,Portuguese,Public education / heritage / community engagement,Education / awareness,Water conservation / drought / demand management,Education / awareness,False,True,False
667260066684024,U01,2014,Finnish,Routine / institutional / customer service / other,Institutional promotion / community news,Water conservation / drought / demand management,Education / awareness,False,False,False
302852416417132,U03,2012,Portuguese,Public education / heritage / community engagement,Institutional promotion / community news,Public education / heritage / community engagement,Institutional promotion / community news,True,True,True
1460248434051846,U01,2017,Finnish,Environmental sustainability / waste / recycling / biodiversity,Institutional promotion / community news,Environmental sustainability / waste / recycling / biodiversity,Instruction / advice to public,True,False,False
10157426496109268,U08,2019,French,Public education / heritage / community engagement,Institutional promotion / community news,Public education / heritage / community engagement,Institutional promotion / community news,True,True,True
10155379339911714,U10,2018,Swedish,Environmental sustainability / waste / recycling / biodiversity,Institutional promotion / community news,Environmental sustainability / waste / recycling / biodiversity,Instruction / advice to public,True,False,False
1979507072202363,U02,2021,German,Flood / stormwater / wastewater / sewer,Education / awareness,Flood / stormwater / wastewater / sewer,Education / awareness,True,True,True
1086012404871930,U05,2017,German,Routine / institutional / customer service / other,Institutional promotion / community news,Routine / institutional / customer service / other,Institutional promotion / community news,True,True,True
10158968794081714,U10,2022,Swedish,Water conservation / drought / demand management,Education / awareness,Environmental sustainability / waste / recycling / biodiversity,Education / awareness,False,True,False
2620758694667475,U01,2019,Finnish,Routine / institutional / customer service / other,Institutional promotion / community news,Routine / institutional / customer service / other,Institutional promotion / community news,True,True,True
1407400992616876,U03,2017,Portuguese,Routine / institutional / customer service / other,Education / awareness,Water quality / safety / public health,Education / awareness,False,True,False
3103098266380465,U03,2020,Portuguese,Routine / institutional / customer service / other,Institutional promotion / community news,Flood / stormwater / wastewater / sewer,Institutional promotion / community news,False,True,False
1143877719433221,U09,2021,Italian,Service disruption / repair / infrastructure,Alert / warning,Water quality / safety / public health,Operational update / resolution,False,False,False
1573959322680756,U01,2018,Finnish,Routine / institutional / customer service / other,Institutional promotion / community news,Flood / stormwater / wastewater / sewer,Institutional promotion / community news,False,True,False
1076432921332972,U11,2025,Finnish,Routine / institutional / customer service / other,Institutional promotion / community news,Flood / stormwater / wastewater / sewer,Institutional promotion / community news,False,True,False
10152978854331714,U10,2015,Swedish,Environmental sustainability / waste / recycling / biodiversity,Institutional promotion / community news,Environmental sustainability / waste / recycling / biodiversity,Instruction / advice to public,True,False,False
1096279413858471,U02,2018,German,Public education / heritage / community engagement,Education / awareness,Flood / stormwater / wastewater / sewer,Education / awareness,False,True,False
1054377448048668,U02,2018,German,Routine / institutional / customer service / other,Institutional promotion / community news,Routine / institutional / customer service / other,Institutional promotion / community news,True,True,True
794669796021450,U04,2024,Norwegian,Routine / institutional / customer service / other,Education / awareness,Water quality / safety / public health,Education / awareness,False,True,False
975029072573787,U01,2016,Finnish,Environmental sustainability / waste / recycling / biodiversity,Education / awareness,Environmental sustainability / waste / recycling / biodiversity,Education / awareness,True,True,True
1519679461853043,U09,2023,Italian,Service disruption / repair / infrastructure,Alert / warning,Service disruption / repair / infrastructure,Alert / warning,True,True,True
1347264248746743,U05,2018,German,Routine / institutional / customer service / other,Institutional promotion / community news,Flood / stormwater / wastewater / sewer,Education / awareness,False,False,False
2597778287202211,U12,2020,Finnish,Flood / stormwater / wastewater / sewer,Education / awareness,Flood / stormwater / wastewater / sewer,Education / awareness,True,True,True
1389650846288297,U09,2026,Italian,Service disruption / repair / infrastructure,Alert / warning,Service disruption / repair / infrastructure,Alert / warning,True,True,True
1256685803163788,U05,2025,German,Flood / stormwater / wastewater / sewer,Education / awareness,Flood / stormwater / wastewater / sewer,Education / awareness,True,True,True
2629206137133338,U04,2020,Norwegian,Service disruption / repair / infrastructure,Operational update / resolution,Water quality / safety / public health,Instruction / advice to public,False,False,False
340978265925826,U03,2012,Portuguese,Service disruption / repair / infrastructure,Alert / warning,Service disruption / repair / infrastructure,Operational update / resolution,True,False,False
750377117117385,U04,2023,Norwegian,Routine / institutional / customer service / other,Education / awareness,Service disruption / repair / infrastructure,Education / awareness,False,True,False
653491244674525,U03,2013,Portuguese,Routine / institutional / customer service / other,Other / unclear,Routine / institutional / customer service / other,Institutional promotion / community news,True,False,False
1679914148828325,U02,2020,German,Flood / stormwater / wastewater / sewer,Education / awareness,Flood / stormwater / wastewater / sewer,Education / awareness,True,True,True
1270580568403961,U10,2025,Swedish,Water conservation / drought / demand management,Education / awareness,Water conservation / drought / demand management,Education / awareness,True,True,True
999865425475478,U10,2024,Swedish,Environmental sustainability / waste / recycling / biodiversity,Education / awareness,Environmental sustainability / waste / recycling / biodiversity,Education / awareness,True,True,True
1176424732381171,U03,2016,Portuguese,Water conservation / drought / demand management,Education / awareness,Water conservation / drought / demand management,Education / awareness,True,True,True
1082032521949827,U02,2018,German,Flood / stormwater / wastewater / sewer,Education / awareness,Flood / stormwater / wastewater / sewer,Education / awareness,True,True,True
669491490205182,U09,2019,Italian,Service disruption / repair / infrastructure,Alert / warning,Water quality / safety / public health,Alert / warning,False,True,False
251131327196473,U11,2022,Finnish,Routine / institutional / customer service / other,Institutional promotion / community news,Routine / institutional / customer service / other,Institutional promotion / community news,True,True,True
670236521952616,U11,2023,Finnish,Routine / institutional / customer service / other,Institutional promotion / community news,Routine / institutional / customer service / other,Instruction / advice to public,True,False,False
1743552659117898,U05,2020,German,Flood / stormwater / wastewater / sewer,Instruction / advice to public,Flood / stormwater / wastewater / sewer,Instruction / advice to public,True,True,True
885812173338836,U09,2024,Italian,Service disruption / repair / infrastructure,Alert / warning,Service disruption / repair / infrastructure,Alert / warning,True,True,True
1659964967413524,U01,2018,Finnish,Environmental sustainability / waste / recycling / biodiversity,Education / awareness,Environmental sustainability / waste / recycling / biodiversity,Instruction / advice to public,True,False,False
2504257802931184,U03,2019,Portuguese,Routine / institutional / customer service / other,Institutional promotion / community news,Routine / institutional / customer service / other,Institutional promotion / community news,True,True,True
3563016193775049,U01,2020,Finnish,Routine / institutional / customer service / other,Institutional promotion / community news,Routine / institutional / customer service / other,Instruction / advice to public,True,False,False
2755412328105472,U12,2021,Finnish,Routine / institutional / customer service / other,Education / awareness,Routine / institutional / customer service / other,Education / awareness,True,True,True
4314655615223471,U07,2021,Dutch,Flood / stormwater / wastewater / sewer,Education / awareness,Flood / stormwater / wastewater / sewer,Education / awareness,True,True,True
747029164118847,U04,2023,Norwegian,Routine / institutional / customer service / other,Education / awareness,Flood / stormwater / wastewater / sewer,Education / awareness,False,True,False
1335287849957625,U02,2019,German,Routine / institutional / customer service / other,Institutional promotion / community news,Water quality / safety / public health,Instruction / advice to public,False,False,False
969273196482708,U01,2016,Finnish,Public education / heritage / community engagement,Institutional promotion / community news,Routine / institutional / customer service / other,Institutional promotion / community news,False,True,False
2587258034631160,U03,2019,Portuguese,Public education / heritage / community engagement,Education / awareness,Environmental sustainability / waste / recycling / biodiversity,Education / awareness,False,True,False
311929025497417,U03,2011,Portuguese,Service disruption / repair / infrastructure,Alert / warning,Service disruption / repair / infrastructure,Operational update / resolution,True,False,False
4960605063993422,U04,2022,Norwegian,Routine / institutional / customer service / other,Institutional promotion / community news,Routine / institutional / customer service / other,Institutional promotion / community news,True,True,True
850015738408455,U01,2015,Finnish,Routine / institutional / customer service / other,Institutional promotion / community news,Flood / stormwater / wastewater / sewer,Instruction / advice to public,False,False,False
1712419425501411,U01,2018,Finnish,Routine / institutional / customer service / other,Institutional promotion / community news,Water quality / safety / public health,Institutional promotion / community news,False,True,False
840212414774114,U10,2023,Swedish,Public education / heritage / community engagement,Education / awareness,Flood / stormwater / wastewater / sewer,Education / awareness,False,True,False
508883042468680,U03,2012,Portuguese,Public education / heritage / community engagement,Institutional promotion / community news,Public education / heritage / community engagement,Institutional promotion / community news,True,True,True
1205967618198590,U10,2025,Swedish,Routine / institutional / customer service / other,Institutional promotion / community news,Service disruption / repair / infrastructure,Education / awareness,False,False,False
2084154571897921,U12,2018,Finnish,Routine / institutional / customer service / other,Institutional promotion / community news,Flood / stormwater / wastewater / sewer,Institutional promotion / community news,False,True,False
804125848174136,U09,2023,Italian,Service disruption / repair / infrastructure,Alert / warning,Service disruption / repair / infrastructure,Alert / warning,True,True,True
10157369910964268,U08,2019,French,Public education / heritage / community engagement,Institutional promotion / community news,Public education / heritage / community engagement,Institutional promotion / community news,True,True,True
601013733255610,U03,2013,Portuguese,Public education / heritage / community engagement,Education / awareness,Service disruption / repair / infrastructure,Education / awareness,False,True,False
3313376578716287,U04,2020,Norwegian,Service disruption / repair / infrastructure,Operational update / resolution,Service disruption / repair / infrastructure,Alert / warning,True,False,False
2877066002370075,U01,2020,Finnish,Routine / institutional / customer service / other,Instruction / advice to public,Routine / institutional / customer service / other,Instruction / advice to public,True,True,True
432887343401584,U03,2012,Portuguese,Routine / institutional / customer service / other,Institutional promotion / community news,Routine / institutional / customer service / other,Institutional promotion / community news,True,True,True
10158201989719268,U08,2020,French,Public education / heritage / community engagement,Institutional promotion / community news,Public education / heritage / community engagement,Institutional promotion / community news,True,True,True
2066757916734225,U01,2019,Finnish,Routine / institutional / customer service / other,Institutional promotion / community news,Service disruption / repair / infrastructure,Operational update / resolution,False,False,False
788439523320210,U01,2024,Finnish,Water quality / safety / public health,Operational update / resolution,Water quality / safety / public health,Instruction / advice to public,True,False,False
903938990032843,U11,2020,Finnish,Routine / institutional / customer service / other,Institutional promotion / community news,Service disruption / repair / infrastructure,Instruction / advice to public,False,False,False
1548168365206804,U03,2017,Portuguese,Routine / institutional / customer service / other,Institutional promotion / community news,Routine / institutional / customer service / other,Institutional promotion / community news,True,True,True
1382611971891879,U02,2019,German,Routine / institutional / customer service / other,Institutional promotion / community news,Routine / institutional / customer service / other,Institutional promotion / community news,True,True,True
4041244725897896,U07,2021,Dutch,Routine / institutional / customer service / other,Alert / warning,Routine / institutional / customer service / other,Institutional promotion / community news,True,False,False
4748963515180305,U01,2022,Finnish,Environmental sustainability / waste / recycling / biodiversity,Institutional promotion / community news,Environmental sustainability / waste / recycling / biodiversity,Instruction / advice to public,True,False,False
4293749243982022,U03,2021,Portuguese,Public education / heritage / community engagement,Education / awareness,Public education / heritage / community engagement,Education / awareness,True,True,True
1149029685250110,U02,2018,German,Routine / institutional / customer service / other,Education / awareness,Flood / stormwater / wastewater / sewer,Education / awareness,False,True,False
10157160503086714,U10,2020,Swedish,Water conservation / drought / demand management,Instruction / advice to public,Water conservation / drought / demand management,Instruction / advice to public,True,True,True
643122592408379,U04,2014,Norwegian,Water conservation / drought / demand management,Education / awareness,Water conservation / drought / demand management,Education / awareness,True,True,True
1099153902394207,U11,2025,Finnish,Flood / stormwater / wastewater / sewer,Education / awareness,Flood / stormwater / wastewater / sewer,Education / awareness,True,True,True
2697163200597052,U12,2020,Finnish,Routine / institutional / customer service / other,Instruction / advice to public,Water conservation / drought / demand management,Instruction / advice to public,False,True,False
1784909738315523,U05,2020,German,Water quality / safety / public health,Education / awareness,Water quality / safety / public health,Education / awareness,True,True,True
1267787093708949,U09,2022,Italian,Service disruption / repair / infrastructure,Alert / warning,Service disruption / repair / infrastructure,Alert / warning,True,True,True
3555428577867144,U01,2020,Finnish,Routine / institutional / customer service / other,Instruction / advice to public,Routine / institutional / customer service / other,Instruction / advice to public,True,True,True
772075992816049,U03,2014,Portuguese,Water quality / safety / public health,Instruction / advice to public,Water quality / safety / public health,Instruction / advice to public,True,True,True
734050839951898,U03,2014,Portuguese,Public education / heritage / community engagement,Institutional promotion / community news,Environmental sustainability / waste / recycling / biodiversity,Institutional promotion / community news,False,True,False
768898353133813,U03,2014,Portuguese,Routine / institutional / customer service / other,Education / awareness,Routine / institutional / customer service / other,Education / awareness,True,True,True
1706145362871870,U02,2020,German,Public education / heritage / community engagement,Education / awareness,Flood / stormwater / wastewater / sewer,Education / awareness,False,True,False
816417945048520,U03,2014,Portuguese,Water conservation / drought / demand management,Institutional promotion / community news,Water conservation / drought / demand management,Institutional promotion / community news,True,True,True
1480957663377266,U07,2025,Dutch,Routine / institutional / customer service / other,Institutional promotion / community news,Routine / institutional / customer service / other,Institutional promotion / community news,True,True,True
110475335770021,U03,2012,Portuguese,Public education / heritage / community engagement,Institutional promotion / community news,Public education / heritage / community engagement,Institutional promotion / community news,True,True,True
10159192846894268,U08,2020,French,Environmental sustainability / waste / recycling / biodiversity,Education / awareness,Environmental sustainability / waste / recycling / biodiversity,Instruction / advice to public,True,False,False
1193759497443795,U02,2018,German,Routine / institutional / customer service / other,Institutional promotion / community news,Routine / institutional / customer service / other,Education / awareness,True,False,False
10158473958549268,U08,2020,French,Routine / institutional / customer service / other,Institutional promotion / community news,Routine / institutional / customer service / other,Institutional promotion / community news,True,True,True
2998677693542238,U01,2020,Finnish,Environmental sustainability / waste / recycling / biodiversity,Education / awareness,Environmental sustainability / waste / recycling / biodiversity,Education / awareness,True,True,True
1311090085697493,U05,2018,German,Flood / stormwater / wastewater / sewer,Education / awareness,Service disruption / repair / infrastructure,Education / awareness,False,True,False
2387581081318572,U01,2019,Finnish,Public education / heritage / community engagement,Education / awareness,Flood / stormwater / wastewater / sewer,Education / awareness,False,True,False
1864967616860209,U03,2018,Portuguese,Routine / institutional / customer service / other,Institutional promotion / community news,Routine / institutional / customer service / other,Institutional promotion / community news,True,True,True
10156019247496714,U10,2019,Swedish,Environmental sustainability / waste / recycling / biodiversity,Instruction / advice to public,Environmental sustainability / waste / recycling / biodiversity,Instruction / advice to public,True,True,True
1145824289177644,U11,2021,Finnish,Public education / heritage / community engagement,Education / awareness,Flood / stormwater / wastewater / sewer,Education / awareness,False,True,False
1425893561231634,U09,2022,Italian,Service disruption / repair / infrastructure,Alert / warning,Service disruption / repair / infrastructure,Alert / warning,True,True,True
893925712771590,U01,2024,Finnish,Flood / stormwater / wastewater / sewer,Education / awareness,Service disruption / repair / infrastructure,Instruction / advice to public,False,False,False
821074329812621,U09,2023,Italian,Service disruption / repair / infrastructure,Alert / warning,Service disruption / repair / infrastructure,Alert / warning,True,True,True
538055256334317,U05,2015,German,Water conservation / drought / demand management,Education / awareness,Water conservation / drought / demand management,Education / awareness,True,True,True
695357583821224,U03,2014,Portuguese,Routine / institutional / customer service / other,Institutional promotion / community news,Routine / institutional / customer service / other,Institutional promotion / community news,True,True,True
2230784647074603,U02,2022,German,Flood / stormwater / wastewater / sewer,Institutional promotion / community news,Flood / stormwater / wastewater / sewer,Institutional promotion / community news,True,True,True
658797109624656,U03,2023,Portuguese,Routine / institutional / customer service / other,Institutional promotion / community news,Routine / institutional / customer service / other,Institutional promotion / community news,True,True,True
869119421674778,U09,2024,Italian,Service disruption / repair / infrastructure,Alert / warning,Flood / stormwater / wastewater / sewer,Alert / warning,False,True,False
1465207287300261,U09,2022,Italian,Service disruption / repair / infrastructure,Alert / warning,Service disruption / repair / infrastructure,Alert / warning,True,True,True
2287162038027144,U01,2019,Finnish,Service disruption / repair / infrastructure,Alert / warning,Service disruption / repair / infrastructure,Alert / warning,True,True,True
377701624539442,U11,2022,Finnish,Routine / institutional / customer service / other,Institutional promotion / community news,Routine / institutional / customer service / other,Institutional promotion / community news,True,True,True
3372654446144559,U01,2020,Finnish,Environmental sustainability / waste / recycling / biodiversity,Instruction / advice to public,Environmental sustainability / waste / recycling / biodiversity,Instruction / advice to public,True,True,True
725114047628436,U05,2016,German,Flood / stormwater / wastewater / sewer,Education / awareness,Flood / stormwater / wastewater / sewer,Education / awareness,True,True,True
2956766764346950,U03,2020,Portuguese,Public education / heritage / community engagement,Education / awareness,Water quality / safety / public health,Institutional promotion / community news,False,False,False
1239785894816762,U10,2025,Swedish,Routine / institutional / customer service / other,Institutional promotion / community news,Water quality / safety / public health,Institutional promotion / community news,False,True,False
2362875800402719,U03,2019,Portuguese,Water conservation / drought / demand management,Education / awareness,Water conservation / drought / demand management,Education / awareness,True,True,True
5203702446350348,U04,2022,Norwegian,Water conservation / drought / demand management,Reassurance / safety information,Routine / institutional / customer service / other,Reassurance / safety information,False,True,False
1271324764340558,U07,2025,Dutch,Water conservation / drought / demand management,Instruction / advice to public,Water conservation / drought / demand management,Instruction / advice to public,True,True,True
935980346425612,U03,2015,Portuguese,Routine / institutional / customer service / other,Institutional promotion / community news,Water quality / safety / public health,Institutional promotion / community news,False,True,False
2730946287218743,U12,2021,Finnish,Flood / stormwater / wastewater / sewer,Education / awareness,Service disruption / repair / infrastructure,Education / awareness,False,True,False
749063291900178,U05,2016,German,Public education / heritage / community engagement,Education / awareness,Flood / stormwater / wastewater / sewer,Institutional promotion / community news,False,False,False
387619011264720,U03,2012,Portuguese,Public education / heritage / community engagement,Institutional promotion / community news,Water conservation / drought / demand management,Institutional promotion / community news,False,True,False
726648270692155,U03,2014,Portuguese,Public education / heritage / community engagement,Education / awareness,Water conservation / drought / demand management,Institutional promotion / community news,False,False,False
971428401689531,U05,2024,German,Routine / institutional / customer service / other,Education / awareness,Flood / stormwater / wastewater / sewer,Education / awareness,False,True,False
1270961045213491,U11,2026,Finnish,Public education / heritage / community engagement,Institutional promotion / community news,Service disruption / repair / infrastructure,Institutional promotion / community news,False,True,False
452772020188281,U12,2022,Finnish,Routine / institutional / customer service / other,Institutional promotion / community news,Routine / institutional / customer service / other,Institutional promotion / community news,True,True,True
4030246247052039,U01,2021,Finnish,Environmental sustainability / waste / recycling / biodiversity,Education / awareness,Environmental sustainability / waste / recycling / biodiversity,Education / awareness,True,True,True
5758092824214316,U03,2022,Portuguese,Water quality / safety / public health,Education / awareness,Water quality / safety / public health,Education / awareness,True,True,True
853443328065696,U01,2015,Finnish,Routine / institutional / customer service / other,Institutional promotion / community news,Environmental sustainability / waste / recycling / biodiversity,Alert / warning,False,False,False
1331580245428691,U09,2025,Italian,Service disruption / repair / infrastructure,Alert / warning,Service disruption / repair / infrastructure,Alert / warning,True,True,True
1429822572271124,U09,2026,Italian,Service disruption / repair / infrastructure,Alert / warning,Service disruption / repair / infrastructure,Alert / warning,True,True,True
3176995725657385,U03,2020,Portuguese,Water conservation / drought / demand management,Instruction / advice to public,Water quality / safety / public health,Instruction / advice to public,False,True,False
2082901108453239,U01,2019,Finnish,Environmental sustainability / waste / recycling / biodiversity,Institutional promotion / community news,Environmental sustainability / waste / recycling / biodiversity,Instruction / advice to public,True,False,False
3247120135364658,U01,2020,Finnish,Environmental sustainability / waste / recycling / biodiversity,Instruction / advice to public,Environmental sustainability / waste / recycling / biodiversity,Instruction / advice to public,True,True,True
939062761572313,U02,2024,German,Routine / institutional / customer service / other,Institutional promotion / community news,Flood / stormwater / wastewater / sewer,Education / awareness,False,False,False
10156103889116714,U10,2019,Swedish,Routine / institutional / customer service / other,Education / awareness,Routine / institutional / customer service / other,Education / awareness,True,True,True
3503886739687995,U01,2020,Finnish,Environmental sustainability / waste / recycling / biodiversity,Education / awareness,Environmental sustainability / waste / recycling / biodiversity,Instruction / advice to public,True,False,False
871458646614211,U11,2020,Finnish,Routine / institutional / customer service / other,Institutional promotion / community news,Routine / institutional / customer service / other,Institutional promotion / community news,True,True,True
5302091029867548,U01,2022,Finnish,Flood / stormwater / wastewater / sewer,Education / awareness,Flood / stormwater / wastewater / sewer,Instruction / advice to public,True,False,False
1176488856172107,U09,2021,Italian,Service disruption / repair / infrastructure,Operational update / resolution,Service disruption / repair / infrastructure,Alert / warning,True,False,False
10158774441566714,U10,2022,Swedish,Environmental sustainability / waste / recycling / biodiversity,Instruction / advice to public,Environmental sustainability / waste / recycling / biodiversity,Instruction / advice to public,True,True,True
1230154712237912,U09,2025,Italian,Service disruption / repair / infrastructure,Alert / warning,Water quality / safety / public health,Alert / warning,False,True,False
635594985252427,U02,2023,German,Routine / institutional / customer service / other,Institutional promotion / community news,Routine / institutional / customer service / other,Institutional promotion / community news,True,True,True
1151314140121970,U09,2025,Italian,Service disruption / repair / infrastructure,Alert / warning,Service disruption / repair / infrastructure,Alert / warning,True,True,True
1734983866555574,U04,2018,Norwegian,Service disruption / repair / infrastructure,Alert / warning,Flood / stormwater / wastewater / sewer,Alert / warning,False,True,False
4420845724605706,U03,2021,Portuguese,Public education / heritage / community engagement,Institutional promotion / community news,Water quality / safety / public health,Institutional promotion / community news,False,True,False
492829254074059,U03,2012,Portuguese,Environmental sustainability / waste / recycling / biodiversity,Education / awareness,Environmental sustainability / waste / recycling / biodiversity,Education / awareness,True,True,True
3415120461897957,U01,2020,Finnish,Routine / institutional / customer service / other,Institutional promotion / community news,Routine / institutional / customer service / other,Institutional promotion / community news,True,True,True
3365930343460910,U04,2020,Norwegian,Flood / stormwater / wastewater / sewer,Instruction / advice to public,Routine / institutional / customer service / other,Education / awareness,False,False,False
1072464479907879,U09,2021,Italian,Service disruption / repair / infrastructure,Alert / warning,Water quality / safety / public health,Alert / warning,False,True,False
1428826690938321,U09,2022,Italian,Service disruption / repair / infrastructure,Alert / warning,Service disruption / repair / infrastructure,Alert / warning,True,True,True
697687600718904,U09,2019,Italian,Service disruption / repair / infrastructure,Alert / warning,Water quality / safety / public health,Alert / warning,False,True,False
1029446404209687,U09,2021,Italian,Service disruption / repair / infrastructure,Alert / warning,Water quality / safety / public health,Operational update / resolution,False,False,False
1553680074771825,U05,2019,German,Public education / heritage / community engagement,Education / awareness,Flood / stormwater / wastewater / sewer,Education / awareness,False,True,False
3813008162056135,U03,2020,Portuguese,Routine / institutional / customer service / other,Institutional promotion / community news,Water conservation / drought / demand management,Instruction / advice to public,False,False,False
827561503934164,U03,2014,Portuguese,Public education / heritage / community engagement,Institutional promotion / community news,Water conservation / drought / demand management,Education / awareness,False,False,False
1743426745680964,U03,2017,Portuguese,Routine / institutional / customer service / other,Institutional promotion / community news,Public education / heritage / community engagement,Education / awareness,False,False,False
1625072294183077,U03,2017,Portuguese,Routine / institutional / customer service / other,Institutional promotion / community news,Routine / institutional / customer service / other,Institutional promotion / community news,True,True,True
441820772624433,U05,2014,German,Public education / heritage / community engagement,Education / awareness,Flood / stormwater / wastewater / sewer,Education / awareness,False,True,False
2072403993072979,U12,2018,Finnish,Routine / institutional / customer service / other,Institutional promotion / community news,Routine / institutional / customer service / other,Institutional promotion / community news,True,True,True
1866045683419069,U03,2018,Portuguese,Public education / heritage / community engagement,Education / awareness,Water conservation / drought / demand management,Education / awareness,False,True,False
2010206479056036,U01,2018,Finnish,Routine / institutional / customer service / other,Instruction / advice to public,Environmental sustainability / waste / recycling / biodiversity,Instruction / advice to public,False,True,False
778743920712329,U09,2023,Italian,Service disruption / repair / infrastructure,Alert / warning,Service disruption / repair / infrastructure,Alert / warning,True,True,True
1339988904587825,U09,2025,Italian,Service disruption / repair / infrastructure,Alert / warning,Service disruption / repair / infrastructure,Alert / warning,True,True,True
1042929017839242,U12,2024,Finnish,Public education / heritage / community engagement,Education / awareness,Service disruption / repair / infrastructure,Education / awareness,False,True,False
1277733397725695,U05,2025,German,Public education / heritage / community engagement,Education / awareness,Flood / stormwater / wastewater / sewer,Instruction / advice to public,False,False,False
10159471651779268,U08,2021,French,Routine / institutional / customer service / other,Institutional promotion / community news,Routine / institutional / customer service / other,Institutional promotion / community news,True,True,True
1110953994366620,U10,2024,Swedish,Water conservation / drought / demand management,Education / awareness,Water conservation / drought / demand management,Instruction / advice to public,True,False,False
4183303091693305,U03,2021,Portuguese,Public education / heritage / community engagement,Institutional promotion / community news,Public education / heritage / community engagement,Institutional promotion / community news,True,True,True
869532881633432,U09,2024,Italian,Service disruption / repair / infrastructure,Alert / warning,Service disruption / repair / infrastructure,Alert / warning,True,True,True
1126044097822330,U11,2021,Finnish,Flood / stormwater / wastewater / sewer,Education / awareness,Flood / stormwater / wastewater / sewer,Education / awareness,True,True,True
2496853687035251,U04,2019,Norwegian,Routine / institutional / customer service / other,Education / awareness,Flood / stormwater / wastewater / sewer,Education / awareness,False,True,False
909008296192579,U11,2020,Finnish,Routine / institutional / customer service / other,Education / awareness,Water conservation / drought / demand management,Education / awareness,False,True,False
630569890353042,U01,2014,Finnish,Routine / institutional / customer service / other,Institutional promotion / community news,Routine / institutional / customer service / other,Institutional promotion / community news,True,True,True
266669336690053,U03,2011,Portuguese,Public education / heritage / community engagement,Institutional promotion / community news,Public education / heritage / community engagement,Institutional promotion / community news,True,True,True
1022617994428513,U03,2015,Portuguese,Routine / institutional / customer service / other,Institutional promotion / community news,Public education / heritage / community engagement,Institutional promotion / community news,False,True,False
657388571067651,U05,2015,German,Routine / institutional / customer service / other,Institutional promotion / community news,Water quality / safety / public health,Institutional promotion / community news,False,True,False
1473215211473828,U10,2026,Swedish,Environmental sustainability / waste / recycling / biodiversity,Instruction / advice to public,Flood / stormwater / wastewater / sewer,Instruction / advice to public,False,True,False
257197367649860,U03,2011,Portuguese,Water conservation / drought / demand management,Education / awareness,Water conservation / drought / demand management,Instruction / advice to public,True,False,False
1910404965702855,U01,2018,Finnish,Environmental sustainability / waste / recycling / biodiversity,Education / awareness,Environmental sustainability / waste / recycling / biodiversity,Education / awareness,True,True,True
4269288826428064,U03,2021,Portuguese,Environmental sustainability / waste / recycling / biodiversity,Education / awareness,Environmental sustainability / waste / recycling / biodiversity,Education / awareness,True,True,True
1195415660480831,U07,2016,Dutch,Public education / heritage / community engagement,Education / awareness,Public education / heritage / community engagement,Education / awareness,True,True,True
5402658493091086,U03,2022,Portuguese,Public education / heritage / community engagement,Institutional promotion / community news,Service disruption / repair / infrastructure,Alert / warning,False,False,False
1418538271619340,U05,2019,German,Flood / stormwater / wastewater / sewer,Education / awareness,Flood / stormwater / wastewater / sewer,Education / awareness,True,True,True
2480377711985860,U03,2019,Portuguese,Environmental sustainability / waste / recycling / biodiversity,Education / awareness,Environmental sustainability / waste / recycling / biodiversity,Education / awareness,True,True,True
1306237764838241,U10,2025,Swedish,Water conservation / drought / demand management,Instruction / advice to public,Water conservation / drought / demand management,Instruction / advice to public,True,True,True
5070124146344524,U03,2022,Portuguese,Routine / institutional / customer service / other,Institutional promotion / community news,Public education / heritage / community engagement,Education / awareness,False,False,False
810612041109828,U03,2024,Portuguese,Water conservation / drought / demand management,Instruction / advice to public,Water conservation / drought / demand management,Instruction / advice to public,True,True,True
516292571843919,U05,2014,German,Flood / stormwater / wastewater / sewer,Education / awareness,Flood / stormwater / wastewater / sewer,Education / awareness,True,True,True
10157041137451714,U10,2020,Swedish,Water conservation / drought / demand management,Education / awareness,Water conservation / drought / demand management,Instruction / advice to public,True,False,False
942061515933687,U05,2017,German,Flood / stormwater / wastewater / sewer,Education / awareness,Flood / stormwater / wastewater / sewer,Education / awareness,True,True,True
5840140602676204,U03,2022,Portuguese,Environmental sustainability / waste / recycling / biodiversity,Education / awareness,Water quality / safety / public health,Education / awareness,False,True,False
213106658712988,U03,2011,Portuguese,Routine / institutional / customer service / other,Institutional promotion / community news,Routine / institutional / customer service / other,Institutional promotion / community news,True,True,True
969055691918429,U08,2024,French,Routine / institutional / customer service / other,Institutional promotion / community news,Public education / heritage / community engagement,Education / awareness,False,False,False
3303697296319313,U07,2020,Dutch,Water conservation / drought / demand management,Instruction / advice to public,Water conservation / drought / demand management,Instruction / advice to public,True,True,True
1291696322975620,U02,2025,German,Routine / institutional / customer service / other,Institutional promotion / community news,Flood / stormwater / wastewater / sewer,Education / awareness,False,False,False
4023376564351379,U07,2021,Dutch,Routine / institutional / customer service / other,Institutional promotion / community news,Routine / institutional / customer service / other,Operational update / resolution,True,False,False
3824289390981060,U01,2021,Finnish,Public education / heritage / community engagement,Institutional promotion / community news,Flood / stormwater / wastewater / sewer,Institutional promotion / community news,False,True,False
10156555331446714,U10,2019,Swedish,Environmental sustainability / waste / recycling / biodiversity,Institutional promotion / community news,Environmental sustainability / waste / recycling / biodiversity,Instruction / advice to public,True,False,False
1412477825442526,U03,2017,Portuguese,Routine / institutional / customer service / other,Institutional promotion / community news,Routine / institutional / customer service / other,Education / awareness,True,False,False
988562444500735,U03,2015,Portuguese,Public education / heritage / community engagement,Institutional promotion / community news,Public education / heritage / community engagement,Education / awareness,True,False,False
3767383089951976,U03,2020,Portuguese,Water quality / safety / public health,Education / awareness,Water quality / safety / public health,Education / awareness,True,True,True
1019445391541874,U02,2018,German,Flood / stormwater / wastewater / sewer,Education / awareness,Flood / stormwater / wastewater / sewer,Education / awareness,True,True,True
2619105694832775,U01,2019,Finnish,Environmental sustainability / waste / recycling / biodiversity,Instruction / advice to public,Service disruption / repair / infrastructure,Instruction / advice to public,False,True,False
2455103904802984,U12,2020,Finnish,Water conservation / drought / demand management,Education / awareness,Water conservation / drought / demand management,Instruction / advice to public,True,False,False
980747955335232,U01,2016,Finnish,Environmental sustainability / waste / recycling / biodiversity,Education / awareness,Environmental sustainability / waste / recycling / biodiversity,Instruction / advice to public,True,False,False
1082861815534812,U09,2021,Italian,Service disruption / repair / infrastructure,Alert / warning,Water quality / safety / public health,Alert / warning,False,True,False
236613519695635,U03,2011,Portuguese,Service disruption / repair / infrastructure,Alert / warning,Service disruption / repair / infrastructure,Operational update / resolution,True,False,False
1846500908706880,U03,2018,Portuguese,Public education / heritage / community engagement,Institutional promotion / community news,Public education / heritage / community engagement,Institutional promotion / community news,True,True,True
227414277282226,U03,2011,Portuguese,Routine / institutional / customer service / other,Institutional promotion / community news,Environmental sustainability / waste / recycling / biodiversity,Institutional promotion / community news,False,True,False
1570007589689548,U03,2017,Portuguese,Routine / institutional / customer service / other,Institutional promotion / community news,Routine / institutional / customer service / other,Institutional promotion / community news,True,True,True
1100283587125968,U09,2021,Italian,Service disruption / repair / infrastructure,Alert / warning,Water quality / safety / public health,Operational update / resolution,False,False,False
1271090072913389,U07,2016,Dutch,Routine / institutional / customer service / other,Institutional promotion / community news,Routine / institutional / customer service / other,Institutional promotion / community news,True,True,True
426404624049856,U03,2012,Portuguese,Public education / heritage / community engagement,Institutional promotion / community news,Public education / heritage / community engagement,Institutional promotion / community news,True,True,True
1526928027794853,U09,2023,Italian,Service disruption / repair / infrastructure,Operational update / resolution,Routine / institutional / customer service / other,Education / awareness,False,False,False
10155886684491714,U10,2019,Swedish,Public education / heritage / community engagement,Institutional promotion / community news,Environmental sustainability / waste / recycling / biodiversity,Instruction / advice to public,False,False,False
1528649693825338,U03,2017,Portuguese,Routine / institutional / customer service / other,Education / awareness,Water conservation / drought / demand management,Education / awareness,False,True,False
1352897016875999,U05,2026,German,Flood / stormwater / wastewater / sewer,Education / awareness,Flood / stormwater / wastewater / sewer,Education / awareness,True,True,True
769504049739910,U03,2014,Portuguese,Water conservation / drought / demand management,Education / awareness,Water conservation / drought / demand management,Education / awareness,True,True,True
727264062739074,U12,2023,Finnish,Public education / heritage / community engagement,Institutional promotion / community news,Public education / heritage / community engagement,Institutional promotion / community news,True,True,True
1581455078597847,U01,2018,Finnish,Flood / stormwater / wastewater / sewer,Education / awareness,Flood / stormwater / wastewater / sewer,Education / awareness,True,True,True
1370430489776694,U02,2019,German,Water conservation / drought / demand management,Education / awareness,Water conservation / drought / demand management,Education / awareness,True,True,True
10154192765626714,U10,2017,Swedish,Water quality / safety / public health,Education / awareness,Water quality / safety / public health,Instruction / advice to public,True,False,False
1197759310711728,U09,2021,Italian,Service disruption / repair / infrastructure,Alert / warning,Water quality / safety / public health,Alert / warning,False,True,False
2836526976423978,U01,2020,Finnish,Routine / institutional / customer service / other,Institutional promotion / community news,Service disruption / repair / infrastructure,Education / awareness,False,False,False
1331076092391425,U05,2026,German,Flood / stormwater / wastewater / sewer,Education / awareness,Flood / stormwater / wastewater / sewer,Education / awareness,True,True,True
1265979398890485,U04,2025,Norwegian,Water quality / safety / public health,Education / awareness,Water quality / safety / public health,Education / awareness,True,True,True
465502257270774,U09,2018,Italian,Service disruption / repair / infrastructure,Alert / warning,Water quality / safety / public health,Alert / warning,False,True,False
904136129640356,U04,2015,Norwegian,Service disruption / repair / infrastructure,Alert / warning,Service disruption / repair / infrastructure,Instruction / advice to public,True,False,False
783392398351075,U03,2014,Portuguese,Routine / institutional / customer service / other,Institutional promotion / community news,Water quality / safety / public health,Instruction / advice to public,False,False,False
673468634824170,U03,2023,Portuguese,Water conservation / drought / demand management,Institutional promotion / community news,Water conservation / drought / demand management,Institutional promotion / community news,True,True,True
2231076627205714,U12,2019,Finnish,Water quality / safety / public health,Institutional promotion / community news,Water quality / safety / public health,Education / awareness,True,False,False
2560737150615335,U07,2019,Dutch,Routine / institutional / customer service / other,Institutional promotion / community news,Water quality / safety / public health,Institutional promotion / community news,False,True,False
5210054359018168,U03,2022,Portuguese,Water conservation / drought / demand management,Education / awareness,Water conservation / drought / demand management,Education / awareness,True,True,True
727961223894193,U03,2014,Portuguese,Water conservation / drought / demand management,Education / awareness,Water conservation / drought / demand management,Education / awareness,True,True,True
999469650540696,U09,2021,Italian,Service disruption / repair / infrastructure,Alert / warning,Water quality / safety / public health,Alert / warning,False,True,False
733121120044870,U03,2014,Portuguese,Routine / institutional / customer service / other,Institutional promotion / community news,Routine / institutional / customer service / other,Institutional promotion / community news,True,True,True
1546868742056481,U01,2017,Finnish,Environmental sustainability / waste / recycling / biodiversity,Instruction / advice to public,Flood / stormwater / wastewater / sewer,Instruction / advice to public,False,True,False
997728954048099,U09,2021,Italian,Service disruption / repair / infrastructure,Alert / warning,Water quality / safety / public health,Operational update / resolution,False,False,False
199293090213754,U03,2013,Portuguese,Routine / institutional / customer service / other,Institutional promotion / community news,Routine / institutional / customer service / other,Institutional promotion / community news,True,True,True
1474527889701534,U09,2023,Italian,Service disruption / repair / infrastructure,Alert / warning,Service disruption / repair / infrastructure,Alert / warning,True,True,True
10157693901374268,U08,2019,French,Water conservation / drought / demand management,Education / awareness,Water conservation / drought / demand management,Education / awareness,True,True,True
841252745928695,U04,2015,Norwegian,Public education / heritage / community engagement,Institutional promotion / community news,Public education / heritage / community engagement,Institutional promotion / community news,True,True,True
1185656150021102,U09,2025,Italian,Routine / institutional / customer service / other,Institutional promotion / community news,Routine / institutional / customer service / other,Institutional promotion / community news,True,True,True
5606764039347196,U03,2022,Portuguese,Water conservation / drought / demand management,Instruction / advice to public,Water conservation / drought / demand management,Instruction / advice to public,True,True,True
1173316759822650,U09,2021,Italian,Service disruption / repair / infrastructure,Alert / warning,Service disruption / repair / infrastructure,Alert / warning,True,True,True
3354140997942856,U03,2020,Portuguese,Public education / heritage / community engagement,Education / awareness,Public education / heritage / community engagement,Education / awareness,True,True,True
876133717865218,U02,2024,German,Flood / stormwater / wastewater / sewer,Education / awareness,Flood / stormwater / wastewater / sewer,Education / awareness,True,True,True
719209590388642,U11,2024,Finnish,Routine / institutional / customer service / other,Institutional promotion / community news,Routine / institutional / customer service / other,Institutional promotion / community news,True,True,True
1178146495542328,U03,2016,Portuguese,Public education / heritage / community engagement,Education / awareness,Public education / heritage / community engagement,Education / awareness,True,True,True
2133418616681773,U03,2018,Portuguese,Routine / institutional / customer service / other,Institutional promotion / community news,Routine / institutional / customer service / other,Institutional promotion / community news,True,True,True
1335033629853613,U03,2016,Portuguese,Routine / institutional / customer service / other,Institutional promotion / community news,Routine / institutional / customer service / other,Institutional promotion / community news,True,True,True
1325004711320520,U09,2022,Italian,Environmental sustainability / waste / recycling / biodiversity,Education / awareness,Environmental sustainability / waste / recycling / biodiversity,Instruction / advice to public,True,False,False
590694817737027,U05,2015,German,Routine / institutional / customer service / other,Institutional promotion / community news,Water quality / safety / public health,Institutional promotion / community news,False,True,False
936859503004363,U03,2015,Portuguese,Water conservation / drought / demand management,Institutional promotion / community news,Water conservation / drought / demand management,Instruction / advice to public,True,False,False
2578497002173930,U03,2019,Portuguese,Water quality / safety / public health,Institutional promotion / community news,Water quality / safety / public health,Institutional promotion / community news,True,True,True
903100595187435,U01,2024,Finnish,Public education / heritage / community engagement,Education / awareness,Flood / stormwater / wastewater / sewer,Education / awareness,False,True,False
1182773153886843,U01,2025,Finnish,Public education / heritage / community engagement,Education / awareness,Flood / stormwater / wastewater / sewer,Education / awareness,False,True,False
1033277840029195,U03,2015,Portuguese,Public education / heritage / community engagement,Institutional promotion / community news,Water quality / safety / public health,Institutional promotion / community news,False,True,False
1084652562022404,U09,2021,Italian,Service disruption / repair / infrastructure,Alert / warning,Water quality / safety / public health,Alert / warning,False,True,False
1068783676531659,U01,2016,Finnish,Routine / institutional / customer service / other,Institutional promotion / community news,Flood / stormwater / wastewater / sewer,Education / awareness,False,False,False
859476179551421,U05,2024,German,Routine / institutional / customer service / other,Institutional promotion / community news,Service disruption / repair / infrastructure,Operational update / resolution,False,False,False
978710907771841,U11,2025,Finnish,Flood / stormwater / wastewater / sewer,Institutional promotion / community news,Flood / stormwater / wastewater / sewer,Institutional promotion / community news,True,True,True
5052818421408430,U03,2022,Portuguese,Water conservation / drought / demand management,Institutional promotion / community news,Water conservation / drought / demand management,Instruction / advice to public,True,False,False
376166972406955,U03,2012,Portuguese,Routine / institutional / customer service / other,Institutional promotion / community news,Water conservation / drought / demand management,Education / awareness,False,False,False
1370719813004709,U01,2017,Finnish,Public education / heritage / community engagement,Education / awareness,Water quality / safety / public health,Education / awareness,False,True,False
2138693066270520,U05,2021,German,Routine / institutional / customer service / other,Education / awareness,Routine / institutional / customer service / other,Education / awareness,True,True,True
916247468862915,U09,2020,Italian,Service disruption / repair / infrastructure,Alert / warning,Water quality / safety / public health,Operational update / resolution,False,False,False
1318265900305551,U12,2025,Finnish,Water quality / safety / public health,Education / awareness,Water quality / safety / public health,Instruction / advice to public,True,False,False
4260643934012268,U01,2021,Finnish,Environmental sustainability / waste / recycling / biodiversity,Education / awareness,Environmental sustainability / waste / recycling / biodiversity,Instruction / advice to public,True,False,False
10157255987099268,U08,2019,French,Environmental sustainability / waste / recycling / biodiversity,Education / awareness,Environmental sustainability / waste / recycling / biodiversity,Education / awareness,True,True,True
5187476364609301,U03,2022,Portuguese,Environmental sustainability / waste / recycling / biodiversity,Education / awareness,Water conservation / drought / demand management,Education / awareness,False,True,False
4109004555842874,U01,2021,Finnish,Routine / institutional / customer service / other,Institutional promotion / community news,Routine / institutional / customer service / other,Institutional promotion / community news,True,True,True
4547531295323529,U01,2021,Finnish,Routine / institutional / customer service / other,Institutional promotion / community news,Service disruption / repair / infrastructure,Operational update / resolution,False,False,False
6265303720159888,U03,2023,Portuguese,Public education / heritage / community engagement,Institutional promotion / community news,Public education / heritage / community engagement,Institutional promotion / community news,True,True,True
10158211293259268,U08,2020,French,Public education / heritage / community engagement,Institutional promotion / community news,Public education / heritage / community engagement,Institutional promotion / community news,True,True,True
1044607939012377,U05,2017,German,Routine / institutional / customer service / other,Other / unclear,Routine / institutional / customer service / other,Education / awareness,True,False,False
226129204140314,U03,2012,Portuguese,Public education / heritage / community engagement,Institutional promotion / community news,Water conservation / drought / demand management,Institutional promotion / community news,False,True,False
6412861222070803,U03,2023,Portuguese,Public education / heritage / community engagement,Institutional promotion / community news,Public education / heritage / community engagement,Education / awareness,True,False,False
10155686554031714,U10,2018,Swedish,Environmental sustainability / waste / recycling / biodiversity,Institutional promotion / community news,Environmental sustainability / waste / recycling / biodiversity,Institutional promotion / community news,True,True,True
5189525387737732,U03,2022,Portuguese,Public education / heritage / community engagement,Institutional promotion / community news,Environmental sustainability / waste / recycling / biodiversity,Institutional promotion / community news,False,True,False
1304594225039612,U05,2025,German,Public education / heritage / community engagement,Education / awareness,Water quality / safety / public health,Instruction / advice to public,False,False,False
10152918455841714,U10,2015,Swedish,Routine / institutional / customer service / other,Institutional promotion / community news,Public education / heritage / community engagement,Institutional promotion / community news,False,True,False
816839778455862,U05,2016,German,Environmental sustainability / waste / recycling / biodiversity,Education / awareness,Environmental sustainability / waste / recycling / biodiversity,Education / awareness,True,True,True
1260093914478267,U09,2022,Italian,Service disruption / repair / infrastructure,Alert / warning,Service disruption / repair / infrastructure,Alert / warning,True,True,True
4523466607676950,U03,2021,Portuguese,Routine / institutional / customer service / other,Institutional promotion / community news,Routine / institutional / customer service / other,Institutional promotion / community news,True,True,True
1825361627616909,U02,2020,German,Flood / stormwater / wastewater / sewer,Institutional promotion / community news,Flood / stormwater / wastewater / sewer,Institutional promotion / community news,True,True,True
5007104915979781,U03,2022,Portuguese,Routine / institutional / customer service / other,Education / awareness,Water quality / safety / public health,Education / awareness,False,True,False
122242521296089660,U06,2025,English,Public education / heritage / community engagement,Education / awareness,Water quality / safety / public health,Instruction / advice to public,False,False,False
785814726671915,U09,2023,Italian,Service disruption / repair / infrastructure,Alert / warning,Service disruption / repair / infrastructure,Alert / warning,True,True,True
1050940320159353,U09,2024,Italian,Service disruption / repair / infrastructure,Alert / warning,Service disruption / repair / infrastructure,Alert / warning,True,True,True
1691075504378856,U02,2020,German,Flood / stormwater / wastewater / sewer,Education / awareness,Flood / stormwater / wastewater / sewer,Education / awareness,True,True,True
1430297007457956,U09,2022,Italian,Service disruption / repair / infrastructure,Alert / warning,Service disruption / repair / infrastructure,Alert / warning,True,True,True
1022309258256735,U09,2021,Italian,Service disruption / repair / infrastructure,Alert / warning,Water quality / safety / public health,Operational update / resolution,False,False,False
3129561683734123,U03,2020,Portuguese,Water conservation / drought / demand management,Instruction / advice to public,Water conservation / drought / demand management,Instruction / advice to public,True,True,True
434421051713,U10,2010,Swedish,Environmental sustainability / waste / recycling / biodiversity,Education / awareness,Flood / stormwater / wastewater / sewer,Institutional promotion / community news,False,False,False
249518688485321,U03,2012,Portuguese,Routine / institutional / customer service / other,Education / awareness,Water conservation / drought / demand management,Education / awareness,False,True,False
10153056380001714,U10,2015,Swedish,Public education / heritage / community engagement,Institutional promotion / community news,Environmental sustainability / waste / recycling / biodiversity,Institutional promotion / community news,False,True,False
860246526141053,U05,2024,German,Flood / stormwater / wastewater / sewer,Education / awareness,Flood / stormwater / wastewater / sewer,Education / awareness,True,True,True
925359542717432,U09,2024,Italian,Service disruption / repair / infrastructure,Alert / warning,Service disruption / repair / infrastructure,Alert / warning,True,True,True
1973029772850093,U02,2021,German,Routine / institutional / customer service / other,Institutional promotion / community news,Water quality / safety / public health,Instruction / advice to public,False,False,False
1658154852324212,U07,2026,Dutch,Routine / institutional / customer service / other,Instruction / advice to public,Routine / institutional / customer service / other,Instruction / advice to public,True,True,True
10157044704499268,U08,2018,French,Routine / institutional / customer service / other,Education / awareness,Public education / heritage / community engagement,Education / awareness,False,True,False
3093410664068940,U01,2020,Finnish,Routine / institutional / customer service / other,Instruction / advice to public,Routine / institutional / customer service / other,Instruction / advice to public,True,True,True
3961084050581878,U03,2021,Portuguese,Routine / institutional / customer service / other,Other / unclear,Service disruption / repair / infrastructure,Alert / warning,False,False,False
1069706039719708,U03,2015,Portuguese,Routine / institutional / customer service / other,Institutional promotion / community news,Routine / institutional / customer service / other,Instruction / advice to public,True,False,False
5220495064640764,U03,2022,Portuguese,Public education / heritage / community engagement,Institutional promotion / community news,Public education / heritage / community engagement,Institutional promotion / community news,True,True,True
725767144229793,U05,2016,German,Flood / stormwater / wastewater / sewer,Institutional promotion / community news,Flood / stormwater / wastewater / sewer,Institutional promotion / community news,True,True,True
921362219783831,U09,2024,Italian,Service disruption / repair / infrastructure,Alert / warning,Service disruption / repair / infrastructure,Alert / warning,True,True,True
2312864005403899,U03,2019,Portuguese,Environmental sustainability / waste / recycling / biodiversity,Institutional promotion / community news,Water quality / safety / public health,Institutional promotion / community news,False,True,False
4830763103613964,U03,2021,Portuguese,Public education / heritage / community engagement,Education / awareness,Public education / heritage / community engagement,Education / awareness,True,True,True
705960563224941,U09,2019,Italian,Service disruption / repair / infrastructure,Alert / warning,Water quality / safety / public health,Alert / warning,False,True,False
604215585075939,U01,2023,Finnish,Routine / institutional / customer service / other,Institutional promotion / community news,Service disruption / repair / infrastructure,Institutional promotion / community news,False,True,False
553021171852215,U09,2019,Italian,Service disruption / repair / infrastructure,Alert / warning,Water quality / safety / public health,Operational update / resolution,False,False,False
675612051262796,U08,2023,French,Routine / institutional / customer service / other,Institutional promotion / community news,Public education / heritage / community engagement,Institutional promotion / community news,False,True,False
5289221251131800,U04,2022,Norwegian,Flood / stormwater / wastewater / sewer,Instruction / advice to public,Flood / stormwater / wastewater / sewer,Instruction / advice to public,True,True,True
1383391509800549,U07,2025,Dutch,Water quality / safety / public health,Other / unclear,Water quality / safety / public health,Education / awareness,True,False,False
992558124504262,U11,2020,Finnish,Environmental sustainability / waste / recycling / biodiversity,Institutional promotion / community news,Environmental sustainability / waste / recycling / biodiversity,Institutional promotion / community news,True,True,True
665705442267156,U03,2023,Portuguese,Environmental sustainability / waste / recycling / biodiversity,Education / awareness,Environmental sustainability / waste / recycling / biodiversity,Education / awareness,True,True,True
762927697094534,U04,2014,Norwegian,Water quality / safety / public health,Education / awareness,Water quality / safety / public health,Education / awareness,True,True,True
994659493891030,U03,2015,Portuguese,Routine / institutional / customer service / other,Institutional promotion / community news,Water quality / safety / public health,Institutional promotion / community news,False,True,False
3074118792611746,U03,2020,Portuguese,Water conservation / drought / demand management,Education / awareness,Water conservation / drought / demand management,Education / awareness,True,True,True
6190754107614850,U03,2023,Portuguese,Routine / institutional / customer service / other,Institutional promotion / community news,Public education / heritage / community engagement,Education / awareness,False,False,False
10158100543034268,U08,2019,French,Routine / institutional / customer service / other,Institutional promotion / community news,Routine / institutional / customer service / other,Education / awareness,True,False,False
1402770584976323,U09,2026,Italian,Service disruption / repair / infrastructure,Alert / warning,Service disruption / repair / infrastructure,Alert / warning,True,True,True
2510779975665348,U01,2019,Finnish,Routine / institutional / customer service / other,Institutional promotion / community news,Service disruption / repair / infrastructure,Operational update / resolution,False,False,False
10160919330114268,U08,2023,French,Environmental sustainability / waste / recycling / biodiversity,Education / awareness,Water conservation / drought / demand management,Education / awareness,False,True,False
933541528811552,U05,2024,German,Flood / stormwater / wastewater / sewer,Education / awareness,Flood / stormwater / wastewater / sewer,Education / awareness,True,True,True
323539377669715,U03,2012,Portuguese,Routine / institutional / customer service / other,Education / awareness,Water conservation / drought / demand management,Education / awareness,False,True,False
10156259018964268,U08,2018,French,Public education / heritage / community engagement,Education / awareness,Public education / heritage / community engagement,Education / awareness,True,True,True
924590319706673,U05,2024,German,Routine / institutional / customer service / other,Education / awareness,Water conservation / drought / demand management,Education / awareness,False,True,False
896463259149029,U10,2024,Swedish,Environmental sustainability / waste / recycling / biodiversity,Education / awareness,Environmental sustainability / waste / recycling / biodiversity,Instruction / advice to public,True,False,False
3750813721608913,U03,2020,Portuguese,Routine / institutional / customer service / other,Institutional promotion / community news,Routine / institutional / customer service / other,Institutional promotion / community news,True,True,True
1983547585131645,U02,2021,German,Routine / institutional / customer service / other,Institutional promotion / community news,Water quality / safety / public health,Education / awareness,False,False,False
1085115194844212,U07,2016,Dutch,Water conservation / drought / demand management,Institutional promotion / community news,Water conservation / drought / demand management,Education / awareness,True,False,False
1400263863460023,U02,2019,German,Water quality / safety / public health,Institutional promotion / community news,Water quality / safety / public health,Education / awareness,True,False,False
1223733622880021,U09,2025,Italian,Service disruption / repair / infrastructure,Alert / warning,Service disruption / repair / infrastructure,Alert / warning,True,True,True
500900123297294,U04,2013,Norwegian,Water conservation / drought / demand management,Education / awareness,Water conservation / drought / demand management,Education / awareness,True,True,True
644100595666638,U01,2014,Finnish,Public education / heritage / community engagement,Institutional promotion / community news,Flood / stormwater / wastewater / sewer,Institutional promotion / community news,False,True,False
1695386610538026,U01,2018,Finnish,Routine / institutional / customer service / other,Institutional promotion / community news,Environmental sustainability / waste / recycling / biodiversity,Instruction / advice to public,False,False,False
277523508977554,U03,2012,Portuguese,Public education / heritage / community engagement,Institutional promotion / community news,Public education / heritage / community engagement,Institutional promotion / community news,True,True,True
1553334538487535,U09,2023,Italian,Service disruption / repair / infrastructure,Alert / warning,Service disruption / repair / infrastructure,Alert / warning,True,True,True
10159786877829268,U08,2021,French,Water conservation / drought / demand management,Education / awareness,Water conservation / drought / demand management,Education / awareness,True,True,True
511831242290052,U05,2014,German,Flood / stormwater / wastewater / sewer,Education / awareness,Flood / stormwater / wastewater / sewer,Education / awareness,True,True,True
2203754369937940,U12,2019,Finnish,Public education / heritage / community engagement,Institutional promotion / community news,Public education / heritage / community engagement,Institutional promotion / community news,True,True,True
10155141928964268,U08,2017,French,Water conservation / drought / demand management,Reassurance / safety information,Water conservation / drought / demand management,Reassurance / safety information,True,True,True
4627612800595663,U03,2021,Portuguese,Routine / institutional / customer service / other,Institutional promotion / community news,Public education / heritage / community engagement,Education / awareness,False,False,False
1206295833191409,U09,2021,Italian,Service disruption / repair / infrastructure,Alert / warning,Service disruption / repair / infrastructure,Alert / warning,True,True,True
3444750358934967,U01,2020,Finnish,Environmental sustainability / waste / recycling / biodiversity,Instruction / advice to public,Environmental sustainability / waste / recycling / biodiversity,Instruction / advice to public,True,True,True
2570631773013501,U01,2019,Finnish,Environmental sustainability / waste / recycling / biodiversity,Instruction / advice to public,Environmental sustainability / waste / recycling / biodiversity,Institutional promotion / community news,True,False,False
1648052551938099,U01,2018,Finnish,Environmental sustainability / waste / recycling / biodiversity,Instruction / advice to public,Environmental sustainability / waste / recycling / biodiversity,Instruction / advice to public,True,True,True
1027667947373043,U05,2017,German,Routine / institutional / customer service / other,Education / awareness,Water quality / safety / public health,Education / awareness,False,True,False
1112718577560512,U05,2025,German,Flood / stormwater / wastewater / sewer,Education / awareness,Flood / stormwater / wastewater / sewer,Education / awareness,True,True,True
1464330978820283,U09,2026,Italian,Routine / institutional / customer service / other,Institutional promotion / community news,Routine / institutional / customer service / other,Institutional promotion / community news,True,True,True
2061645670815478,U12,2018,Finnish,Public education / heritage / community engagement,Institutional promotion / community news,Flood / stormwater / wastewater / sewer,Institutional promotion / community news,False,True,False
1517425655000790,U01,2017,Finnish,Routine / institutional / customer service / other,Institutional promotion / community news,Environmental sustainability / waste / recycling / biodiversity,Instruction / advice to public,False,False,False
677066031131097,U03,2023,Portuguese,Public education / heritage / community engagement,Institutional promotion / community news,Environmental sustainability / waste / recycling / biodiversity,Institutional promotion / community news,False,True,False
10158039795296714,U10,2021,Swedish,Routine / institutional / customer service / other,Instruction / advice to public,Water quality / safety / public health,Instruction / advice to public,False,True,False
798034185687248,U08,2024,French,Water quality / safety / public health,Education / awareness,Water quality / safety / public health,Education / awareness,True,True,True
792487640774884,U03,2014,Portuguese,Water conservation / drought / demand management,Instruction / advice to public,Water conservation / drought / demand management,Instruction / advice to public,True,True,True
4458390670851211,U03,2021,Portuguese,Routine / institutional / customer service / other,Institutional promotion / community news,Routine / institutional / customer service / other,Institutional promotion / community news,True,True,True
1001331937021134,U09,2021,Italian,Service disruption / repair / infrastructure,Alert / warning,Water quality / safety / public health,Operational update / resolution,False,False,False
6363696170320642,U03,2023,Portuguese,Water conservation / drought / demand management,Education / awareness,Water conservation / drought / demand management,Education / awareness,True,True,True
5538694462820821,U03,2022,Portuguese,Water quality / safety / public health,Institutional promotion / community news,Water quality / safety / public health,Institutional promotion / community news,True,True,True
1173460619397297,U01,2016,Finnish,Routine / institutional / customer service / other,Education / awareness,Routine / institutional / customer service / other,Education / awareness,True,True,True
1371628728299144,U10,2025,Swedish,Service disruption / repair / infrastructure,Alert / warning,Service disruption / repair / infrastructure,Alert / warning,True,True,True
10157279634404268,U08,2019,French,Public education / heritage / community engagement,Institutional promotion / community news,Public education / heritage / community engagement,Institutional promotion / community news,True,True,True
2099492020364176,U12,2018,Finnish,Public education / heritage / community engagement,Institutional promotion / community news,Public education / heritage / community engagement,Institutional promotion / community news,True,True,True
3324079197615703,U03,2020,Portuguese,Public education / heritage / community engagement,Education / awareness,Public education / heritage / community engagement,Education / awareness,True,True,True
1153617538459239,U09,2021,Italian,Service disruption / repair / infrastructure,Alert / warning,Water quality / safety / public health,Operational update / resolution,False,False,False
2244675092275839,U01,2019,Finnish,Routine / institutional / customer service / other,Institutional promotion / community news,Routine / institutional / customer service / other,Institutional promotion / community news,True,True,True
2877375692339106,U01,2020,Finnish,Environmental sustainability / waste / recycling / biodiversity,Instruction / advice to public,Environmental sustainability / waste / recycling / biodiversity,Instruction / advice to public,True,True,True
5827398917283706,U03,2022,Portuguese,Public education / heritage / community engagement,Institutional promotion / community news,Public education / heritage / community engagement,Institutional promotion / community news,True,True,True
1034550658464986,U09,2024,Italian,Service disruption / repair / infrastructure,Alert / warning,Service disruption / repair / infrastructure,Alert / warning,True,True,True
976806475676332,U03,2015,Portuguese,Public education / heritage / community engagement,Institutional promotion / community news,Water conservation / drought / demand management,Institutional promotion / community news,False,True,False
1064197302392191,U02,2025,German,Routine / institutional / customer service / other,Institutional promotion / community news,Flood / stormwater / wastewater / sewer,Education / awareness,False,False,False
518333485320984,U09,2019,Italian,Service disruption / repair / infrastructure,Alert / warning,Water quality / safety / public health,Alert / warning,False,True,False
2009820259094658,U01,2018,Finnish,Flood / stormwater / wastewater / sewer,Education / awareness,Flood / stormwater / wastewater / sewer,Instruction / advice to public,True,False,False
3311491102260894,U01,2020,Finnish,Routine / institutional / customer service / other,Institutional promotion / community news,Service disruption / repair / infrastructure,Education / awareness,False,False,False
1452015378208485,U01,2017,Finnish,Environmental sustainability / waste / recycling / biodiversity,Instruction / advice to public,Environmental sustainability / waste / recycling / biodiversity,Instruction / advice to public,True,True,True
300765656710875,U03,2013,Portuguese,Public education / heritage / community engagement,Institutional promotion / community news,Public education / heritage / community engagement,Institutional promotion / community news,True,True,True
1799028166903680,U05,2020,German,Service disruption / repair / infrastructure,Operational update / resolution,Flood / stormwater / wastewater / sewer,Education / awareness,False,False,False
1981214285525284,U12,2018,Finnish,Routine / institutional / customer service / other,Institutional promotion / community news,Routine / institutional / customer service / other,Institutional promotion / community news,True,True,True
10160300092269268,U08,2022,French,Routine / institutional / customer service / other,Institutional promotion / community news,Water conservation / drought / demand management,Institutional promotion / community news,False,True,False
786439559942765,U09,2023,Italian,Service disruption / repair / infrastructure,Alert / warning,Service disruption / repair / infrastructure,Alert / warning,True,True,True
2123573481129054,U02,2021,German,Flood / stormwater / wastewater / sewer,Education / awareness,Flood / stormwater / wastewater / sewer,Education / awareness,True,True,True
2215839701889189,U05,2021,German,Routine / institutional / customer service / other,Institutional promotion / community news,Routine / institutional / customer service / other,Operational update / resolution,True,False,False
922109568276705,U09,2020,Italian,Service disruption / repair / infrastructure,Alert / warning,Water quality / safety / public health,Operational update / resolution,False,False,False
1114855213976498,U10,2024,Swedish,Flood / stormwater / wastewater / sewer,Education / awareness,Flood / stormwater / wastewater / sewer,Education / awareness,True,True,True
1151984714941365,U05,2018,German,Public education / heritage / community engagement,Education / awareness,Public education / heritage / community engagement,Education / awareness,True,True,True
769242782051989,U11,2024,Finnish,Routine / institutional / customer service / other,Institutional promotion / community news,Flood / stormwater / wastewater / sewer,Institutional promotion / community news,False,True,False
1664267890263517,U03,2017,Portuguese,Routine / institutional / customer service / other,Institutional promotion / community news,Routine / institutional / customer service / other,Institutional promotion / community news,True,True,True
1897820310294654,U01,2018,Finnish,Flood / stormwater / wastewater / sewer,Instruction / advice to public,Flood / stormwater / wastewater / sewer,Instruction / advice to public,True,True,True
1454162691738054,U09,2022,Italian,Service disruption / repair / infrastructure,Alert / warning,Service disruption / repair / infrastructure,Alert / warning,True,True,True
1464111426945832,U03,2017,Portuguese,Public education / heritage / community engagement,Institutional promotion / community news,Water quality / safety / public health,Institutional promotion / community news,False,True,False
2069162983223529,U05,2021,German,Routine / institutional / customer service / other,Institutional promotion / community news,Routine / institutional / customer service / other,Institutional promotion / community news,True,True,True
2137211386302496,U03,2018,Portuguese,Water conservation / drought / demand management,Instruction / advice to public,Flood / stormwater / wastewater / sewer,Instruction / advice to public,False,True,False
2254461467963868,U01,2019,Finnish,Environmental sustainability / waste / recycling / biodiversity,Instruction / advice to public,Environmental sustainability / waste / recycling / biodiversity,Instruction / advice to public,True,True,True
982146291862065,U01,2016,Finnish,Environmental sustainability / waste / recycling / biodiversity,Institutional promotion / community news,Environmental sustainability / waste / recycling / biodiversity,Instruction / advice to public,True,False,False
847686739052322,U09,2020,Italian,Public education / heritage / community engagement,Education / awareness,Water conservation / drought / demand management,Education / awareness,False,True,False
1112521382104840,U03,2016,Portuguese,Public education / heritage / community engagement,Education / awareness,Water conservation / drought / demand management,Education / awareness,False,True,False
1456912860999022,U03,2017,Portuguese,Routine / institutional / customer service / other,Education / awareness,Routine / institutional / customer service / other,Education / awareness,True,True,True
5769235519766713,U03,2022,Portuguese,Routine / institutional / customer service / other,Education / awareness,Water quality / safety / public health,Education / awareness,False,True,False
870125773414165,U11,2020,Finnish,Water conservation / drought / demand management,Instruction / advice to public,Water conservation / drought / demand management,Instruction / advice to public,True,True,True
1056584346651163,U11,2025,Finnish,Flood / stormwater / wastewater / sewer,Institutional promotion / community news,Flood / stormwater / wastewater / sewer,Education / awareness,True,False,False
2672043312819298,U03,2019,Portuguese,Public education / heritage / community engagement,Institutional promotion / community news,Public education / heritage / community engagement,Institutional promotion / community news,True,True,True
596974570442385,U05,2015,German,Flood / stormwater / wastewater / sewer,Alert / warning,Flood / stormwater / wastewater / sewer,Alert / warning,True,True,True
1363490530470690,U02,2019,German,Water conservation / drought / demand management,Instruction / advice to public,Water conservation / drought / demand management,Instruction / advice to public,True,True,True
1940261256027833,U04,2018,Norwegian,Routine / institutional / customer service / other,Institutional promotion / community news,Flood / stormwater / wastewater / sewer,Institutional promotion / community news,False,True,False
1212836663969717,U09,2025,Italian,Service disruption / repair / infrastructure,Alert / warning,Service disruption / repair / infrastructure,Alert / warning,True,True,True
2397692900307390,U01,2019,Finnish,Environmental sustainability / waste / recycling / biodiversity,Instruction / advice to public,Environmental sustainability / waste / recycling / biodiversity,Instruction / advice to public,True,True,True
707872768036724,U08,2023,French,Routine / institutional / customer service / other,Institutional promotion / community news,Public education / heritage / community engagement,Education / awareness,False,False,False
221223574642849,U03,2012,Portuguese,Public education / heritage / community engagement,Education / awareness,Public education / heritage / community engagement,Education / awareness,True,True,True
492977924175384,U05,2014,German,Water quality / safety / public health,Education / awareness,Water quality / safety / public health,Education / awareness,True,True,True
2488918467798451,U03,2019,Portuguese,Public education / heritage / community engagement,Institutional promotion / community news,Public education / heritage / community engagement,Institutional promotion / community news,True,True,True
2705368656443173,U12,2020,Finnish,Routine / institutional / customer service / other,Education / awareness,Service disruption / repair / infrastructure,Education / awareness,False,True,False
10154459035456714,U10,2017,Swedish,Routine / institutional / customer service / other,Institutional promotion / community news,Public education / heritage / community engagement,Education / awareness,False,False,False
4192402907448743,U07,2021,Dutch,Water conservation / drought / demand management,Education / awareness,Water conservation / drought / demand management,Education / awareness,True,True,True
5929641013726162,U03,2022,Portuguese,Routine / institutional / customer service / other,Institutional promotion / community news,Public education / heritage / community engagement,Education / awareness,False,False,False
1032399463450366,U03,2015,Portuguese,Public education / heritage / community engagement,Education / awareness,Service disruption / repair / infrastructure,Institutional promotion / community news,False,False,False
10157367341389268,U08,2019,French,Public education / heritage / community engagement,Institutional promotion / community news,Public education / heritage / community engagement,Institutional promotion / community news,True,True,True
10156641885239268,U08,2018,French,Environmental sustainability / waste / recycling / biodiversity,Education / awareness,Environmental sustainability / waste / recycling / biodiversity,Instruction / advice to public,True,False,False
3787095931367073,U01,2021,Finnish,Public education / heritage / community engagement,Education / awareness,Public education / heritage / community engagement,Instruction / advice to public,True,False,False
1118295486994448,U08,2025,French,Public education / heritage / community engagement,Institutional promotion / community news,Public education / heritage / community engagement,Institutional promotion / community news,True,True,True
10158607685746714,U10,2022,Swedish,Flood / stormwater / wastewater / sewer,Education / awareness,Flood / stormwater / wastewater / sewer,Education / awareness,True,True,True
1438020596685597,U09,2022,Italian,Service disruption / repair / infrastructure,Alert / warning,Service disruption / repair / infrastructure,Alert / warning,True,True,True
3288001977890092,U03,2020,Portuguese,Environmental sustainability / waste / recycling / biodiversity,Institutional promotion / community news,Environmental sustainability / waste / recycling / biodiversity,Education / awareness,True,False,False
658357474304094,U05,2015,German,Public education / heritage / community engagement,Education / awareness,Water quality / safety / public health,Education / awareness,False,True,False
970245869718774,U01,2016,Finnish,Public education / heritage / community engagement,Education / awareness,Environmental sustainability / waste / recycling / biodiversity,Instruction / advice to public,False,False,False
476638702823796,U09,2018,Italian,Service disruption / repair / infrastructure,Alert / warning,Water quality / safety / public health,Alert / warning,False,True,False
1192934520859626,U02,2018,German,Routine / institutional / customer service / other,Institutional promotion / community news,Routine / institutional / customer service / other,Instruction / advice to public,True,False,False
2695300117160284,U03,2019,Portuguese,Environmental sustainability / waste / recycling / biodiversity,Education / awareness,Environmental sustainability / waste / recycling / biodiversity,Education / awareness,True,True,True
750955958725401,U09,2020,Italian,Service disruption / repair / infrastructure,Alert / warning,Water quality / safety / public health,Alert / warning,False,True,False
10158482616896714,U10,2022,Swedish,Water conservation / drought / demand management,Education / awareness,Water quality / safety / public health,Education / awareness,False,True,False
685017333669300,U03,2023,Portuguese,Routine / institutional / customer service / other,Institutional promotion / community news,Water quality / safety / public health,Education / awareness,False,False,False
122235760868089660,U06,2025,English,Water conservation / drought / demand management,Education / awareness,Water conservation / drought / demand management,Education / awareness,True,True,True
10159417498514268,U08,2021,French,Water conservation / drought / demand management,Education / awareness,Water conservation / drought / demand management,Education / awareness,True,True,True
2457696204307059,U01,2019,Finnish,Environmental sustainability / waste / recycling / biodiversity,Education / awareness,Environmental sustainability / waste / recycling / biodiversity,Instruction / advice to public,True,False,False
899765945666338,U11,2024,Finnish,Routine / institutional / customer service / other,Institutional promotion / community news,Flood / stormwater / wastewater / sewer,Instruction / advice to public,False,False,False
1629900563753298,U01,2018,Finnish,Routine / institutional / customer service / other,Institutional promotion / community news,Public education / heritage / community engagement,Education / awareness,False,False,False
1126509509494303,U02,2025,German,Routine / institutional / customer service / other,Institutional promotion / community news,Flood / stormwater / wastewater / sewer,Education / awareness,False,False,False
679288037561864,U08,2023,French,Water conservation / drought / demand management,Education / awareness,Water conservation / drought / demand management,Education / awareness,True,True,True
990121464808848,U09,2020,Italian,Service disruption / repair / infrastructure,Operational update / resolution,Water quality / safety / public health,Operational update / resolution,False,True,False
1522340934920229,U09,2023,Italian,Public education / heritage / community engagement,Institutional promotion / community news,Public education / heritage / community engagement,Institutional promotion / community news,True,True,True
1339590740847293,U07,2025,Dutch,Water conservation / drought / demand management,Education / awareness,Water conservation / drought / demand management,Education / awareness,True,True,True
2765635943490356,U04,2020,Norwegian,Routine / institutional / customer service / other,Institutional promotion / community news,Service disruption / repair / infrastructure,Operational update / resolution,False,False,False
324798934210426,U03,2012,Portuguese,Service disruption / repair / infrastructure,Alert / warning,Service disruption / repair / infrastructure,Operational update / resolution,True,False,False
902378298348890,U09,2024,Italian,Service disruption / repair / infrastructure,Alert / warning,Service disruption / repair / infrastructure,Alert / warning,True,True,True
2111387695841275,U12,2018,Finnish,Public education / heritage / community engagement,Institutional promotion / community news,Public education / heritage / community engagement,Institutional promotion / community news,True,True,True
1268095200344805,U09,2022,Italian,Service disruption / repair / infrastructure,Alert / warning,Service disruption / repair / infrastructure,Alert / warning,True,True,True
10153150270276714,U10,2015,Swedish,Routine / institutional / customer service / other,Institutional promotion / community news,Routine / institutional / customer service / other,Institutional promotion / community news,True,True,True
1050747233756103,U01,2025,Finnish,Environmental sustainability / waste / recycling / biodiversity,Education / awareness,Service disruption / repair / infrastructure,Instruction / advice to public,False,False,False
1211428424354649,U01,2025,Finnish,Routine / institutional / customer service / other,Institutional promotion / community news,Service disruption / repair / infrastructure,Instruction / advice to public,False,False,False
2155611811159442,U04,2019,Norwegian,Environmental sustainability / waste / recycling / biodiversity,Education / awareness,Environmental sustainability / waste / recycling / biodiversity,Instruction / advice to public,True,False,False
838487726174875,U03,2014,Portuguese,Public education / heritage / community engagement,Institutional promotion / community news,Service disruption / repair / infrastructure,Education / awareness,False,False,False
10159043301061714,U10,2023,Swedish,Water conservation / drought / demand management,Education / awareness,Water conservation / drought / demand management,Instruction / advice to public,True,False,False
10160225721724268,U08,2022,French,Water conservation / drought / demand management,Instruction / advice to public,Water conservation / drought / demand management,Instruction / advice to public,True,True,True
363842379081246,U12,2022,Finnish,Routine / institutional / customer service / other,Institutional promotion / community news,Routine / institutional / customer service / other,Institutional promotion / community news,True,True,True
901737111746342,U09,2024,Italian,Service disruption / repair / infrastructure,Alert / warning,Service disruption / repair / infrastructure,Alert / warning,True,True,True
776103125746669,U03,2014,Portuguese,Routine / institutional / customer service / other,Institutional promotion / community news,Routine / institutional / customer service / other,Institutional promotion / community news,True,True,True
3468484636508491,U03,2020,Portuguese,Public education / heritage / community engagement,Education / awareness,Water conservation / drought / demand management,Education / awareness,False,True,False
683080188498489,U05,2015,German,Flood / stormwater / wastewater / sewer,Education / awareness,Flood / stormwater / wastewater / sewer,Education / awareness,True,True,True
545728638784120,U03,2013,Portuguese,Routine / institutional / customer service / other,Institutional promotion / community news,Routine / institutional / customer service / other,Institutional promotion / community news,True,True,True
3508605592549443,U01,2020,Finnish,Routine / institutional / customer service / other,Institutional promotion / community news,Environmental sustainability / waste / recycling / biodiversity,Institutional promotion / community news,False,True,False
2738289616224989,U04,2020,Norwegian,Routine / institutional / customer service / other,Institutional promotion / community news,Routine / institutional / customer service / other,Institutional promotion / community news,True,True,True
1968680793445300,U12,2018,Finnish,Water quality / safety / public health,Institutional promotion / community news,Water quality / safety / public health,Institutional promotion / community news,True,True,True
772827281303993,U09,2023,Italian,Service disruption / repair / infrastructure,Alert / warning,Service disruption / repair / infrastructure,Alert / warning,True,True,True
643695082373856,U01,2014,Finnish,Routine / institutional / customer service / other,Institutional promotion / community news,Water quality / safety / public health,Institutional promotion / community news,False,True,False
462573927215784,U05,2014,German,Public education / heritage / community engagement,Education / awareness,Public education / heritage / community engagement,Education / awareness,True,True,True
2553090135004360,U12,2020,Finnish,Flood / stormwater / wastewater / sewer,Education / awareness,Service disruption / repair / infrastructure,Alert / warning,False,False,False
4016642788359337,U03,2021,Portuguese,Routine / institutional / customer service / other,Education / awareness,Water conservation / drought / demand management,Education / awareness,False,True,False
788631911276649,U05,2016,German,Flood / stormwater / wastewater / sewer,Institutional promotion / community news,Flood / stormwater / wastewater / sewer,Education / awareness,True,False,False
2468268703227083,U04,2019,Norwegian,Water quality / safety / public health,Education / awareness,Water quality / safety / public health,Education / awareness,True,True,True
615859241771059,U03,2013,Portuguese,Environmental sustainability / waste / recycling / biodiversity,Education / awareness,Environmental sustainability / waste / recycling / biodiversity,Education / awareness,True,True,True
1698048093552163,U03,2017,Portuguese,Public education / heritage / community engagement,Institutional promotion / community news,Water conservation / drought / demand management,Institutional promotion / community news,False,True,False
177545619028590,U03,2012,Portuguese,Public education / heritage / community engagement,Institutional promotion / community news,Water conservation / drought / demand management,Institutional promotion / community news,False,True,False
1091024154370755,U05,2017,German,Environmental sustainability / waste / recycling / biodiversity,Instruction / advice to public,Environmental sustainability / waste / recycling / biodiversity,Instruction / advice to public,True,True,True
774582539232061,U03,2014,Portuguese,Water conservation / drought / demand management,Institutional promotion / community news,Water conservation / drought / demand management,Institutional promotion / community news,True,True,True
1069038658574722,U02,2025,German,Flood / stormwater / wastewater / sewer,Education / awareness,Service disruption / repair / infrastructure,Education / awareness,False,True,False
649328757224459,U08,2023,French,Water quality / safety / public health,Education / awareness,Water quality / safety / public health,Instruction / advice to public,True,False,False
627234017764263,U09,2019,Italian,Service disruption / repair / infrastructure,Alert / warning,Water quality / safety / public health,Alert / warning,False,True,False
5869007899789474,U03,2022,Portuguese,Public education / heritage / community engagement,Institutional promotion / community news,Water conservation / drought / demand management,Education / awareness,False,False,False
1480892341934407,U03,2017,Portuguese,Water quality / safety / public health,Instruction / advice to public,Water quality / safety / public health,Instruction / advice to public,True,True,True
1413160790603969,U09,2026,Italian,Service disruption / repair / infrastructure,Alert / warning,Service disruption / repair / infrastructure,Alert / warning,True,True,True
1427134885873226,U09,2026,Italian,Routine / institutional / customer service / other,Institutional promotion / community news,Routine / institutional / customer service / other,Institutional promotion / community news,True,True,True
555601154463535,U03,2013,Portuguese,Public education / heritage / community engagement,Institutional promotion / community news,Service disruption / repair / infrastructure,Institutional promotion / community news,False,True,False
663839467003358,U04,2014,Norwegian,Service disruption / repair / infrastructure,Alert / warning,Routine / institutional / customer service / other,Reassurance / safety information,False,False,False
1120649951291983,U03,2016,Portuguese,Public education / heritage / community engagement,Institutional promotion / community news,Public education / heritage / community engagement,Institutional promotion / community news,True,True,True
1788560584500913,U03,2018,Portuguese,Public education / heritage / community engagement,Institutional promotion / community news,Service disruption / repair / infrastructure,Institutional promotion / community news,False,True,False
962554629387469,U11,2025,Finnish,Routine / institutional / customer service / other,Institutional promotion / community news,Routine / institutional / customer service / other,Reassurance / safety information,True,False,False
994022593954720,U03,2015,Portuguese,Water conservation / drought / demand management,Instruction / advice to public,Water conservation / drought / demand management,Instruction / advice to public,True,True,True
2913840082026000,U01,2020,Finnish,Routine / institutional / customer service / other,Institutional promotion / community news,Service disruption / repair / infrastructure,Reassurance / safety information,False,False,False
764995135420541,U09,2023,Italian,Service disruption / repair / infrastructure,Alert / warning,Service disruption / repair / infrastructure,Alert / warning,True,True,True
1550488465027842,U01,2017,Finnish,Routine / institutional / customer service / other,Institutional promotion / community news,Routine / institutional / customer service / other,Institutional promotion / community news,True,True,True
1479515005458522,U01,2017,Finnish,Environmental sustainability / waste / recycling / biodiversity,Institutional promotion / community news,Environmental sustainability / waste / recycling / biodiversity,Institutional promotion / community news,True,True,True
3923847701025228,U01,2021,Finnish,Routine / institutional / customer service / other,Institutional promotion / community news,Service disruption / repair / infrastructure,Instruction / advice to public,False,False,False
5914625015227762,U03,2022,Portuguese,Public education / heritage / community engagement,Institutional promotion / community news,Water quality / safety / public health,Education / awareness,False,False,False
1719719464771407,U01,2018,Finnish,Routine / institutional / customer service / other,Institutional promotion / community news,Public education / heritage / community engagement,Institutional promotion / community news,False,True,False
1276644331311829,U11,2026,Finnish,Environmental sustainability / waste / recycling / biodiversity,Education / awareness,Service disruption / repair / infrastructure,Instruction / advice to public,False,False,False
10159053210829268,U08,2020,French,Water quality / safety / public health,Instruction / advice to public,Water quality / safety / public health,Instruction / advice to public,True,True,True
4110697035619331,U07,2021,Dutch,Routine / institutional / customer service / other,Institutional promotion / community news,Routine / institutional / customer service / other,Institutional promotion / community news,True,True,True
5359984150691854,U03,2022,Portuguese,Routine / institutional / customer service / other,Institutional promotion / community news,Routine / institutional / customer service / other,Operational update / resolution,True,False,False
10154777223841714,U10,2017,Swedish,Environmental sustainability / waste / recycling / biodiversity,Instruction / advice to public,Environmental sustainability / waste / recycling / biodiversity,Instruction / advice to public,True,True,True
4727680410588901,U03,2021,Portuguese,Routine / institutional / customer service / other,Education / awareness,Routine / institutional / customer service / other,Education / awareness,True,True,True
3987985984558351,U03,2021,Portuguese,Routine / institutional / customer service / other,Institutional promotion / community news,Water quality / safety / public health,Institutional promotion / community news,False,True,False
561070340613605,U04,2013,Norwegian,Public education / heritage / community engagement,Institutional promotion / community news,Water quality / safety / public health,Institutional promotion / community news,False,True,False
761678772644047,U02,2023,German,Flood / stormwater / wastewater / sewer,Institutional promotion / community news,Flood / stormwater / wastewater / sewer,Education / awareness,True,False,False
1753353068151099,U02,2020,German,Service disruption / repair / infrastructure,Alert / warning,Routine / institutional / customer service / other,Institutional promotion / community news,False,False,False
1192066507536708,U01,2016,Finnish,Service disruption / repair / infrastructure,Operational update / resolution,Service disruption / repair / infrastructure,Alert / warning,True,False,False
2719674941442516,U01,2020,Finnish,Routine / institutional / customer service / other,Institutional promotion / community news,Public education / heritage / community engagement,Institutional promotion / community news,False,True,False
2693123481001024,U12,2020,Finnish,Routine / institutional / customer service / other,Institutional promotion / community news,Routine / institutional / customer service / other,Institutional promotion / community news,True,True,True
286967487993571,U03,2011,Portuguese,Water conservation / drought / demand management,Institutional promotion / community news,Water conservation / drought / demand management,Institutional promotion / community news,True,True,True
794551453901836,U03,2014,Portuguese,Water conservation / drought / demand management,Instruction / advice to public,Service disruption / repair / infrastructure,Instruction / advice to public,False,True,False
10159429718871714,U10,2023,Swedish,Environmental sustainability / waste / recycling / biodiversity,Education / awareness,Environmental sustainability / waste / recycling / biodiversity,Education / awareness,True,True,True
2267904933522883,U12,2019,Finnish,Public education / heritage / community engagement,Institutional promotion / community news,Water quality / safety / public health,Institutional promotion / community news,False,True,False
840058001637133,U11,2024,Finnish,Routine / institutional / customer service / other,Institutional promotion / community news,Routine / institutional / customer service / other,Institutional promotion / community news,True,True,True
2014231668729903,U02,2021,German,Flood / stormwater / wastewater / sewer,Institutional promotion / community news,Flood / stormwater / wastewater / sewer,Institutional promotion / community news,True,True,True
1944559882363749,U02,2021,German,Water conservation / drought / demand management,Education / awareness,Water conservation / drought / demand management,Education / awareness,True,True,True
660077279480703,U04,2023,Norwegian,Flood / stormwater / wastewater / sewer,Education / awareness,Flood / stormwater / wastewater / sewer,Education / awareness,True,True,True
763064659197900,U03,2023,Portuguese,Water conservation / drought / demand management,Education / awareness,Water conservation / drought / demand management,Instruction / advice to public,True,False,False
1281649550665869,U01,2025,Finnish,Routine / institutional / customer service / other,Institutional promotion / community news,Environmental sustainability / waste / recycling / biodiversity,Reassurance / safety information,False,False,False
10157574958211714,U10,2020,Swedish,Public education / heritage / community engagement,Institutional promotion / community news,Flood / stormwater / wastewater / sewer,Instruction / advice to public,False,False,False
783742008780129,U09,2020,Italian,Service disruption / repair / infrastructure,Alert / warning,Water quality / safety / public health,Operational update / resolution,False,False,False
5863036573719940,U03,2022,Portuguese,Water quality / safety / public health,Education / awareness,Water quality / safety / public health,Education / awareness,True,True,True
1117878248699835,U09,2021,Italian,Service disruption / repair / infrastructure,Alert / warning,Water quality / safety / public health,Operational update / resolution,False,False,False
2107112136108522,U02,2021,German,Routine / institutional / customer service / other,Institutional promotion / community news,Routine / institutional / customer service / other,Institutional promotion / community news,True,True,True
1356958910994418,U03,2016,Portuguese,Routine / institutional / customer service / other,Institutional promotion / community news,Routine / institutional / customer service / other,Institutional promotion / community news,True,True,True
1841656532524651,U03,2018,Portuguese,Public education / heritage / community engagement,Institutional promotion / community news,Public education / heritage / community engagement,Institutional promotion / community news,True,True,True
10155249101091714,U10,2018,Swedish,Environmental sustainability / waste / recycling / biodiversity,Institutional promotion / community news,Environmental sustainability / waste / recycling / biodiversity,Instruction / advice to public,True,False,False
931601797327482,U09,2020,Italian,Service disruption / repair / infrastructure,Alert / warning,Water quality / safety / public health,Operational update / resolution,False,False,False
1828807377272334,U02,2020,German,Environmental sustainability / waste / recycling / biodiversity,Education / awareness,Environmental sustainability / waste / recycling / biodiversity,Education / awareness,True,True,True
1220436590101594,U02,2025,German,Flood / stormwater / wastewater / sewer,Education / awareness,Flood / stormwater / wastewater / sewer,Education / awareness,True,True,True
1344962786976755,U07,2025,Dutch,Water quality / safety / public health,Education / awareness,Water quality / safety / public health,Instruction / advice to public,True,False,False
3306084169415206,U03,2020,Portuguese,Routine / institutional / customer service / other,Institutional promotion / community news,Water quality / safety / public health,Institutional promotion / community news,False,True,False
2337910776285603,U01,2019,Finnish,Routine / institutional / customer service / other,Institutional promotion / community news,Flood / stormwater / wastewater / sewer,Institutional promotion / community news,False,True,False
1317304775012880,U01,2017,Finnish,Routine / institutional / customer service / other,Institutional promotion / community news,Environmental sustainability / waste / recycling / biodiversity,Institutional promotion / community news,False,True,False
925779434165418,U01,2015,Finnish,Routine / institutional / customer service / other,Institutional promotion / community news,Routine / institutional / customer service / other,Institutional promotion / community news,True,True,True
10156544999701714,U10,2019,Swedish,Environmental sustainability / waste / recycling / biodiversity,Instruction / advice to public,Environmental sustainability / waste / recycling / biodiversity,Instruction / advice to public,True,True,True
1119220209998030,U09,2025,Italian,Service disruption / repair / infrastructure,Alert / warning,Service disruption / repair / infrastructure,Alert / warning,True,True,True
1036837504902968,U09,2024,Italian,Service disruption / repair / infrastructure,Alert / warning,Service disruption / repair / infrastructure,Alert / warning,True,True,True
889340713236960,U03,2024,Portuguese,Routine / institutional / customer service / other,Other / unclear,Water conservation / drought / demand management,Reassurance / safety information,False,False,False
4290585564351438,U01,2021,Finnish,Environmental sustainability / waste / recycling / biodiversity,Education / awareness,Environmental sustainability / waste / recycling / biodiversity,Education / awareness,True,True,True
1041863206301340,U09,2021,Italian,Service disruption / repair / infrastructure,Alert / warning,Water quality / safety / public health,Operational update / resolution,False,False,False
10156118364491714,U10,2019,Swedish,Environmental sustainability / waste / recycling / biodiversity,Education / awareness,Environmental sustainability / waste / recycling / biodiversity,Education / awareness,True,True,True
1414002705406230,U05,2019,German,Public education / heritage / community engagement,Education / awareness,Public education / heritage / community engagement,Education / awareness,True,True,True
680890617415305,U03,2023,Portuguese,Public education / heritage / community engagement,Institutional promotion / community news,Public education / heritage / community engagement,Institutional promotion / community news,True,True,True
10160224409604268,U08,2022,French,Routine / institutional / customer service / other,Instruction / advice to public,Water conservation / drought / demand management,Instruction / advice to public,False,True,False
969269786483049,U01,2016,Finnish,Routine / institutional / customer service / other,Institutional promotion / community news,Routine / institutional / customer service / other,Operational update / resolution,True,False,False
1210477310872319,U09,2025,Italian,Service disruption / repair / infrastructure,Alert / warning,Service disruption / repair / infrastructure,Alert / warning,True,True,True
1251488415338817,U09,2022,Italian,Service disruption / repair / infrastructure,Alert / warning,Service disruption / repair / infrastructure,Alert / warning,True,True,True
10159233909126714,U10,2023,Swedish,Water conservation / drought / demand management,Education / awareness,Water conservation / drought / demand management,Instruction / advice to public,True,False,False
663850267002278,U04,2014,Norwegian,Routine / institutional / customer service / other,Education / awareness,Routine / institutional / customer service / other,Instruction / advice to public,True,False,False
1368513978401984,U09,2025,Italian,Service disruption / repair / infrastructure,Alert / warning,Service disruption / repair / infrastructure,Alert / warning,True,True,True
1089192456579791,U05,2025,German,Flood / stormwater / wastewater / sewer,Education / awareness,Flood / stormwater / wastewater / sewer,Education / awareness,True,True,True
819150087061258,U11,2024,Finnish,Routine / institutional / customer service / other,Institutional promotion / community news,Flood / stormwater / wastewater / sewer,Education / awareness,False,False,False
983369323972666,U11,2025,Finnish,Routine / institutional / customer service / other,Institutional promotion / community news,Routine / institutional / customer service / other,Education / awareness,True,False,False
1173357989818527,U09,2021,Italian,Service disruption / repair / infrastructure,Alert / warning,Service disruption / repair / infrastructure,Alert / warning,True,True,True
1019520525202275,U09,2021,Italian,Service disruption / repair / infrastructure,Alert / warning,Water quality / safety / public health,Operational update / resolution,False,False,False
1371427335022967,U05,2026,German,Public education / heritage / community engagement,Education / awareness,Environmental sustainability / waste / recycling / biodiversity,Education / awareness,False,True,False
886448770179122,U08,2024,French,Water conservation / drought / demand management,Institutional promotion / community news,Water conservation / drought / demand management,Institutional promotion / community news,True,True,True
2258375280852772,U03,2019,Portuguese,Public education / heritage / community engagement,Education / awareness,Water quality / safety / public health,Education / awareness,False,True,False
5058697477540239,U01,2022,Finnish,Flood / stormwater / wastewater / sewer,Instruction / advice to public,Flood / stormwater / wastewater / sewer,Instruction / advice to public,True,True,True
1532300670590922,U09,2023,Italian,Service disruption / repair / infrastructure,Alert / warning,Service disruption / repair / infrastructure,Alert / warning,True,True,True
4745050558904934,U01,2022,Finnish,Flood / stormwater / wastewater / sewer,Instruction / advice to public,Flood / stormwater / wastewater / sewer,Instruction / advice to public,True,True,True
10158045179319268,U08,2019,French,Routine / institutional / customer service / other,Education / awareness,Water quality / safety / public health,Education / awareness,False,True,False
595180243955151,U05,2015,German,Service disruption / repair / infrastructure,Institutional promotion / community news,Flood / stormwater / wastewater / sewer,Institutional promotion / community news,False,True,False
692167340806915,U03,2014,Portuguese,Routine / institutional / customer service / other,Institutional promotion / community news,Routine / institutional / customer service / other,Institutional promotion / community news,True,True,True
5932542550102675,U03,2022,Portuguese,Public education / heritage / community engagement,Institutional promotion / community news,Public education / heritage / community engagement,Institutional promotion / community news,True,True,True
1182058962281763,U09,2021,Italian,Service disruption / repair / infrastructure,Alert / warning,Service disruption / repair / infrastructure,Alert / warning,True,True,True
2049236841896052,U02,2021,German,Routine / institutional / customer service / other,Institutional promotion / community news,Routine / institutional / customer service / other,Education / awareness,True,False,False
3952198148137135,U03,2021,Portuguese,Water conservation / drought / demand management,Education / awareness,Water conservation / drought / demand management,Education / awareness,True,True,True
502829823104324,U04,2013,Norwegian,Flood / stormwater / wastewater / sewer,Education / awareness,Flood / stormwater / wastewater / sewer,Education / awareness,True,True,True
4737074156316193,U03,2021,Portuguese,Public education / heritage / community engagement,Institutional promotion / community news,Service disruption / repair / infrastructure,Institutional promotion / community news,False,True,False
957670574309637,U01,2016,Finnish,Routine / institutional / customer service / other,Education / awareness,Routine / institutional / customer service / other,Instruction / advice to public,True,False,False
2216338761852525,U02,2022,German,Public education / heritage / community engagement,Education / awareness,Flood / stormwater / wastewater / sewer,Education / awareness,False,True,False
1044057022284610,U03,2015,Portuguese,Public education / heritage / community engagement,Education / awareness,Public education / heritage / community engagement,Education / awareness,True,True,True
416449181761878,U03,2012,Portuguese,Public education / heritage / community engagement,Education / awareness,Water conservation / drought / demand management,Education / awareness,False,True,False
10157328676019268,U08,2019,French,Public education / heritage / community engagement,Institutional promotion / community news,Public education / heritage / community engagement,Institutional promotion / community news,True,True,True
3209308462426111,U03,2020,Portuguese,Routine / institutional / customer service / other,Instruction / advice to public,Routine / institutional / customer service / other,Instruction / advice to public,True,True,True
334632580357743,U09,2018,Italian,Service disruption / repair / infrastructure,Alert / warning,Water quality / safety / public health,Instruction / advice to public,False,False,False
2790315954325366,U03,2019,Portuguese,Public education / heritage / community engagement,Institutional promotion / community news,Water conservation / drought / demand management,Institutional promotion / community news,False,True,False
1154559160041576,U01,2025,Finnish,Routine / institutional / customer service / other,Education / awareness,Flood / stormwater / wastewater / sewer,Education / awareness,False,True,False
772405608263805,U03,2023,Portuguese,Routine / institutional / customer service / other,Instruction / advice to public,Routine / institutional / customer service / other,Instruction / advice to public,True,True,True
5852350324788565,U03,2022,Portuguese,Environmental sustainability / waste / recycling / biodiversity,Instruction / advice to public,Environmental sustainability / waste / recycling / biodiversity,Instruction / advice to public,True,True,True
1293526706109347,U10,2025,Swedish,Public education / heritage / community engagement,Institutional promotion / community news,Environmental sustainability / waste / recycling / biodiversity,Instruction / advice to public,False,False,False
1012703812139646,U01,2016,Finnish,Flood / stormwater / wastewater / sewer,Instruction / advice to public,Flood / stormwater / wastewater / sewer,Instruction / advice to public,True,True,True
1645768382113468,U03,2017,Portuguese,Routine / institutional / customer service / other,Institutional promotion / community news,Water quality / safety / public health,Institutional promotion / community news,False,True,False
145633082229964,U03,2012,Portuguese,Water conservation / drought / demand management,Institutional promotion / community news,Water conservation / drought / demand management,Institutional promotion / community news,True,True,True
1374875256333465,U09,2022,Italian,Service disruption / repair / infrastructure,Alert / warning,Service disruption / repair / infrastructure,Alert / warning,True,True,True
1078112201019606,U01,2025,Finnish,Flood / stormwater / wastewater / sewer,Education / awareness,Flood / stormwater / wastewater / sewer,Education / awareness,True,True,True
10158815892056714,U10,2022,Swedish,Water conservation / drought / demand management,Education / awareness,Water conservation / drought / demand management,Instruction / advice to public,True,False,False
10160267893204268,U08,2022,French,Routine / institutional / customer service / other,Institutional promotion / community news,Routine / institutional / customer service / other,Institutional promotion / community news,True,True,True
2580174572122365,U05,2022,German,Flood / stormwater / wastewater / sewer,Education / awareness,Flood / stormwater / wastewater / sewer,Education / awareness,True,True,True
1020295790134581,U01,2025,Finnish,Environmental sustainability / waste / recycling / biodiversity,Education / awareness,Environmental sustainability / waste / recycling / biodiversity,Education / awareness,True,True,True
1057722490918063,U03,2015,Portuguese,Water conservation / drought / demand management,Education / awareness,Water conservation / drought / demand management,Education / awareness,True,True,True
1085192151557478,U01,2016,Finnish,Public education / heritage / community engagement,Institutional promotion / community news,Flood / stormwater / wastewater / sewer,Institutional promotion / community news,False,True,False
3523197037702670,U07,2020,Dutch,Routine / institutional / customer service / other,Institutional promotion / community news,Environmental sustainability / waste / recycling / biodiversity,Education / awareness,False,False,False
10159199598281714,U10,2023,Swedish,Flood / stormwater / wastewater / sewer,Education / awareness,Flood / stormwater / wastewater / sewer,Education / awareness,True,True,True
655152901175026,U03,2013,Portuguese,Routine / institutional / customer service / other,Institutional promotion / community news,Routine / institutional / customer service / other,Institutional promotion / community news,True,True,True
2648451201898224,U01,2019,Finnish,Environmental sustainability / waste / recycling / biodiversity,Education / awareness,Environmental sustainability / waste / recycling / biodiversity,Institutional promotion / community news,True,False,False
10159226792046714,U10,2023,Swedish,Service disruption / repair / infrastructure,Education / awareness,Flood / stormwater / wastewater / sewer,Education / awareness,False,True,False
1343695342351097,U04,2017,Norwegian,Routine / institutional / customer service / other,Other / unclear,Routine / institutional / customer service / other,Other / unclear,True,True,True
4049432795080336,U03,2021,Portuguese,Service disruption / repair / infrastructure,Institutional promotion / community news,Service disruption / repair / infrastructure,Institutional promotion / community news,True,True,True
10159280944271714,U10,2023,Swedish,Water conservation / drought / demand management,Instruction / advice to public,Water conservation / drought / demand management,Instruction / advice to public,True,True,True
4253545031334530,U07,2021,Dutch,Routine / institutional / customer service / other,Institutional promotion / community news,Public education / heritage / community engagement,Institutional promotion / community news,False,True,False
3184126458277645,U03,2020,Portuguese,Routine / institutional / customer service / other,Institutional promotion / community news,Routine / institutional / customer service / other,Institutional promotion / community news,True,True,True
660096416122506,U12,2023,Finnish,Water conservation / drought / demand management,Institutional promotion / community news,Water conservation / drought / demand management,Institutional promotion / community news,True,True,True
1310586219429036,U09,2022,Italian,Service disruption / repair / infrastructure,Alert / warning,Service disruption / repair / infrastructure,Alert / warning,True,True,True
4148170731926256,U01,2021,Finnish,Water conservation / drought / demand management,Education / awareness,Environmental sustainability / waste / recycling / biodiversity,Education / awareness,False,True,False
1552700185217637,U09,2023,Italian,Service disruption / repair / infrastructure,Alert / warning,Service disruption / repair / infrastructure,Alert / warning,True,True,True
782015628952767,U09,2020,Italian,Service disruption / repair / infrastructure,Alert / warning,Water quality / safety / public health,Operational update / resolution,False,False,False
1070590700095257,U09,2021,Italian,Routine / institutional / customer service / other,Institutional promotion / community news,Flood / stormwater / wastewater / sewer,Operational update / resolution,False,False,False
10157482009919268,U08,2019,French,Public education / heritage / community engagement,Institutional promotion / community news,Public education / heritage / community engagement,Institutional promotion / community news,True,True,True
2198418073804903,U12,2019,Finnish,Routine / institutional / customer service / other,Education / awareness,Routine / institutional / customer service / other,Education / awareness,True,True,True
1086185016880535,U05,2025,German,Flood / stormwater / wastewater / sewer,Education / awareness,Flood / stormwater / wastewater / sewer,Education / awareness,True,True,True
458169227570444,U03,2013,Portuguese,Water conservation / drought / demand management,Education / awareness,Water conservation / drought / demand management,Education / awareness,True,True,True
3846946318715367,U01,2021,Finnish,Water quality / safety / public health,Education / awareness,Water quality / safety / public health,Reassurance / safety information,True,False,False
3706605009363118,U03,2020,Portuguese,Water conservation / drought / demand management,Institutional promotion / community news,Water conservation / drought / demand management,Instruction / advice to public,True,False,False
370727126334045,U03,2012,Portuguese,Public education / heritage / community engagement,Education / awareness,Public education / heritage / community engagement,Education / awareness,True,True,True
1141009893053337,U09,2021,Italian,Service disruption / repair / infrastructure,Alert / warning,Water quality / safety / public health,Operational update / resolution,False,False,False
515569517264814,U04,2022,Norwegian,Service disruption / repair / infrastructure,Education / awareness,Service disruption / repair / infrastructure,Education / awareness,True,True,True
1325549974135312,U03,2016,Portuguese,Routine / institutional / customer service / other,Institutional promotion / community news,Routine / institutional / customer service / other,Institutional promotion / community news,True,True,True
3595751513834850,U01,2020,Finnish,Environmental sustainability / waste / recycling / biodiversity,Education / awareness,Environmental sustainability / waste / recycling / biodiversity,Education / awareness,True,True,True
1055949156325136,U09,2024,Italian,Service disruption / repair / infrastructure,Alert / warning,Service disruption / repair / infrastructure,Alert / warning,True,True,True
1540555238073158,U10,2026,Swedish,Environmental sustainability / waste / recycling / biodiversity,Institutional promotion / community news,Environmental sustainability / waste / recycling / biodiversity,Instruction / advice to public,True,False,False
695689915921676,U08,2023,French,Water quality / safety / public health,Instruction / advice to public,Water conservation / drought / demand management,Instruction / advice to public,False,True,False
3826278367395781,U03,2020,Portuguese,Routine / institutional / customer service / other,Institutional promotion / community news,Routine / institutional / customer service / other,Institutional promotion / community news,True,True,True
819705664719748,U03,2014,Portuguese,Water conservation / drought / demand management,Institutional promotion / community news,Water conservation / drought / demand management,Institutional promotion / community news,True,True,True
1309321029144588,U01,2017,Finnish,Environmental sustainability / waste / recycling / biodiversity,Education / awareness,Environmental sustainability / waste / recycling / biodiversity,Education / awareness,True,True,True
1002267423128990,U07,2015,Dutch,Service disruption / repair / infrastructure,Operational update / resolution,Service disruption / repair / infrastructure,Alert / warning,True,False,False
1133234700497523,U09,2021,Italian,Service disruption / repair / infrastructure,Alert / warning,Water quality / safety / public health,Operational update / resolution,False,False,False
1507339754519405,U09,2026,Italian,Service disruption / repair / infrastructure,Alert / warning,Service disruption / repair / infrastructure,Alert / warning,True,True,True
4418006124889666,U03,2021,Portuguese,Routine / institutional / customer service / other,Education / awareness,Routine / institutional / customer service / other,Education / awareness,True,True,True
1381137298629627,U01,2017,Finnish,Service disruption / repair / infrastructure,Institutional promotion / community news,Service disruption / repair / infrastructure,Alert / warning,True,False,False
400249368773880,U12,2022,Finnish,Service disruption / repair / infrastructure,Alert / warning,Service disruption / repair / infrastructure,Alert / warning,True,True,True
680269402049757,U01,2014,Finnish,Routine / institutional / customer service / other,Education / awareness,Service disruption / repair / infrastructure,Education / awareness,False,True,False
814985618989101,U09,2020,Italian,Service disruption / repair / infrastructure,Alert / warning,Water quality / safety / public health,Alert / warning,False,True,False
5161056167251321,U03,2022,Portuguese,Water conservation / drought / demand management,Institutional promotion / community news,Water conservation / drought / demand management,Instruction / advice to public,True,False,False
2620134451633261,U12,2020,Finnish,Public education / heritage / community engagement,Institutional promotion / community news,Public education / heritage / community engagement,Institutional promotion / community news,True,True,True
3083261898417150,U01,2020,Finnish,Environmental sustainability / waste / recycling / biodiversity,Institutional promotion / community news,Environmental sustainability / waste / recycling / biodiversity,Instruction / advice to public,True,False,False
1764245627048601,U05,2020,German,Routine / institutional / customer service / other,Institutional promotion / community news,Routine / institutional / customer service / other,Institutional promotion / community news,True,True,True
1985462018144101,U03,2018,Portuguese,Water quality / safety / public health,Education / awareness,Water quality / safety / public health,Education / awareness,True,True,True
10153798790456714,U10,2016,Swedish,Environmental sustainability / waste / recycling / biodiversity,Instruction / advice to public,Environmental sustainability / waste / recycling / biodiversity,Instruction / advice to public,True,True,True
895682960508399,U01,2015,Finnish,Environmental sustainability / waste / recycling / biodiversity,Instruction / advice to public,Environmental sustainability / waste / recycling / biodiversity,Instruction / advice to public,True,True,True
2499371723472840,U01,2019,Finnish,Flood / stormwater / wastewater / sewer,Education / awareness,Flood / stormwater / wastewater / sewer,Education / awareness,True,True,True
10159242106491714,U10,2023,Swedish,Environmental sustainability / waste / recycling / biodiversity,Institutional promotion / community news,Environmental sustainability / waste / recycling / biodiversity,Institutional promotion / community news,True,True,True
852702344753413,U03,2014,Portuguese,Routine / institutional / customer service / other,Institutional promotion / community news,Routine / institutional / customer service / other,Institutional promotion / community news,True,True,True
3105531389470486,U03,2020,Portuguese,Routine / institutional / customer service / other,Institutional promotion / community news,Routine / institutional / customer service / other,Education / awareness,True,False,False
2933271950028518,U07,2020,Dutch,Routine / institutional / customer service / other,Institutional promotion / community news,Routine / institutional / customer service / other,Education / awareness,True,False,False
778193808870934,U03,2014,Portuguese,Water conservation / drought / demand management,Institutional promotion / community news,Water conservation / drought / demand management,Institutional promotion / community news,True,True,True
2913782632031745,U01,2020,Finnish,Environmental sustainability / waste / recycling / biodiversity,Instruction / advice to public,Flood / stormwater / wastewater / sewer,Instruction / advice to public,False,True,False
1344657535610937,U01,2017,Finnish,Public education / heritage / community engagement,Education / awareness,Flood / stormwater / wastewater / sewer,Education / awareness,False,True,False
4246199142070366,U03,2021,Portuguese,Routine / institutional / customer service / other,Institutional promotion / community news,Routine / institutional / customer service / other,Education / awareness,True,False,False
1342697312473626,U01,2017,Finnish,Routine / institutional / customer service / other,Education / awareness,Service disruption / repair / infrastructure,Education / awareness,False,True,False
1473250404820210,U02,2026,German,Routine / institutional / customer service / other,Institutional promotion / community news,Flood / stormwater / wastewater / sewer,Education / awareness,False,False,False
1387743396032027,U07,2025,Dutch,Water conservation / drought / demand management,Education / awareness,Water conservation / drought / demand management,Education / awareness,True,True,True
1481673325653657,U09,2023,Italian,Service disruption / repair / infrastructure,Alert / warning,Service disruption / repair / infrastructure,Alert / warning,True,True,True
1410986255721117,U02,2019,German,Flood / stormwater / wastewater / sewer,Education / awareness,Flood / stormwater / wastewater / sewer,Education / awareness,True,True,True
988187108001036,U02,2018,German,Public education / heritage / community engagement,Education / awareness,Public education / heritage / community engagement,Education / awareness,True,True,True
1285751040011612,U09,2025,Italian,Routine / institutional / customer service / other,Institutional promotion / community news,Routine / institutional / customer service / other,Institutional promotion / community news,True,True,True
628131023877214,U03,2013,Portuguese,Water conservation / drought / demand management,Education / awareness,Water conservation / drought / demand management,Education / awareness,True,True,True
1561749640515343,U03,2017,Portuguese,Water conservation / drought / demand management,Education / awareness,Water conservation / drought / demand management,Education / awareness,True,True,True
1989628671350512,U12,2018,Finnish,Flood / stormwater / wastewater / sewer,Education / awareness,Flood / stormwater / wastewater / sewer,Education / awareness,True,True,True
4052007174875946,U01,2021,Finnish,Routine / institutional / customer service / other,Institutional promotion / community news,Environmental sustainability / waste / recycling / biodiversity,Instruction / advice to public,False,False,False
736484273041888,U03,2014,Portuguese,Water conservation / drought / demand management,Education / awareness,Water conservation / drought / demand management,Education / awareness,True,True,True
1138264509529280,U07,2016,Dutch,Service disruption / repair / infrastructure,Operational update / resolution,Service disruption / repair / infrastructure,Operational update / resolution,True,True,True
677659121064918,U01,2023,Finnish,Flood / stormwater / wastewater / sewer,Instruction / advice to public,Flood / stormwater / wastewater / sewer,Instruction / advice to public,True,True,True
4947185712024750,U01,2022,Finnish,Public education / heritage / community engagement,Institutional promotion / community news,Flood / stormwater / wastewater / sewer,Institutional promotion / community news,False,True,False
1503973651522682,U09,2026,Italian,Service disruption / repair / infrastructure,Alert / warning,Service disruption / repair / infrastructure,Alert / warning,True,True,True
1332757862223248,U05,2026,German,Routine / institutional / customer service / other,Institutional promotion / community news,Environmental sustainability / waste / recycling / biodiversity,Education / awareness,False,False,False
1921676137972215,U05,2020,German,Flood / stormwater / wastewater / sewer,Institutional promotion / community news,Flood / stormwater / wastewater / sewer,Education / awareness,True,False,False
362217903801862,U03,2012,Portuguese,Routine / institutional / customer service / other,Institutional promotion / community news,Environmental sustainability / waste / recycling / biodiversity,Education / awareness,False,False,False
3243561748999535,U07,2020,Dutch,Water conservation / drought / demand management,Instruction / advice to public,Water conservation / drought / demand management,Instruction / advice to public,True,True,True
1719101861477108,U04,2018,Norwegian,Water conservation / drought / demand management,Operational update / resolution,Water conservation / drought / demand management,Education / awareness,True,False,False
1110305962790397,U09,2021,Italian,Service disruption / repair / infrastructure,Alert / warning,Water quality / safety / public health,Alert / warning,False,True,False
1330084160348560,U03,2016,Portuguese,Routine / institutional / customer service / other,Institutional promotion / community news,Routine / institutional / customer service / other,Institutional promotion / community news,True,True,True
1249026255174066,U01,2017,Finnish,Environmental sustainability / waste / recycling / biodiversity,Instruction / advice to public,Environmental sustainability / waste / recycling / biodiversity,Instruction / advice to public,True,True,True
3705236209553046,U01,2021,Finnish,Public education / heritage / community engagement,Institutional promotion / community news,Environmental sustainability / waste / recycling / biodiversity,Institutional promotion / community news,False,True,False
731758363544801,U04,2014,Norwegian,Water conservation / drought / demand management,Instruction / advice to public,Water conservation / drought / demand management,Education / awareness,True,False,False
1443912176096439,U09,2022,Italian,Routine / institutional / customer service / other,Other / unclear,Routine / institutional / customer service / other,Other / unclear,True,True,True
949917462162582,U09,2020,Italian,Service disruption / repair / infrastructure,Alert / warning,Water quality / safety / public health,Operational update / resolution,False,False,False
3038756129534394,U01,2020,Finnish,Routine / institutional / customer service / other,Institutional promotion / community news,Environmental sustainability / waste / recycling / biodiversity,Institutional promotion / community news,False,True,False
789220681101580,U03,2014,Portuguese,Routine / institutional / customer service / other,Institutional promotion / community news,Routine / institutional / customer service / other,Education / awareness,True,False,False
672125698291797,U03,2023,Portuguese,Routine / institutional / customer service / other,Institutional promotion / community news,Environmental sustainability / waste / recycling / biodiversity,Institutional promotion / community news,False,True,False
1188285794657832,U02,2018,German,Routine / institutional / customer service / other,Institutional promotion / community news,Routine / institutional / customer service / other,Institutional promotion / community news,True,True,True
2950811904942436,U03,2020,Portuguese,Routine / institutional / customer service / other,Institutional promotion / community news,Routine / institutional / customer service / other,Institutional promotion / community news,True,True,True
990760821063756,U05,2017,German,Service disruption / repair / infrastructure,Institutional promotion / community news,Service disruption / repair / infrastructure,Institutional promotion / community news,True,True,True
10157809488334268,U08,2019,French,Routine / institutional / customer service / other,Institutional promotion / community news,Environmental sustainability / waste / recycling / biodiversity,Education / awareness,False,False,False
486593024697682,U03,2012,Portuguese,Environmental sustainability / waste / recycling / biodiversity,Institutional promotion / community news,Environmental sustainability / waste / recycling / biodiversity,Institutional promotion / community news,True,True,True
1044614745615219,U01,2016,Finnish,Water conservation / drought / demand management,Education / awareness,Water conservation / drought / demand management,Education / awareness,True,True,True
1470544189666211,U04,2017,Norwegian,Routine / institutional / customer service / other,Institutional promotion / community news,Routine / institutional / customer service / other,Institutional promotion / community news,True,True,True
1484073645413625,U09,2023,Italian,Service disruption / repair / infrastructure,Alert / warning,Service disruption / repair / infrastructure,Alert / warning,True,True,True
2229470604032983,U12,2019,Finnish,Public education / heritage / community engagement,Institutional promotion / community news,Public education / heritage / community engagement,Institutional promotion / community news,True,True,True
1522476021573387,U09,2023,Italian,Service disruption / repair / infrastructure,Alert / warning,Service disruption / repair / infrastructure,Alert / warning,True,True,True
671123949694113,U05,2015,German,Routine / institutional / customer service / other,Institutional promotion / community news,Water quality / safety / public health,Education / awareness,False,False,False
1573207742733188,U04,2018,Norwegian,Routine / institutional / customer service / other,Institutional promotion / community news,Flood / stormwater / wastewater / sewer,Institutional promotion / community news,False,True,False
3586104921413128,U03,2020,Portuguese,Water quality / safety / public health,Institutional promotion / community news,Water quality / safety / public health,Education / awareness,True,False,False
2825948427481833,U01,2020,Finnish,Routine / institutional / customer service / other,Institutional promotion / community news,Routine / institutional / customer service / other,Institutional promotion / community news,True,True,True
1066329002179021,U02,2025,German,Routine / institutional / customer service / other,Institutional promotion / community news,Flood / stormwater / wastewater / sewer,Education / awareness,False,False,False
376742682349384,U03,2012,Portuguese,Water quality / safety / public health,Education / awareness,Water conservation / drought / demand management,Education / awareness,False,True,False
1750620468294925,U03,2017,Portuguese,Public education / heritage / community engagement,Institutional promotion / community news,Public education / heritage / community engagement,Institutional promotion / community news,True,True,True
1360941972492518,U09,2025,Italian,Service disruption / repair / infrastructure,Alert / warning,Service disruption / repair / infrastructure,Alert / warning,True,True,True
3582478368442450,U03,2020,Portuguese,Environmental sustainability / waste / recycling / biodiversity,Education / awareness,Environmental sustainability / waste / recycling / biodiversity,Instruction / advice to public,True,False,False
705314338290330,U04,2023,Norwegian,Flood / stormwater / wastewater / sewer,Alert / warning,Flood / stormwater / wastewater / sewer,Alert / warning,True,True,True
519255138098137,U03,2013,Portuguese,Environmental sustainability / waste / recycling / biodiversity,Reassurance / safety information,Environmental sustainability / waste / recycling / biodiversity,Reassurance / safety information,True,True,True
681323637365133,U01,2023,Finnish,Routine / institutional / customer service / other,Institutional promotion / community news,Flood / stormwater / wastewater / sewer,Institutional promotion / community news,False,True,False
924209222832464,U09,2024,Italian,Service disruption / repair / infrastructure,Alert / warning,Service disruption / repair / infrastructure,Alert / warning,True,True,True
122144019686089660,U06,2024,English,Water quality / safety / public health,Institutional promotion / community news,Water quality / safety / public health,Alert / warning,True,False,False
1923905941082568,U05,2020,German,Public education / heritage / community engagement,Education / awareness,Flood / stormwater / wastewater / sewer,Education / awareness,False,True,False
2525008007522830,U03,2019,Portuguese,Routine / institutional / customer service / other,Institutional promotion / community news,Routine / institutional / customer service / other,Institutional promotion / community news,True,True,True
10160236569889268,U08,2022,French,Public education / heritage / community engagement,Institutional promotion / community news,Water conservation / drought / demand management,Institutional promotion / community news,False,True,False
4159444410798888,U01,2021,Finnish,Environmental sustainability / waste / recycling / biodiversity,Education / awareness,Water conservation / drought / demand management,Education / awareness,False,True,False
3759698594106807,U01,2021,Finnish,Routine / institutional / customer service / other,Institutional promotion / community news,Routine / institutional / customer service / other,Institutional promotion / community news,True,True,True
1979023518904143,U05,2020,German,Flood / stormwater / wastewater / sewer,Education / awareness,Flood / stormwater / wastewater / sewer,Instruction / advice to public,True,False,False
1100742793282699,U03,2016,Portuguese,Water conservation / drought / demand management,Education / awareness,Water conservation / drought / demand management,Education / awareness,True,True,True
1462093672377347,U09,2026,Italian,Service disruption / repair / infrastructure,Alert / warning,Service disruption / repair / infrastructure,Alert / warning,True,True,True
10159078304981714,U10,2023,Swedish,Water conservation / drought / demand management,Education / awareness,Water conservation / drought / demand management,Education / awareness,True,True,True
3988602847883046,U01,2021,Finnish,Environmental sustainability / waste / recycling / biodiversity,Instruction / advice to public,Environmental sustainability / waste / recycling / biodiversity,Instruction / advice to public,True,True,True
817425598745103,U09,2020,Italian,Service disruption / repair / infrastructure,Alert / warning,Water quality / safety / public health,Alert / warning,False,True,False
834099715566295,U11,2024,Finnish,Public education / heritage / community engagement,Institutional promotion / community news,Public education / heritage / community engagement,Institutional promotion / community news,True,True,True
10157864232599268,U08,2019,French,Water conservation / drought / demand management,Education / awareness,Water conservation / drought / demand management,Reassurance / safety information,True,False,False
3530478313695504,U01,2020,Finnish,Service disruption / repair / infrastructure,Education / awareness,Service disruption / repair / infrastructure,Education / awareness,True,True,True
743802082774122,U09,2020,Italian,Service disruption / repair / infrastructure,Alert / warning,Water quality / safety / public health,Alert / warning,False,True,False
1941609109249107,U01,2018,Finnish,Routine / institutional / customer service / other,Institutional promotion / community news,Environmental sustainability / waste / recycling / biodiversity,Instruction / advice to public,False,False,False
1335955343094775,U03,2016,Portuguese,Water conservation / drought / demand management,Institutional promotion / community news,Water conservation / drought / demand management,Instruction / advice to public,True,False,False
490760199745746,U04,2022,Norwegian,Flood / stormwater / wastewater / sewer,Education / awareness,Flood / stormwater / wastewater / sewer,Education / awareness,True,True,True
1337868675034890,U04,2026,Norwegian,Flood / stormwater / wastewater / sewer,Education / awareness,Flood / stormwater / wastewater / sewer,Education / awareness,True,True,True
1246821034294159,U11,2026,Finnish,Flood / stormwater / wastewater / sewer,Education / awareness,Flood / stormwater / wastewater / sewer,Education / awareness,True,True,True
10159426078271714,U10,2023,Swedish,Environmental sustainability / waste / recycling / biodiversity,Instruction / advice to public,Routine / institutional / customer service / other,Institutional promotion / community news,False,False,False
683925131747328,U05,2015,German,Routine / institutional / customer service / other,Institutional promotion / community news,Water quality / safety / public health,Institutional promotion / community news,False,True,False
380723051951347,U03,2012,Portuguese,Water quality / safety / public health,Institutional promotion / community news,Water quality / safety / public health,Instruction / advice to public,True,False,False
4900487319973628,U07,2022,Dutch,Water conservation / drought / demand management,Education / awareness,Water conservation / drought / demand management,Education / awareness,True,True,True
10159436680441714,U10,2023,Swedish,Environmental sustainability / waste / recycling / biodiversity,Instruction / advice to public,Environmental sustainability / waste / recycling / biodiversity,Instruction / advice to public,True,True,True
265942050136045,U03,2012,Portuguese,Routine / institutional / customer service / other,Education / awareness,Routine / institutional / customer service / other,Education / awareness,True,True,True
1665151060175200,U03,2017,Portuguese,Water quality / safety / public health,Education / awareness,Water quality / safety / public health,Institutional promotion / community news,True,False,False
4862571073766500,U03,2021,Portuguese,Public education / heritage / community engagement,Education / awareness,Public education / heritage / community engagement,Education / awareness,True,True,True
974504722626222,U01,2016,Finnish,Public education / heritage / community engagement,Institutional promotion / community news,Environmental sustainability / waste / recycling / biodiversity,Institutional promotion / community news,False,True,False
2435867936726581,U12,2020,Finnish,Routine / institutional / customer service / other,Institutional promotion / community news,Routine / institutional / customer service / other,Institutional promotion / community news,True,True,True
2035387593204591,U01,2018,Finnish,Routine / institutional / customer service / other,Institutional promotion / community news,Routine / institutional / customer service / other,Instruction / advice to public,True,False,False
957972586347997,U02,2024,German,Flood / stormwater / wastewater / sewer,Education / awareness,Flood / stormwater / wastewater / sewer,Education / awareness,True,True,True
1977912535695150,U02,2021,German,Water conservation / drought / demand management,Education / awareness,Water conservation / drought / demand management,Education / awareness,True,True,True
1365244490218908,U01,2017,Finnish,Routine / institutional / customer service / other,Institutional promotion / community news,Service disruption / repair / infrastructure,Operational update / resolution,False,False,False
1133257811927603,U09,2025,Italian,Service disruption / repair / infrastructure,Alert / warning,Service disruption / repair / infrastructure,Alert / warning,True,True,True
668792456477737,U03,2013,Portuguese,Routine / institutional / customer service / other,Other / unclear,Routine / institutional / customer service / other,Institutional promotion / community news,True,False,False
1369219444551089,U07,2025,Dutch,Routine / institutional / customer service / other,Alert / warning,Routine / institutional / customer service / other,Institutional promotion / community news,True,False,False
5207118832645054,U03,2022,Portuguese,Public education / heritage / community engagement,Institutional promotion / community news,Public education / heritage / community engagement,Institutional promotion / community news,True,True,True
2631779320232079,U01,2019,Finnish,Routine / institutional / customer service / other,Institutional promotion / community news,Service disruption / repair / infrastructure,Reassurance / safety information,False,False,False
10156060161331714,U10,2019,Swedish,Public education / heritage / community engagement,Education / awareness,Environmental sustainability / waste / recycling / biodiversity,Education / awareness,False,True,False
215134458510208,U03,2011,Portuguese,Service disruption / repair / infrastructure,Alert / warning,Service disruption / repair / infrastructure,Operational update / resolution,True,False,False
1432373350172688,U01,2017,Finnish,Water quality / safety / public health,Alert / warning,Water quality / safety / public health,Reassurance / safety information,True,False,False
677177115639271,U03,2013,Portuguese,Public education / heritage / community engagement,Education / awareness,Public education / heritage / community engagement,Education / awareness,True,True,True
968062856550694,U03,2015,Portuguese,Routine / institutional / customer service / other,Institutional promotion / community news,Water quality / safety / public health,Education / awareness,False,False,False
586629698027347,U03,2013,Portuguese,Environmental sustainability / waste / recycling / biodiversity,Education / awareness,Environmental sustainability / waste / recycling / biodiversity,Education / awareness,True,True,True
1330081283682181,U03,2016,Portuguese,Public education / heritage / community engagement,Education / awareness,Service disruption / repair / infrastructure,Education / awareness,False,True,False
3980253792051285,U01,2021,Finnish,Flood / stormwater / wastewater / sewer,Education / awareness,Flood / stormwater / wastewater / sewer,Education / awareness,True,True,True
4826559660700975,U03,2021,Portuguese,Public education / heritage / community engagement,Education / awareness,Public education / heritage / community engagement,Education / awareness,True,True,True
2589562827787062,U01,2019,Finnish,Public education / heritage / community engagement,Institutional promotion / community news,Environmental sustainability / waste / recycling / biodiversity,Institutional promotion / community news,False,True,False
1431870146866949,U04,2017,Norwegian,Routine / institutional / customer service / other,Institutional promotion / community news,Routine / institutional / customer service / other,Institutional promotion / community news,True,True,True
1481151641908477,U03,2017,Portuguese,Public education / heritage / community engagement,Institutional promotion / community news,Environmental sustainability / waste / recycling / biodiversity,Institutional promotion / community news,False,True,False
1334357388037295,U07,2025,Dutch,Routine / institutional / customer service / other,Institutional promotion / community news,Routine / institutional / customer service / other,Institutional promotion / community news,True,True,True
342602789096707,U03,2012,Portuguese,Routine / institutional / customer service / other,Education / awareness,Water quality / safety / public health,Education / awareness,False,True,False
5999935266696736,U03,2022,Portuguese,Routine / institutional / customer service / other,Institutional promotion / community news,Water conservation / drought / demand management,Education / awareness,False,False,False
1228968171909551,U07,2024,Dutch,Routine / institutional / customer service / other,Institutional promotion / community news,Water quality / safety / public health,Education / awareness,False,False,False
1370372778216104,U09,2025,Italian,Public education / heritage / community engagement,Education / awareness,Public education / heritage / community engagement,Education / awareness,True,True,True
1049853163601402,U09,2024,Italian,Service disruption / repair / infrastructure,Alert / warning,Service disruption / repair / infrastructure,Alert / warning,True,True,True
1375137825843193,U03,2017,Portuguese,Environmental sustainability / waste / recycling / biodiversity,Instruction / advice to public,Environmental sustainability / waste / recycling / biodiversity,Instruction / advice to public,True,True,True
4458417197515225,U03,2021,Portuguese,Water conservation / drought / demand management,Education / awareness,Water conservation / drought / demand management,Education / awareness,True,True,True
1357032026425481,U10,2025,Swedish,Routine / institutional / customer service / other,Education / awareness,Water quality / safety / public health,Instruction / advice to public,False,False,False
798270773993919,U09,2020,Italian,Routine / institutional / customer service / other,Institutional promotion / community news,Flood / stormwater / wastewater / sewer,Alert / warning,False,False,False
10156060877596714,U10,2019,Swedish,Routine / institutional / customer service / other,Institutional promotion / community news,Environmental sustainability / waste / recycling / biodiversity,Education / awareness,False,False,False
2424193117657368,U01,2019,Finnish,Routine / institutional / customer service / other,Institutional promotion / community news,Service disruption / repair / infrastructure,Reassurance / safety information,False,False,False
2775791369400901,U12,2021,Finnish,Routine / institutional / customer service / other,Institutional promotion / community news,Routine / institutional / customer service / other,Institutional promotion / community news,True,True,True
1223305148096224,U11,2021,Finnish,Service disruption / repair / infrastructure,Institutional promotion / community news,Routine / institutional / customer service / other,Institutional promotion / community news,False,True,False
10150888137301714,U10,2012,Swedish,Flood / stormwater / wastewater / sewer,Institutional promotion / community news,Flood / stormwater / wastewater / sewer,Education / awareness,True,False,False
2854189071324435,U01,2020,Finnish,Routine / institutional / customer service / other,Operational update / resolution,Routine / institutional / customer service / other,Operational update / resolution,True,True,True
1031597702318818,U02,2024,German,Flood / stormwater / wastewater / sewer,Instruction / advice to public,Flood / stormwater / wastewater / sewer,Reassurance / safety information,True,False,False
1011153090357728,U07,2024,Dutch,Routine / institutional / customer service / other,Institutional promotion / community news,Routine / institutional / customer service / other,Institutional promotion / community news,True,True,True
10202943327240608,U01,2014,Finnish,Routine / institutional / customer service / other,Institutional promotion / community news,Public education / heritage / community engagement,Institutional promotion / community news,False,True,False
10159216619509268,U08,2020,French,Routine / institutional / customer service / other,Education / awareness,Public education / heritage / community engagement,Education / awareness,False,True,False
866285285542503,U03,2024,Portuguese,Routine / institutional / customer service / other,Institutional promotion / community news,Routine / institutional / customer service / other,Institutional promotion / community news,True,True,True
923514866486211,U03,2024,Portuguese,Routine / institutional / customer service / other,Institutional promotion / community news,Routine / institutional / customer service / other,Institutional promotion / community news,True,True,True
1957324837753920,U02,2021,German,Water conservation / drought / demand management,Education / awareness,Water conservation / drought / demand management,Education / awareness,True,True,True
10159981541074268,U08,2022,French,Routine / institutional / customer service / other,Institutional promotion / community news,Public education / heritage / community engagement,Institutional promotion / community news,False,True,False
853950288015000,U01,2015,Finnish,Environmental sustainability / waste / recycling / biodiversity,Institutional promotion / community news,Environmental sustainability / waste / recycling / biodiversity,Instruction / advice to public,True,False,False
10159246793629268,U08,2021,French,Routine / institutional / customer service / other,Education / awareness,Public education / heritage / community engagement,Education / awareness,False,True,False
1341542989202677,U03,2016,Portuguese,Water conservation / drought / demand management,Institutional promotion / community news,Water conservation / drought / demand management,Institutional promotion / community news,True,True,True
1065891396897273,U02,2018,German,Routine / institutional / customer service / other,Institutional promotion / community news,Routine / institutional / customer service / other,Institutional promotion / community news,True,True,True
978151444313543,U10,2024,Swedish,Water conservation / drought / demand management,Instruction / advice to public,Water conservation / drought / demand management,Instruction / advice to public,True,True,True
260970657331765,U03,2012,Portuguese,Public education / heritage / community engagement,Education / awareness,Water conservation / drought / demand management,Education / awareness,False,True,False
5280575868632683,U03,2022,Portuguese,Public education / heritage / community engagement,Education / awareness,Environmental sustainability / waste / recycling / biodiversity,Education / awareness,False,True,False
1149816005095092,U01,2016,Finnish,Routine / institutional / customer service / other,Institutional promotion / community news,Routine / institutional / customer service / other,Institutional promotion / community news,True,True,True
1004613181458734,U09,2024,Italian,Service disruption / repair / infrastructure,Alert / warning,Service disruption / repair / infrastructure,Alert / warning,True,True,True
1173503702802708,U02,2018,German,Routine / institutional / customer service / other,Education / awareness,Routine / institutional / customer service / other,Education / awareness,True,True,True
3961821783894486,U01,2021,Finnish,Routine / institutional / customer service / other,Institutional promotion / community news,Routine / institutional / customer service / other,Institutional promotion / community news,True,True,True
1712987272187679,U02,2020,German,Water quality / safety / public health,Education / awareness,Water quality / safety / public health,Education / awareness,True,True,True
837663531712237,U02,2024,German,Routine / institutional / customer service / other,Education / awareness,Flood / stormwater / wastewater / sewer,Education / awareness,False,True,False
3610466208976999,U03,2020,Portuguese,Routine / institutional / customer service / other,Institutional promotion / community news,Routine / institutional / customer service / other,Education / awareness,True,False,False
721692107884760,U04,2014,Norwegian,Routine / institutional / customer service / other,Institutional promotion / community news,Public education / heritage / community engagement,Institutional promotion / community news,False,True,False
4276130089077271,U03,2021,Portuguese,Environmental sustainability / waste / recycling / biodiversity,Institutional promotion / community news,Environmental sustainability / waste / recycling / biodiversity,Institutional promotion / community news,True,True,True
1115260540602632,U10,2024,Swedish,Water quality / safety / public health,Institutional promotion / community news,Water quality / safety / public health,Alert / warning,True,False,False
586414436856054,U01,2023,Finnish,Routine / institutional / customer service / other,Institutional promotion / community news,Service disruption / repair / infrastructure,Institutional promotion / community news,False,True,False
1304442343042176,U02,2019,German,Routine / institutional / customer service / other,Institutional promotion / community news,Routine / institutional / customer service / other,Institutional promotion / community news,True,True,True
486692085151791,U09,2018,Italian,Service disruption / repair / infrastructure,Alert / warning,Water quality / safety / public health,Alert / warning,False,True,False
5059728594049499,U07,2022,Dutch,Routine / institutional / customer service / other,Institutional promotion / community news,Routine / institutional / customer service / other,Education / awareness,True,False,False
1027141730642806,U03,2015,Portuguese,Routine / institutional / customer service / other,Institutional promotion / community news,Public education / heritage / community engagement,Education / awareness,False,False,False
938086005015398,U08,2024,French,Routine / institutional / customer service / other,Education / awareness,Public education / heritage / community engagement,Education / awareness,False,True,False
952051461538215,U01,2016,Finnish,Environmental sustainability / waste / recycling / biodiversity,Institutional promotion / community news,Environmental sustainability / waste / recycling / biodiversity,Instruction / advice to public,True,False,False
1298966456923098,U02,2019,German,Routine / institutional / customer service / other,Institutional promotion / community news,Routine / institutional / customer service / other,Institutional promotion / community news,True,True,True
2351798514896829,U01,2019,Finnish,Environmental sustainability / waste / recycling / biodiversity,Education / awareness,Environmental sustainability / waste / recycling / biodiversity,Instruction / advice to public,True,False,False
1541153719294650,U01,2017,Finnish,Environmental sustainability / waste / recycling / biodiversity,Institutional promotion / community news,Environmental sustainability / waste / recycling / biodiversity,Instruction / advice to public,True,False,False
10156813955059268,U08,2018,French,Routine / institutional / customer service / other,Education / awareness,Water quality / safety / public health,Education / awareness,False,True,False
4161359227221025,U03,2021,Portuguese,Public education / heritage / community engagement,Education / awareness,Water conservation / drought / demand management,Education / awareness,False,True,False
10158054270109268,U08,2019,French,Routine / institutional / customer service / other,Institutional promotion / community news,Routine / institutional / customer service / other,Institutional promotion / community news,True,True,True
3492904094119593,U01,2020,Finnish,Water conservation / drought / demand management,Education / awareness,Water conservation / drought / demand management,Education / awareness,True,True,True
5943519475671649,U03,2022,Portuguese,Routine / institutional / customer service / other,Institutional promotion / community news,Routine / institutional / customer service / other,Institutional promotion / community news,True,True,True
706982918123472,U04,2023,Norwegian,Flood / stormwater / wastewater / sewer,Education / awareness,Flood / stormwater / wastewater / sewer,Education / awareness,True,True,True
628978702590561,U04,2023,Norwegian,Flood / stormwater / wastewater / sewer,Education / awareness,Flood / stormwater / wastewater / sewer,Education / awareness,True,True,True
1221718339301201,U07,2024,Dutch,Routine / institutional / customer service / other,Institutional promotion / community news,Routine / institutional / customer service / other,Institutional promotion / community news,True,True,True
790795098074820,U09,2020,Italian,Water quality / safety / public health,Reassurance / safety information,Water quality / safety / public health,Reassurance / safety information,True,True,True
1280240110115690,U07,2025,Dutch,Service disruption / repair / infrastructure,Reassurance / safety information,Service disruption / repair / infrastructure,Reassurance / safety information,True,True,True
1293104359276280,U09,2025,Italian,Service disruption / repair / infrastructure,Alert / warning,Service disruption / repair / infrastructure,Alert / warning,True,True,True
243906117918994,U11,2022,Finnish,Flood / stormwater / wastewater / sewer,Education / awareness,Flood / stormwater / wastewater / sewer,Instruction / advice to public,True,False,False
3944572498899700,U03,2021,Portuguese,Routine / institutional / customer service / other,Institutional promotion / community news,Routine / institutional / customer service / other,Institutional promotion / community news,True,True,True
4543008509056093,U03,2021,Portuguese,Routine / institutional / customer service / other,Institutional promotion / community news,Routine / institutional / customer service / other,Institutional promotion / community news,True,True,True
1583040675052906,U03,2017,Portuguese,Routine / institutional / customer service / other,Education / awareness,Flood / stormwater / wastewater / sewer,Education / awareness,False,True,False
667125565458477,U03,2023,Portuguese,Water conservation / drought / demand management,Education / awareness,Water conservation / drought / demand management,Education / awareness,True,True,True
5470902609630329,U04,2022,Norwegian,Routine / institutional / customer service / other,Institutional promotion / community news,Service disruption / repair / infrastructure,Institutional promotion / community news,False,True,False
3298468320175544,U07,2020,Dutch,Routine / institutional / customer service / other,Institutional promotion / community news,Routine / institutional / customer service / other,Institutional promotion / community news,True,True,True
1222789401207471,U02,2019,German,Routine / institutional / customer service / other,Education / awareness,Public education / heritage / community engagement,Education / awareness,False,True,False
4589674107722866,U03,2021,Portuguese,Water quality / safety / public health,Institutional promotion / community news,Water quality / safety / public health,Institutional promotion / community news,True,True,True
2677259775920728,U12,2020,Finnish,Routine / institutional / customer service / other,Institutional promotion / community news,Service disruption / repair / infrastructure,Alert / warning,False,False,False
10155379341481714,U10,2018,Swedish,Environmental sustainability / waste / recycling / biodiversity,Instruction / advice to public,Environmental sustainability / waste / recycling / biodiversity,Instruction / advice to public,True,True,True
1150694767059209,U10,2024,Swedish,Routine / institutional / customer service / other,Institutional promotion / community news,Routine / institutional / customer service / other,Institutional promotion / community news,True,True,True
1104239308406895,U01,2025,Finnish,Flood / stormwater / wastewater / sewer,Education / awareness,Flood / stormwater / wastewater / sewer,Education / awareness,True,True,True
205746101557542,U12,2021,Finnish,Routine / institutional / customer service / other,Education / awareness,Service disruption / repair / infrastructure,Education / awareness,False,True,False
10151495450961240,U04,2013,Norwegian,Water quality / safety / public health,Institutional promotion / community news,Water quality / safety / public health,Institutional promotion / community news,True,True,True
982532571770389,U03,2015,Portuguese,Routine / institutional / customer service / other,Institutional promotion / community news,Public education / heritage / community engagement,Institutional promotion / community news,False,True,False
1518699882936377,U07,2025,Dutch,Routine / institutional / customer service / other,Instruction / advice to public,Service disruption / repair / infrastructure,Instruction / advice to public,False,True,False
683833033089737,U07,2022,Dutch,Water conservation / drought / demand management,Education / awareness,Flood / stormwater / wastewater / sewer,Education / awareness,False,True,False
4086958637994418,U03,2021,Portuguese,Water conservation / drought / demand management,Education / awareness,Water conservation / drought / demand management,Education / awareness,True,True,True
674340204723314,U08,2023,French,Water conservation / drought / demand management,Education / awareness,Water conservation / drought / demand management,Education / awareness,True,True,True
1576774379065917,U01,2018,Finnish,Environmental sustainability / waste / recycling / biodiversity,Instruction / advice to public,Environmental sustainability / waste / recycling / biodiversity,Instruction / advice to public,True,True,True
5916545428369054,U03,2022,Portuguese,Routine / institutional / customer service / other,Institutional promotion / community news,Routine / institutional / customer service / other,Institutional promotion / community news,True,True,True
5357066027680655,U04,2022,Norwegian,Water conservation / drought / demand management,Reassurance / safety information,Water conservation / drought / demand management,Reassurance / safety information,True,True,True
603104276410211,U04,2013,Norwegian,Routine / institutional / customer service / other,Education / awareness,Public education / heritage / community engagement,Education / awareness,False,True,False
1356935114330131,U03,2016,Portuguese,Routine / institutional / customer service / other,Institutional promotion / community news,Routine / institutional / customer service / other,Education / awareness,True,False,False
2375012196145489,U12,2019,Finnish,Routine / institutional / customer service / other,Institutional promotion / community news,Routine / institutional / customer service / other,Institutional promotion / community news,True,True,True
1441865056301151,U09,2022,Italian,Service disruption / repair / infrastructure,Alert / warning,Service disruption / repair / infrastructure,Alert / warning,True,True,True
548314402322892,U09,2019,Italian,Service disruption / repair / infrastructure,Alert / warning,Water quality / safety / public health,Operational update / resolution,False,False,False
10159510418789268,U08,2021,French,Public education / heritage / community engagement,Institutional promotion / community news,Public education / heritage / community engagement,Institutional promotion / community news,True,True,True
578611595612016,U05,2015,German,Routine / institutional / customer service / other,Institutional promotion / community news,Water quality / safety / public health,Institutional promotion / community news,False,True,False
173162749471393,U03,2012,Portuguese,Water conservation / drought / demand management,Education / awareness,Water conservation / drought / demand management,Education / awareness,True,True,True
999990383821956,U09,2021,Italian,Service disruption / repair / infrastructure,Alert / warning,Water quality / safety / public health,Operational update / resolution,False,False,False
1240566016096476,U02,2019,German,Routine / institutional / customer service / other,Instruction / advice to public,Routine / institutional / customer service / other,Instruction / advice to public,True,True,True
1079292645480762,U01,2016,Finnish,Routine / institutional / customer service / other,Education / awareness,Environmental sustainability / waste / recycling / biodiversity,Instruction / advice to public,False,False,False
3034244149985592,U01,2020,Finnish,Public education / heritage / community engagement,Institutional promotion / community news,Public education / heritage / community engagement,Institutional promotion / community news,True,True,True
1338789786143417,U07,2017,Dutch,Routine / institutional / customer service / other,Institutional promotion / community news,Service disruption / repair / infrastructure,Instruction / advice to public,False,False,False
4129069273836402,U01,2021,Finnish,Environmental sustainability / waste / recycling / biodiversity,Instruction / advice to public,Environmental sustainability / waste / recycling / biodiversity,Instruction / advice to public,True,True,True
10158542118116714,U10,2022,Swedish,Water conservation / drought / demand management,Education / awareness,Water conservation / drought / demand management,Instruction / advice to public,True,False,False
4346294602113867,U01,2021,Finnish,Environmental sustainability / waste / recycling / biodiversity,Education / awareness,Environmental sustainability / waste / recycling / biodiversity,Education / awareness,True,True,True
888363567907005,U01,2015,Finnish,Flood / stormwater / wastewater / sewer,Education / awareness,Flood / stormwater / wastewater / sewer,Education / awareness,True,True,True
5201518799871724,U03,2022,Portuguese,Routine / institutional / customer service / other,Education / awareness,Water quality / safety / public health,Education / awareness,False,True,False
10155827716504268,U08,2017,French,Environmental sustainability / waste / recycling / biodiversity,Education / awareness,Water quality / safety / public health,Instruction / advice to public,False,False,False
2314250591931907,U03,2019,Portuguese,Routine / institutional / customer service / other,Institutional promotion / community news,Flood / stormwater / wastewater / sewer,Education / awareness,False,False,False
5009961429080511,U01,2022,Finnish,Service disruption / repair / infrastructure,Instruction / advice to public,Routine / institutional / customer service / other,Instruction / advice to public,False,True,False
2188287134581302,U01,2019,Finnish,Environmental sustainability / waste / recycling / biodiversity,Instruction / advice to public,Environmental sustainability / waste / recycling / biodiversity,Instruction / advice to public,True,True,True
10158133015239268,U08,2019,French,Routine / institutional / customer service / other,Institutional promotion / community news,Routine / institutional / customer service / other,Institutional promotion / community news,True,True,True
1278997945457182,U03,2016,Portuguese,Routine / institutional / customer service / other,Institutional promotion / community news,Routine / institutional / customer service / other,Institutional promotion / community news,True,True,True
1960404113983225,U03,2018,Portuguese,Routine / institutional / customer service / other,Institutional promotion / community news,Routine / institutional / customer service / other,Institutional promotion / community news,True,True,True
270874579602862,U03,2011,Portuguese,Service disruption / repair / infrastructure,Instruction / advice to public,Service disruption / repair / infrastructure,Operational update / resolution,True,False,False
688309694526013,U03,2013,Portuguese,Public education / heritage / community engagement,Institutional promotion / community news,Public education / heritage / community engagement,Institutional promotion / community news,True,True,True
2168038153219819,U03,2018,Portuguese,Routine / institutional / customer service / other,Institutional promotion / community news,Routine / institutional / customer service / other,Institutional promotion / community news,True,True,True
980489684116736,U05,2024,German,Flood / stormwater / wastewater / sewer,Education / awareness,Flood / stormwater / wastewater / sewer,Institutional promotion / community news,True,False,False
672224456134537,U03,2013,Portuguese,Routine / institutional / customer service / other,Institutional promotion / community news,Routine / institutional / customer service / other,Institutional promotion / community news,True,True,True
5497875843622398,U01,2022,Finnish,Routine / institutional / customer service / other,Institutional promotion / community news,Routine / institutional / customer service / other,Institutional promotion / community news,True,True,True
5793236014033330,U03,2022,Portuguese,Routine / institutional / customer service / other,Institutional promotion / community news,Routine / institutional / customer service / other,Institutional promotion / community news,True,True,True
1348707383715977,U09,2025,Italian,Service disruption / repair / infrastructure,Alert / warning,Service disruption / repair / infrastructure,Alert / warning,True,True,True
4578063912270267,U01,2021,Finnish,Flood / stormwater / wastewater / sewer,Instruction / advice to public,Flood / stormwater / wastewater / sewer,Instruction / advice to public,True,True,True
480000215387285,U04,2013,Norwegian,Flood / stormwater / wastewater / sewer,Education / awareness,Flood / stormwater / wastewater / sewer,Education / awareness,True,True,True
962979687112059,U01,2016,Finnish,Routine / institutional / customer service / other,Institutional promotion / community news,Routine / institutional / customer service / other,Institutional promotion / community news,True,True,True
2138385473141497,U12,2019,Finnish,Public education / heritage / community engagement,Institutional promotion / community news,Environmental sustainability / waste / recycling / biodiversity,Institutional promotion / community news,False,True,False
721182796693645,U02,2023,German,Flood / stormwater / wastewater / sewer,Education / awareness,Flood / stormwater / wastewater / sewer,Education / awareness,True,True,True
2064210553892323,U12,2018,Finnish,Routine / institutional / customer service / other,Institutional promotion / community news,Flood / stormwater / wastewater / sewer,Education / awareness,False,False,False
1520438598109215,U02,2020,German,Routine / institutional / customer service / other,Institutional promotion / community news,Routine / institutional / customer service / other,Institutional promotion / community news,True,True,True
1319332706862080,U10,2025,Swedish,Routine / institutional / customer service / other,Education / awareness,Public education / heritage / community engagement,Education / awareness,False,True,False
4064128370276198,U07,2021,Dutch,Routine / institutional / customer service / other,Institutional promotion / community news,Routine / institutional / customer service / other,Institutional promotion / community news,True,True,True
775998399090475,U03,2014,Portuguese,Routine / institutional / customer service / other,Institutional promotion / community news,Routine / institutional / customer service / other,Institutional promotion / community news,True,True,True
850649588292022,U03,2014,Portuguese,Routine / institutional / customer service / other,Institutional promotion / community news,Routine / institutional / customer service / other,Institutional promotion / community news,True,True,True
4269294756427471,U03,2021,Portuguese,Water conservation / drought / demand management,Instruction / advice to public,Water conservation / drought / demand management,Instruction / advice to public,True,True,True
1333651402132350,U01,2026,Finnish,Public education / heritage / community engagement,Institutional promotion / community news,Flood / stormwater / wastewater / sewer,Institutional promotion / community news,False,True,False
1589356781141010,U01,2018,Finnish,Routine / institutional / customer service / other,Institutional promotion / community news,Environmental sustainability / waste / recycling / biodiversity,Instruction / advice to public,False,False,False
1208963575923387,U02,2019,German,Flood / stormwater / wastewater / sewer,Institutional promotion / community news,Flood / stormwater / wastewater / sewer,Institutional promotion / community news,True,True,True
1621971527955921,U02,2020,German,Routine / institutional / customer service / other,Institutional promotion / community news,Flood / stormwater / wastewater / sewer,Education / awareness,False,False,False
3881750585234940,U01,2021,Finnish,Flood / stormwater / wastewater / sewer,Education / awareness,Flood / stormwater / wastewater / sewer,Instruction / advice to public,True,False,False
1843135745710063,U03,2018,Portuguese,Public education / heritage / community engagement,Institutional promotion / community news,Public education / heritage / community engagement,Institutional promotion / community news,True,True,True
1650360561654250,U03,2017,Portuguese,Routine / institutional / customer service / other,Institutional promotion / community news,Routine / institutional / customer service / other,Institutional promotion / community news,True,True,True
4312079128815700,U03,2021,Portuguese,Routine / institutional / customer service / other,Institutional promotion / community news,Public education / heritage / community engagement,Institutional promotion / community news,False,True,False
1187629325058060,U09,2021,Italian,Service disruption / repair / infrastructure,Alert / warning,Service disruption / repair / infrastructure,Alert / warning,True,True,True
10160402524304268,U08,2022,French,Public education / heritage / community engagement,Institutional promotion / community news,Environmental sustainability / waste / recycling / biodiversity,Institutional promotion / community news,False,True,False
1544339266053729,U09,2023,Italian,Service disruption / repair / infrastructure,Alert / warning,Service disruption / repair / infrastructure,Alert / warning,True,True,True
1039792142827290,U05,2017,German,Public education / heritage / community engagement,Institutional promotion / community news,Public education / heritage / community engagement,Institutional promotion / community news,True,True,True
3061629217224359,U04,2020,Norwegian,Flood / stormwater / wastewater / sewer,Education / awareness,Flood / stormwater / wastewater / sewer,Education / awareness,True,True,True
1330187620467648,U02,2019,German,Routine / institutional / customer service / other,Institutional promotion / community news,Routine / institutional / customer service / other,Institutional promotion / community news,True,True,True
668175335346630,U01,2023,Finnish,Routine / institutional / customer service / other,Institutional promotion / community news,Service disruption / repair / infrastructure,Institutional promotion / community news,False,True,False
1155140801640246,U09,2021,Italian,Service disruption / repair / infrastructure,Alert / warning,Water quality / safety / public health,Operational update / resolution,False,False,False
10158863584539268,U08,2020,French,Public education / heritage / community engagement,Institutional promotion / community news,Environmental sustainability / waste / recycling / biodiversity,Institutional promotion / community news,False,True,False
732887405543633,U05,2023,German,Flood / stormwater / wastewater / sewer,Alert / warning,Flood / stormwater / wastewater / sewer,Alert / warning,True,True,True
10160859989469268,U08,2023,French,Routine / institutional / customer service / other,Institutional promotion / community news,Routine / institutional / customer service / other,Reassurance / safety information,True,False,False
1072403431590483,U01,2025,Finnish,Flood / stormwater / wastewater / sewer,Instruction / advice to public,Flood / stormwater / wastewater / sewer,Instruction / advice to public,True,True,True
1715852301802064,U04,2018,Norwegian,Environmental sustainability / waste / recycling / biodiversity,Institutional promotion / community news,Environmental sustainability / waste / recycling / biodiversity,Institutional promotion / community news,True,True,True
10158006658626714,U10,2021,Swedish,Water conservation / drought / demand management,Education / awareness,Water conservation / drought / demand management,Education / awareness,True,True,True
10155768618906714,U10,2018,Swedish,Environmental sustainability / waste / recycling / biodiversity,Education / awareness,Environmental sustainability / waste / recycling / biodiversity,Education / awareness,True,True,True
420824447941207,U03,2012,Portuguese,Service disruption / repair / infrastructure,Education / awareness,Service disruption / repair / infrastructure,Education / awareness,True,True,True
1552136601940662,U09,2023,Italian,Service disruption / repair / infrastructure,Alert / warning,Service disruption / repair / infrastructure,Alert / warning,True,True,True
5615559691800964,U03,2022,Portuguese,Water conservation / drought / demand management,Alert / warning,Water conservation / drought / demand management,Alert / warning,True,True,True
4360983440591935,U03,2021,Portuguese,Water conservation / drought / demand management,Education / awareness,Water conservation / drought / demand management,Operational update / resolution,True,False,False
792773869309334,U09,2023,Italian,Service disruption / repair / infrastructure,Alert / warning,Service disruption / repair / infrastructure,Alert / warning,True,True,True
661308067279224,U01,2014,Finnish,Routine / institutional / customer service / other,Institutional promotion / community news,Water conservation / drought / demand management,Instruction / advice to public,False,False,False
759859569656977,U11,2024,Finnish,Routine / institutional / customer service / other,Institutional promotion / community news,Routine / institutional / customer service / other,Instruction / advice to public,True,False,False
5402654949758107,U03,2022,Portuguese,Public education / heritage / community engagement,Institutional promotion / community news,Public education / heritage / community engagement,Institutional promotion / community news,True,True,True
3615175941892407,U01,2021,Finnish,Environmental sustainability / waste / recycling / biodiversity,Instruction / advice to public,Environmental sustainability / waste / recycling / biodiversity,Instruction / advice to public,True,True,True
3153403768046903,U04,2020,Norwegian,Flood / stormwater / wastewater / sewer,Alert / warning,Flood / stormwater / wastewater / sewer,Alert / warning,True,True,True
5270154339705158,U04,2022,Norwegian,Flood / stormwater / wastewater / sewer,Education / awareness,Flood / stormwater / wastewater / sewer,Reassurance / safety information,True,False,False
3428048457271824,U01,2020,Finnish,Environmental sustainability / waste / recycling / biodiversity,Instruction / advice to public,Environmental sustainability / waste / recycling / biodiversity,Instruction / advice to public,True,True,True
910498612423311,U05,2017,German,Flood / stormwater / wastewater / sewer,Education / awareness,Flood / stormwater / wastewater / sewer,Education / awareness,True,True,True
610412125679426,U04,2014,Norwegian,Flood / stormwater / wastewater / sewer,Education / awareness,Flood / stormwater / wastewater / sewer,Education / awareness,True,True,True
2095868067103495,U03,2018,Portuguese,Routine / institutional / customer service / other,Institutional promotion / community news,Public education / heritage / community engagement,Institutional promotion / community news,False,True,False
143068152493698,U03,2012,Portuguese,Public education / heritage / community engagement,Institutional promotion / community news,Water conservation / drought / demand management,Institutional promotion / community news,False,True,False
1627166687423163,U05,2019,German,Routine / institutional / customer service / other,Institutional promotion / community news,Routine / institutional / customer service / other,Institutional promotion / community news,True,True,True
1215497445604581,U09,2021,Italian,Service disruption / repair / infrastructure,Alert / warning,Service disruption / repair / infrastructure,Alert / warning,True,True,True
999736770103017,U01,2016,Finnish,Environmental sustainability / waste / recycling / biodiversity,Institutional promotion / community news,Environmental sustainability / waste / recycling / biodiversity,Institutional promotion / community news,True,True,True
753810291362334,U01,2014,Finnish,Environmental sustainability / waste / recycling / biodiversity,Instruction / advice to public,Environmental sustainability / waste / recycling / biodiversity,Instruction / advice to public,True,True,True
5309843662402892,U04,2022,Norwegian,Water conservation / drought / demand management,Education / awareness,Water conservation / drought / demand management,Education / awareness,True,True,True
10158662691764268,U08,2020,French,Water conservation / drought / demand management,Education / awareness,Water conservation / drought / demand management,Education / awareness,True,True,True
1718509131635493,U02,2020,German,Routine / institutional / customer service / other,Education / awareness,Water quality / safety / public health,Education / awareness,False,True,False
1138446632845648,U03,2016,Portuguese,Routine / institutional / customer service / other,Education / awareness,Water quality / safety / public health,Instruction / advice to public,False,False,False
654644631278901,U01,2014,Finnish,Routine / institutional / customer service / other,Institutional promotion / community news,Environmental sustainability / waste / recycling / biodiversity,Instruction / advice to public,False,False,False
1180695863403449,U07,2024,Dutch,Service disruption / repair / infrastructure,Operational update / resolution,Service disruption / repair / infrastructure,Reassurance / safety information,True,False,False
288805144476472,U03,2011,Portuguese,Environmental sustainability / waste / recycling / biodiversity,Education / awareness,Environmental sustainability / waste / recycling / biodiversity,Education / awareness,True,True,True
10158688124886714,U10,2022,Swedish,Water quality / safety / public health,Education / awareness,Water quality / safety / public health,Education / awareness,True,True,True
290390734317913,U03,2011,Portuguese,Service disruption / repair / infrastructure,Alert / warning,Service disruption / repair / infrastructure,Operational update / resolution,True,False,False
2525293867524566,U04,2019,Norwegian,Routine / institutional / customer service / other,Institutional promotion / community news,Water quality / safety / public health,Education / awareness,False,False,False
1179064019247924,U09,2021,Italian,Service disruption / repair / infrastructure,Alert / warning,Service disruption / repair / infrastructure,Alert / warning,True,True,True
2188473264625833,U05,2021,German,Flood / stormwater / wastewater / sewer,Operational update / resolution,Flood / stormwater / wastewater / sewer,Operational update / resolution,True,True,True
1305475209605556,U02,2019,German,Routine / institutional / customer service / other,Education / awareness,Flood / stormwater / wastewater / sewer,Education / awareness,False,True,False
1451619395325717,U09,2022,Italian,Public education / heritage / community engagement,Institutional promotion / community news,Public education / heritage / community engagement,Institutional promotion / community news,True,True,True
3391335960943074,U01,2020,Finnish,Environmental sustainability / waste / recycling / biodiversity,Instruction / advice to public,Environmental sustainability / waste / recycling / biodiversity,Instruction / advice to public,True,True,True
454384088034768,U05,2014,German,Flood / stormwater / wastewater / sewer,Education / awareness,Flood / stormwater / wastewater / sewer,Education / awareness,True,True,True
2703427166637322,U12,2020,Finnish,Public education / heritage / community engagement,Education / awareness,Public education / heritage / community engagement,Education / awareness,True,True,True
893135917376722,U03,2015,Portuguese,Routine / institutional / customer service / other,Institutional promotion / community news,Routine / institutional / customer service / other,Institutional promotion / community news,True,True,True
1471551299588226,U01,2017,Finnish,Environmental sustainability / waste / recycling / biodiversity,Education / awareness,Environmental sustainability / waste / recycling / biodiversity,Operational update / resolution,True,False,False
937892188130834,U09,2024,Italian,Service disruption / repair / infrastructure,Alert / warning,Water quality / safety / public health,Alert / warning,False,True,False
966194440070869,U03,2015,Portuguese,Public education / heritage / community engagement,Institutional promotion / community news,Water quality / safety / public health,Institutional promotion / community news,False,True,False
976415342435160,U01,2016,Finnish,Public education / heritage / community engagement,Institutional promotion / community news,Public education / heritage / community engagement,Institutional promotion / community news,True,True,True
10158642098426714,U10,2022,Swedish,Environmental sustainability / waste / recycling / biodiversity,Instruction / advice to public,Environmental sustainability / waste / recycling / biodiversity,Instruction / advice to public,True,True,True
886730894736939,U01,2015,Finnish,Routine / institutional / customer service / other,Institutional promotion / community news,Routine / institutional / customer service / other,Institutional promotion / community news,True,True,True
488741723289993,U01,2022,Finnish,Service disruption / repair / infrastructure,Instruction / advice to public,Service disruption / repair / infrastructure,Instruction / advice to public,True,True,True
2550755298281434,U03,2019,Portuguese,Routine / institutional / customer service / other,Institutional promotion / community news,Service disruption / repair / infrastructure,Institutional promotion / community news,False,True,False
740430162647299,U03,2014,Portuguese,Water conservation / drought / demand management,Education / awareness,Water conservation / drought / demand management,Education / awareness,True,True,True
839375411527938,U12,2023,Finnish,Water quality / safety / public health,Institutional promotion / community news,Water quality / safety / public health,Institutional promotion / community news,True,True,True
842060435817604,U03,2014,Portuguese,Water conservation / drought / demand management,Education / awareness,Water conservation / drought / demand management,Education / awareness,True,True,True
2646695928740418,U01,2019,Finnish,Environmental sustainability / waste / recycling / biodiversity,Instruction / advice to public,Environmental sustainability / waste / recycling / biodiversity,Instruction / advice to public,True,True,True
238727909555004,U03,2012,Portuguese,Water conservation / drought / demand management,Education / awareness,Water conservation / drought / demand management,Education / awareness,True,True,True
1449097821780526,U03,2017,Portuguese,Public education / heritage / community engagement,Institutional promotion / community news,Service disruption / repair / infrastructure,Institutional promotion / community news,False,True,False
10153675246554268,U08,2015,French,Routine / institutional / customer service / other,Institutional promotion / community news,Flood / stormwater / wastewater / sewer,Education / awareness,False,False,False
1033756083778719,U09,2021,Italian,Service disruption / repair / infrastructure,Alert / warning,Water quality / safety / public health,Operational update / resolution,False,False,False
10155026134806714,U10,2018,Swedish,Environmental sustainability / waste / recycling / biodiversity,Instruction / advice to public,Environmental sustainability / waste / recycling / biodiversity,Instruction / advice to public,True,True,True
1577724575584516,U03,2017,Portuguese,Routine / institutional / customer service / other,Institutional promotion / community news,Routine / institutional / customer service / other,Institutional promotion / community news,True,True,True
336716933018626,U03,2012,Portuguese,Service disruption / repair / infrastructure,Alert / warning,Service disruption / repair / infrastructure,Operational update / resolution,True,False,False
1117467345059769,U05,2018,German,Routine / institutional / customer service / other,Institutional promotion / community news,Routine / institutional / customer service / other,Education / awareness,True,False,False
10159695935094268,U08,2021,French,Public education / heritage / community engagement,Institutional promotion / community news,Water conservation / drought / demand management,Institutional promotion / community news,False,True,False
724800277543621,U03,2014,Portuguese,Water quality / safety / public health,Instruction / advice to public,Water quality / safety / public health,Instruction / advice to public,True,True,True
4256269537729993,U03,2021,Portuguese,Environmental sustainability / waste / recycling / biodiversity,Institutional promotion / community news,Environmental sustainability / waste / recycling / biodiversity,Institutional promotion / community news,True,True,True
2256061097867049,U05,2021,German,Flood / stormwater / wastewater / sewer,Education / awareness,Flood / stormwater / wastewater / sewer,Education / awareness,True,True,True
637069062983410,U03,2013,Portuguese,Water quality / safety / public health,Instruction / advice to public,Water quality / safety / public health,Institutional promotion / community news,True,False,False
642754854546279,U04,2023,Norwegian,Routine / institutional / customer service / other,Institutional promotion / community news,Flood / stormwater / wastewater / sewer,Institutional promotion / community news,False,True,False
1221482978339361,U09,2022,Italian,Service disruption / repair / infrastructure,Alert / warning,Service disruption / repair / infrastructure,Alert / warning,True,True,True
1826289554190783,U02,2020,German,Routine / institutional / customer service / other,Institutional promotion / community news,Flood / stormwater / wastewater / sewer,Alert / warning,False,False,False
4223298684360412,U03,2021,Portuguese,Public education / heritage / community engagement,Education / awareness,Public education / heritage / community engagement,Education / awareness,True,True,True
3048261685227779,U04,2020,Norwegian,Flood / stormwater / wastewater / sewer,Education / awareness,Flood / stormwater / wastewater / sewer,Education / awareness,True,True,True
2378535999126442,U12,2019,Finnish,Routine / institutional / customer service / other,Institutional promotion / community news,Routine / institutional / customer service / other,Institutional promotion / community news,True,True,True
4440526709357322,U01,2021,Finnish,Environmental sustainability / waste / recycling / biodiversity,Education / awareness,Environmental sustainability / waste / recycling / biodiversity,Institutional promotion / community news,True,False,False
1865371853539500,U01,2018,Finnish,Public education / heritage / community engagement,Institutional promotion / community news,Environmental sustainability / waste / recycling / biodiversity,Institutional promotion / community news,False,True,False
714620071894975,U03,2014,Portuguese,Routine / institutional / customer service / other,Institutional promotion / community news,Routine / institutional / customer service / other,Institutional promotion / community news,True,True,True
1035143519972061,U02,2018,German,Public education / heritage / community engagement,Institutional promotion / community news,Public education / heritage / community engagement,Education / awareness,True,False,False
1970694286577284,U12,2018,Finnish,Water quality / safety / public health,Instruction / advice to public,Water quality / safety / public health,Instruction / advice to public,True,True,True
836001193493290,U11,2020,Finnish,Water quality / safety / public health,Education / awareness,Water quality / safety / public health,Education / awareness,True,True,True
591711584185825,U03,2013,Portuguese,Routine / institutional / customer service / other,Institutional promotion / community news,Water conservation / drought / demand management,Instruction / advice to public,False,False,False
2587893057954039,U01,2019,Finnish,Routine / institutional / customer service / other,Institutional promotion / community news,Environmental sustainability / waste / recycling / biodiversity,Education / awareness,False,False,False
1494372667717056,U09,2023,Italian,Service disruption / repair / infrastructure,Alert / warning,Routine / institutional / customer service / other,Operational update / resolution,False,False,False
3269371696419787,U03,2020,Portuguese,Routine / institutional / customer service / other,Instruction / advice to public,Routine / institutional / customer service / other,Instruction / advice to public,True,True,True
4103734122982289,U07,2021,Dutch,Routine / institutional / customer service / other,Education / awareness,Water quality / safety / public health,Education / awareness,False,True,False
963472953729399,U01,2016,Finnish,Routine / institutional / customer service / other,Institutional promotion / community news,Routine / institutional / customer service / other,Institutional promotion / community news,True,True,True
532549406799032,U04,2013,Norwegian,Routine / institutional / customer service / other,Institutional promotion / community news,Water conservation / drought / demand management,Institutional promotion / community news,False,True,False
624196327720209,U05,2015,German,Flood / stormwater / wastewater / sewer,Education / awareness,Flood / stormwater / wastewater / sewer,Education / awareness,True,True,True
4960033910686882,U03,2021,Portuguese,Routine / institutional / customer service / other,Institutional promotion / community news,Routine / institutional / customer service / other,Instruction / advice to public,True,False,False
10159230229336714,U10,2023,Swedish,Water conservation / drought / demand management,Instruction / advice to public,Water conservation / drought / demand management,Instruction / advice to public,True,True,True
918068227024005,U01,2024,Finnish,Water quality / safety / public health,Education / awareness,Water quality / safety / public health,Instruction / advice to public,True,False,False
124899237642240,U03,2012,Portuguese,Routine / institutional / customer service / other,Education / awareness,Routine / institutional / customer service / other,Education / awareness,True,True,True
964406422146077,U09,2024,Italian,Service disruption / repair / infrastructure,Alert / warning,Service disruption / repair / infrastructure,Alert / warning,True,True,True
3889905961086069,U01,2021,Finnish,Flood / stormwater / wastewater / sewer,Education / awareness,Flood / stormwater / wastewater / sewer,Instruction / advice to public,True,False,False
2095832857236450,U02,2021,German,Routine / institutional / customer service / other,Institutional promotion / community news,Service disruption / repair / infrastructure,Education / awareness,False,False,False
10159029150666714,U10,2023,Swedish,Public education / heritage / community engagement,Education / awareness,Routine / institutional / customer service / other,Institutional promotion / community news,False,False,False
511219389365727,U09,2019,Italian,Service disruption / repair / infrastructure,Alert / warning,Water quality / safety / public health,Alert / warning,False,True,False
4293537754003171,U03,2021,Portuguese,Environmental sustainability / waste / recycling / biodiversity,Education / awareness,Water conservation / drought / demand management,Education / awareness,False,True,False
2043465439300168,U12,2018,Finnish,Routine / institutional / customer service / other,Institutional promotion / community news,Water quality / safety / public health,Instruction / advice to public,False,False,False
2064238007222911,U12,2018,Finnish,Routine / institutional / customer service / other,Institutional promotion / community news,Flood / stormwater / wastewater / sewer,Education / awareness,False,False,False
5052747151415557,U03,2022,Portuguese,Routine / institutional / customer service / other,Instruction / advice to public,Public education / heritage / community engagement,Instruction / advice to public,False,True,False
4678514758891848,U01,2021,Finnish,Water conservation / drought / demand management,Education / awareness,Water conservation / drought / demand management,Education / awareness,True,True,True
4935997486423858,U03,2021,Portuguese,Routine / institutional / customer service / other,Institutional promotion / community news,Routine / institutional / customer service / other,Institutional promotion / community news,True,True,True
4965448510198470,U01,2022,Finnish,Flood / stormwater / wastewater / sewer,Education / awareness,Flood / stormwater / wastewater / sewer,Education / awareness,True,True,True
3129527940404164,U03,2020,Portuguese,Environmental sustainability / waste / recycling / biodiversity,Education / awareness,Environmental sustainability / waste / recycling / biodiversity,Institutional promotion / community news,True,False,False
719217288154968,U01,2014,Finnish,Flood / stormwater / wastewater / sewer,Instruction / advice to public,Flood / stormwater / wastewater / sewer,Instruction / advice to public,True,True,True
10158760093526714,U10,2022,Swedish,Environmental sustainability / waste / recycling / biodiversity,Education / awareness,Environmental sustainability / waste / recycling / biodiversity,Education / awareness,True,True,True
693956389426125,U04,2023,Norwegian,Routine / institutional / customer service / other,Institutional promotion / community news,Water quality / safety / public health,Instruction / advice to public,False,False,False
3901208369902780,U03,2021,Portuguese,Environmental sustainability / waste / recycling / biodiversity,Education / awareness,Environmental sustainability / waste / recycling / biodiversity,Education / awareness,True,True,True
922334293245160,U02,2024,German,Flood / stormwater / wastewater / sewer,Institutional promotion / community news,Flood / stormwater / wastewater / sewer,Institutional promotion / community news,True,True,True
1327209591100032,U09,2022,Italian,Service disruption / repair / infrastructure,Alert / warning,Service disruption / repair / infrastructure,Alert / warning,True,True,True
10154510544746714,U10,2017,Swedish,Environmental sustainability / waste / recycling / biodiversity,Education / awareness,Environmental sustainability / waste / recycling / biodiversity,Education / awareness,True,True,True
341716842518635,U03,2012,Portuguese,Service disruption / repair / infrastructure,Alert / warning,Service disruption / repair / infrastructure,Operational update / resolution,True,False,False
5952492878107642,U03,2022,Portuguese,Public education / heritage / community engagement,Education / awareness,Water conservation / drought / demand management,Education / awareness,False,True,False
2877707475639261,U01,2020,Finnish,Flood / stormwater / wastewater / sewer,Education / awareness,Flood / stormwater / wastewater / sewer,Education / awareness,True,True,True
1253367803495588,U05,2025,German,Water quality / safety / public health,Education / awareness,Water quality / safety / public health,Reassurance / safety information,True,False,False
2351912011497851,U07,2019,Dutch,Public education / heritage / community engagement,Education / awareness,Water quality / safety / public health,Education / awareness,False,True,False
319642734726046,U03,2011,Portuguese,Routine / institutional / customer service / other,Institutional promotion / community news,Routine / institutional / customer service / other,Institutional promotion / community news,True,True,True
270350626321924,U03,2011,Portuguese,Service disruption / repair / infrastructure,Alert / warning,Service disruption / repair / infrastructure,Operational update / resolution,True,False,False
1042232606264400,U09,2021,Italian,Public education / heritage / community engagement,Institutional promotion / community news,Public education / heritage / community engagement,Institutional promotion / community news,True,True,True
1258856406243044,U10,2025,Swedish,Environmental sustainability / waste / recycling / biodiversity,Instruction / advice to public,Environmental sustainability / waste / recycling / biodiversity,Instruction / advice to public,True,True,True
1608892222520799,U01,2018,Finnish,Environmental sustainability / waste / recycling / biodiversity,Education / awareness,Environmental sustainability / waste / recycling / biodiversity,Instruction / advice to public,True,False,False
250139688441074,U03,2012,Portuguese,Public education / heritage / community engagement,Institutional promotion / community news,Public education / heritage / community engagement,Institutional promotion / community news,True,True,True
1602221016597639,U02,2020,German,Service disruption / repair / infrastructure,Alert / warning,Service disruption / repair / infrastructure,Institutional promotion / community news,True,False,False
10158380139986714,U10,2022,Swedish,Water conservation / drought / demand management,Instruction / advice to public,Water conservation / drought / demand management,Instruction / advice to public,True,True,True
1485384904818484,U03,2017,Dutch,Routine / institutional / customer service / other,Other / unclear,Routine / institutional / customer service / other,Other / unclear,True,True,True
767048698548518,U09,2023,Italian,Service disruption / repair / infrastructure,Alert / warning,Service disruption / repair / infrastructure,Alert / warning,True,True,True
740403672649948,U03,2014,Portuguese,Public education / heritage / community engagement,Education / awareness,Water conservation / drought / demand management,Education / awareness,False,True,False
1960716194241760,U12,2018,Finnish,Routine / institutional / customer service / other,Institutional promotion / community news,Routine / institutional / customer service / other,Institutional promotion / community news,True,True,True
3962872137069736,U03,2021,Portuguese,Routine / institutional / customer service / other,Institutional promotion / community news,Water quality / safety / public health,Institutional promotion / community news,False,True,False
2309900489033584,U03,2019,Portuguese,Public education / heritage / community engagement,Education / awareness,Water conservation / drought / demand management,Education / awareness,False,True,False
1530687463674609,U01,2017,Finnish,Routine / institutional / customer service / other,Institutional promotion / community news,Public education / heritage / community engagement,Institutional promotion / community news,False,True,False
2787478641275764,U03,2019,Portuguese,Routine / institutional / customer service / other,Institutional promotion / community news,Routine / institutional / customer service / other,Institutional promotion / community news,True,True,True
10155271477721714,U10,2018,Swedish,Routine / institutional / customer service / other,Instruction / advice to public,Water quality / safety / public health,Instruction / advice to public,False,True,False
1474576972618992,U01,2017,Finnish,Routine / institutional / customer service / other,Institutional promotion / community news,Routine / institutional / customer service / other,Institutional promotion / community news,True,True,True
897609775881955,U11,2024,Finnish,Routine / institutional / customer service / other,Institutional promotion / community news,Service disruption / repair / infrastructure,Institutional promotion / community news,False,True,False
826898294000485,U03,2014,Portuguese,Public education / heritage / community engagement,Institutional promotion / community news,Public education / heritage / community engagement,Institutional promotion / community news,True,True,True
760230770697560,U04,2014,Norwegian,Routine / institutional / customer service / other,Education / awareness,Service disruption / repair / infrastructure,Instruction / advice to public,False,False,False
2418546404835658,U03,2019,Portuguese,Public education / heritage / community engagement,Education / awareness,Public education / heritage / community engagement,Education / awareness,True,True,True
1542865095790179,U01,2017,Finnish,Environmental sustainability / waste / recycling / biodiversity,Institutional promotion / community news,Environmental sustainability / waste / recycling / biodiversity,Institutional promotion / community news,True,True,True
976537310932988,U09,2024,Italian,Public education / heritage / community engagement,Education / awareness,Public education / heritage / community engagement,Institutional promotion / community news,True,False,False
1122174317806213,U03,2016,Portuguese,Routine / institutional / customer service / other,Other / unclear,Public education / heritage / community engagement,Institutional promotion / community news,False,False,False
2829965893693705,U03,2019,Portuguese,Routine / institutional / customer service / other,Institutional promotion / community news,Routine / institutional / customer service / other,Institutional promotion / community news,True,True,True
1337865905008760,U10,2025,Swedish,Water conservation / drought / demand management,Instruction / advice to public,Water conservation / drought / demand management,Instruction / advice to public,True,True,True
2145377209108990,U12,2019,Finnish,Routine / institutional / customer service / other,Institutional promotion / community news,Routine / institutional / customer service / other,Institutional promotion / community news,True,True,True
1073931439426602,U02,2018,German,Routine / institutional / customer service / other,Institutional promotion / community news,Water conservation / drought / demand management,Institutional promotion / community news,False,True,False
